employee_code,department,work_mode,employment_type,grade_level,tenure_years,latest_rating,average_rating,performance_score,rating_change,total_skill_gaps,mandatory_gaps,avg_skill_gap,trainings_enrolled,trainings_completed,training_completion_rate,overtime_frequency,target_at_risk
EMP-SYNTH-0001,Engineering,OFFICE,PART_TIME,5,3.3,2,1.6,34.41,0.5,0,0,0.0,0,0,0.0,NONE,0
EMP-SYNTH-0002,Engineering,HYBRID,FULL_TIME,9,5.3,3,2.78,59.29,-0.5,5,3,1.02,2,0,0.0,OCCASIONAL,1
EMP-SYNTH-0003,Engineering,OFFICE,CONTRACT,2,4.6,3,2.76,50.63,0.0,4,0,2.92,6,0,0.0,FREQUENT,0
EMP-SYNTH-0004,Product & Design,HYBRID,FULL_TIME,2,1.0,3,2.79,51.6,-0.5,6,0,1.14,7,5,0.71,NONE,1
EMP-SYNTH-0005,Product & Design,REMOTE,FULL_TIME,5,8.6,4,3.57,72.75,0.5,5,1,0.49,6,2,0.33,FREQUENT,0
EMP-SYNTH-0006,Product & Design,OFFICE,FULL_TIME,1,9.8,3,2.57,55.53,0.5,5,2,0.64,7,6,0.86,FREQUENT,0
EMP-SYNTH-0007,Enterprise Sales,OFFICE,CONTRACT,3,3.3,3,2.76,56.05,0.5,3,2,0.66,2,2,1.0,OCCASIONAL,0
EMP-SYNTH-0008,Engineering,OFFICE,PART_TIME,3,9.6,3,2.56,50.02,0.0,4,2,2.91,0,0,0.0,FREQUENT,1
EMP-SYNTH-0009,Growth & Marketing,REMOTE,PART_TIME,6,1.8,3,2.95,63.54,1.0,2,2,2.29,8,1,0.12,FREQUENT,0
EMP-SYNTH-0010,Growth & Marketing,OFFICE,FULL_TIME,6,9.3,3,3.28,65.9,-1.0,4,2,1.47,1,1,1.0,OCCASIONAL,1
EMP-SYNTH-0011,Human Resources,OFFICE,FULL_TIME,10,11.4,2,1.99,35.49,0.5,6,1,0.39,7,2,0.29,OCCASIONAL,0
EMP-SYNTH-0012,Human Resources,HYBRID,PART_TIME,4,8.7,3,3.17,62.13,0.5,3,0,0.74,1,1,1.0,NONE,0
EMP-SYNTH-0013,Growth & Marketing,HYBRID,FULL_TIME,10,3.0,2,2.13,39.89,-1.0,6,2,0.21,3,2,0.67,FREQUENT,1
EMP-SYNTH-0014,Growth & Marketing,HYBRID,CONTRACT,4,9.5,4,3.69,69.77,0.0,2,1,1.23,0,0,0.0,NONE,0
EMP-SYNTH-0015,Enterprise Sales,HYBRID,CONTRACT,2,3.4,2,1.95,38.22,0.0,3,1,2.62,1,1,1.0,FREQUENT,1
EMP-SYNTH-0016,Growth & Marketing,OFFICE,FULL_TIME,4,2.4,3,2.71,53.21,-1.0,1,1,0.01,6,2,0.33,OCCASIONAL,0
EMP-SYNTH-0017,Product & Design,REMOTE,PART_TIME,9,8.1,3,2.69,50.98,-1.0,4,0,2.24,0,0,0.0,FREQUENT,0
EMP-SYNTH-0018,Growth & Marketing,OFFICE,FULL_TIME,9,1.4,2,2.1,43.75,-0.5,3,0,2.82,3,0,0.0,FREQUENT,1
EMP-SYNTH-0019,Engineering,REMOTE,PART_TIME,10,7.0,3,2.76,56.9,0.0,1,1,1.19,4,3,0.75,OCCASIONAL,0
EMP-SYNTH-0020,Engineering,REMOTE,PART_TIME,10,12.0,2,1.71,31.85,0.0,0,0,0.0,5,2,0.4,NONE,0
EMP-SYNTH-0021,Enterprise Sales,HYBRID,PART_TIME,5,7.5,5,5.0,95.08,0.5,2,2,0.31,2,1,0.5,NONE,0
EMP-SYNTH-0022,Human Resources,REMOTE,CONTRACT,10,2.9,3,3.19,67.33,0.5,3,2,2.72,0,0,0.0,FREQUENT,0
EMP-SYNTH-0023,Enterprise Sales,REMOTE,FULL_TIME,1,4.3,2,2.48,46.22,0.0,4,3,1.68,1,0,0.0,FREQUENT,1
EMP-SYNTH-0024,Product & Design,HYBRID,PART_TIME,3,5.4,1,1.0,24.33,-1.0,2,0,2.05,1,1,1.0,FREQUENT,1
EMP-SYNTH-0025,Enterprise Sales,HYBRID,PART_TIME,3,11.1,3,2.66,56.2,-0.5,3,0,0.54,5,3,0.6,FREQUENT,1
EMP-SYNTH-0026,Product & Design,OFFICE,PART_TIME,2,4.9,1,1.0,17.0,0.0,2,1,2.46,3,1,0.33,NONE,0
EMP-SYNTH-0027,Human Resources,REMOTE,CONTRACT,5,10.4,5,4.78,97.01,0.0,5,2,2.82,1,1,1.0,NONE,0
EMP-SYNTH-0028,Engineering,OFFICE,PART_TIME,7,4.5,4,3.94,83.64,-1.0,3,1,0.76,6,0,0.0,FREQUENT,0
EMP-SYNTH-0029,Growth & Marketing,HYBRID,PART_TIME,4,4.7,2,2.16,41.5,0.0,5,0,2.16,4,4,1.0,OCCASIONAL,0
EMP-SYNTH-0030,Product & Design,HYBRID,FULL_TIME,4,5.3,5,5.0,104.03,0.5,4,2,1.22,0,0,0.0,OCCASIONAL,0
EMP-SYNTH-0031,Human Resources,REMOTE,PART_TIME,10,8.0,3,2.94,55.94,0.0,6,1,1.98,4,4,1.0,FREQUENT,0
EMP-SYNTH-0032,Human Resources,HYBRID,CONTRACT,4,9.8,2,1.55,35.84,0.5,6,0,1.37,3,3,1.0,OCCASIONAL,0
EMP-SYNTH-0033,Enterprise Sales,OFFICE,FULL_TIME,1,10.8,4,4.39,90.58,-0.5,1,1,0.15,3,0,0.0,OCCASIONAL,1
EMP-SYNTH-0034,Growth & Marketing,HYBRID,PART_TIME,6,11.4,4,4.11,84.39,0.5,3,3,2.69,7,7,1.0,OCCASIONAL,0
EMP-SYNTH-0035,Human Resources,HYBRID,CONTRACT,9,6.1,3,2.94,60.94,-0.5,2,1,0.96,8,1,0.12,NONE,1
EMP-SYNTH-0036,Human Resources,HYBRID,FULL_TIME,2,5.3,3,2.97,55.02,0.0,3,0,2.57,6,3,0.5,NONE,0
EMP-SYNTH-0037,Product & Design,REMOTE,CONTRACT,7,6.7,4,4.3,89.98,0.0,1,1,1.31,0,0,0.0,OCCASIONAL,0
EMP-SYNTH-0038,Human Resources,REMOTE,FULL_TIME,10,6.6,5,5.0,101.63,-1.0,5,3,0.41,7,2,0.29,NONE,0
EMP-SYNTH-0039,Product & Design,REMOTE,CONTRACT,4,5.7,3,3.38,65.38,0.0,2,0,1.41,8,0,0.0,OCCASIONAL,0
EMP-SYNTH-0040,Engineering,OFFICE,FULL_TIME,4,10.2,4,3.74,74.54,-1.0,4,1,1.4,4,2,0.5,NONE,1
EMP-SYNTH-0041,Growth & Marketing,HYBRID,PART_TIME,2,9.4,2,1.81,36.99,0.0,4,3,1.19,3,0,0.0,FREQUENT,1
EMP-SYNTH-0042,Engineering,HYBRID,CONTRACT,10,9.8,4,4.07,76.81,0.5,3,2,0.21,5,0,0.0,OCCASIONAL,0
EMP-SYNTH-0043,Enterprise Sales,OFFICE,CONTRACT,6,7.8,4,4.21,83.55,1.0,4,2,1.85,8,7,0.88,OCCASIONAL,0
EMP-SYNTH-0044,Product & Design,REMOTE,FULL_TIME,2,3.7,3,3.25,65.7,1.0,3,2,0.09,5,1,0.2,OCCASIONAL,1
EMP-SYNTH-0045,Human Resources,REMOTE,CONTRACT,6,3.7,3,3.38,68.16,0.5,1,0,0.72,6,3,0.5,FREQUENT,0
EMP-SYNTH-0046,Enterprise Sales,REMOTE,FULL_TIME,2,3.9,3,2.74,56.44,0.0,3,2,1.28,8,5,0.62,OCCASIONAL,0
EMP-SYNTH-0047,Enterprise Sales,REMOTE,CONTRACT,5,3.2,4,3.82,78.83,1.0,1,0,0.65,7,4,0.57,FREQUENT,0
EMP-SYNTH-0048,Growth & Marketing,REMOTE,FULL_TIME,4,3.9,3,2.8,58.08,-0.5,2,0,2.92,8,4,0.5,FREQUENT,0
EMP-SYNTH-0049,Human Resources,HYBRID,CONTRACT,2,10.5,3,2.97,58.8,-0.5,0,0,0.0,7,1,0.14,NONE,0
EMP-SYNTH-0050,Engineering,OFFICE,FULL_TIME,10,11.4,2,1.75,35.58,0.0,4,1,2.33,6,3,0.5,OCCASIONAL,0
EMP-SYNTH-0051,Product & Design,HYBRID,CONTRACT,5,7.0,2,2.46,45.19,-0.5,5,1,0.79,1,0,0.0,NONE,1
EMP-SYNTH-0052,Engineering,REMOTE,CONTRACT,10,5.9,1,1.0,17.83,0.0,0,0,0.0,4,4,1.0,FREQUENT,1
EMP-SYNTH-0053,Human Resources,REMOTE,FULL_TIME,9,3.1,2,1.77,31.82,-1.0,1,1,1.79,4,3,0.75,NONE,0
EMP-SYNTH-0054,Enterprise Sales,REMOTE,PART_TIME,9,6.2,2,1.54,30.12,0.0,4,2,0.08,3,0,0.0,FREQUENT,1
EMP-SYNTH-0055,Product & Design,HYBRID,FULL_TIME,3,5.9,4,4.42,85.21,0.5,3,3,2.91,7,5,0.71,OCCASIONAL,0
EMP-SYNTH-0056,Human Resources,REMOTE,CONTRACT,8,3.8,5,5.0,100.5,0.0,0,0,0.0,4,2,0.5,NONE,0
EMP-SYNTH-0057,Enterprise Sales,HYBRID,FULL_TIME,9,5.8,2,2.02,41.63,0.0,5,3,2.28,3,2,0.67,FREQUENT,1
EMP-SYNTH-0058,Enterprise Sales,OFFICE,FULL_TIME,10,9.7,4,3.81,71.34,0.0,0,0,0.0,1,1,1.0,NONE,0
EMP-SYNTH-0059,Human Resources,REMOTE,PART_TIME,5,6.4,3,3.33,71.4,-0.5,3,1,1.15,8,2,0.25,NONE,0
EMP-SYNTH-0060,Enterprise Sales,REMOTE,PART_TIME,5,9.9,3,2.8,56.87,1.0,3,1,1.34,7,5,0.71,OCCASIONAL,0
EMP-SYNTH-0061,Growth & Marketing,HYBRID,CONTRACT,8,11.2,4,4.48,86.99,0.0,1,1,0.13,7,6,0.86,OCCASIONAL,0
EMP-SYNTH-0062,Human Resources,REMOTE,FULL_TIME,3,6.3,3,3.37,71.14,0.0,0,0,0.0,0,0,0.0,OCCASIONAL,0
EMP-SYNTH-0063,Human Resources,OFFICE,CONTRACT,5,4.4,4,4.15,86.52,1.0,6,3,2.86,7,0,0.0,FREQUENT,1
EMP-SYNTH-0064,Product & Design,OFFICE,PART_TIME,2,5.5,2,2.13,46.33,0.0,1,1,2.71,0,0,0.0,NONE,1
EMP-SYNTH-0065,Product & Design,REMOTE,CONTRACT,7,2.2,3,3.07,64.33,-0.5,1,0,1.83,6,4,0.67,FREQUENT,0
EMP-SYNTH-0066,Human Resources,OFFICE,CONTRACT,5,5.8,4,4.4,87.65,0.0,5,1,0.22,5,4,0.8,OCCASIONAL,0
EMP-SYNTH-0067,Enterprise Sales,HYBRID,CONTRACT,8,10.2,2,1.88,37.43,-0.5,3,2,1.72,4,0,0.0,FREQUENT,1
EMP-SYNTH-0068,Engineering,HYBRID,PART_TIME,8,10.1,5,5.0,97.3,0.0,1,0,1.86,2,2,1.0,NONE,0
EMP-SYNTH-0069,Engineering,REMOTE,CONTRACT,1,7.2,4,3.59,69.75,1.0,3,1,0.6,8,5,0.62,FREQUENT,0
EMP-SYNTH-0070,Human Resources,REMOTE,CONTRACT,5,9.1,3,2.62,57.03,-0.5,6,1,2.58,6,6,1.0,FREQUENT,1
EMP-SYNTH-0071,Product & Design,OFFICE,CONTRACT,1,3.5,2,1.87,39.89,0.0,4,3,2.47,5,0,0.0,FREQUENT,1
EMP-SYNTH-0072,Growth & Marketing,REMOTE,PART_TIME,4,7.9,4,3.96,81.21,1.0,3,0,0.42,0,0,0.0,OCCASIONAL,0
EMP-SYNTH-0073,Engineering,OFFICE,FULL_TIME,9,2.1,3,3.17,65.83,0.5,3,1,2.66,1,1,1.0,FREQUENT,0
EMP-SYNTH-0074,Engineering,HYBRID,CONTRACT,4,5.6,5,5.0,95.99,1.0,2,2,2.71,5,0,0.0,OCCASIONAL,1
EMP-SYNTH-0075,Product & Design,OFFICE,FULL_TIME,8,1.6,3,3.14,67.51,-1.0,6,2,0.73,2,2,1.0,NONE,1
EMP-SYNTH-0076,Human Resources,HYBRID,FULL_TIME,4,4.3,2,2.4,43.03,-0.5,1,1,2.4,1,0,0.0,NONE,1
EMP-SYNTH-0077,Engineering,REMOTE,FULL_TIME,10,4.2,2,1.55,33.42,0.5,0,0,0.0,7,7,1.0,OCCASIONAL,0
EMP-SYNTH-0078,Growth & Marketing,OFFICE,PART_TIME,1,8.9,5,5.0,98.02,1.0,0,0,0.0,7,6,0.86,OCCASIONAL,0
EMP-SYNTH-0079,Engineering,REMOTE,PART_TIME,8,1.3,2,2.11,37.86,0.0,4,2,1.14,8,4,0.5,OCCASIONAL,0
EMP-SYNTH-0080,Engineering,HYBRID,PART_TIME,9,8.8,3,2.95,56.28,0.0,6,3,1.2,1,1,1.0,OCCASIONAL,0
EMP-SYNTH-0081,Product & Design,HYBRID,CONTRACT,6,11.5,4,3.97,75.31,-1.0,0,0,0.0,1,1,1.0,NONE,0
EMP-SYNTH-0082,Growth & Marketing,HYBRID,CONTRACT,2,5.2,4,4.44,88.03,1.0,0,0,0.0,4,2,0.5,NONE,0
EMP-SYNTH-0083,Growth & Marketing,HYBRID,FULL_TIME,3,8.1,3,2.61,55.65,0.0,0,0,0.0,3,3,1.0,FREQUENT,0
EMP-SYNTH-0084,Growth & Marketing,HYBRID,PART_TIME,9,0.8,5,5.0,97.67,-0.5,2,2,2.29,5,2,0.4,NONE,0
EMP-SYNTH-0085,Human Resources,OFFICE,PART_TIME,7,1.3,4,4.47,85.32,0.5,1,1,1.26,5,1,0.2,OCCASIONAL,0
EMP-SYNTH-0086,Growth & Marketing,HYBRID,FULL_TIME,1,2.3,4,3.55,66.82,0.0,5,3,1.46,7,6,0.86,OCCASIONAL,0
EMP-SYNTH-0087,Human Resources,HYBRID,FULL_TIME,6,5.4,3,3.18,63.47,1.0,2,0,0.66,0,0,0.0,NONE,0
EMP-SYNTH-0088,Human Resources,REMOTE,CONTRACT,6,1.9,3,2.93,54.89,0.5,5,1,1.5,5,0,0.0,OCCASIONAL,0
EMP-SYNTH-0089,Engineering,REMOTE,FULL_TIME,8,11.1,4,4.08,82.33,1.0,5,3,0.87,6,0,0.0,OCCASIONAL,1
EMP-SYNTH-0090,Enterprise Sales,HYBRID,CONTRACT,2,5.5,2,1.94,37.8,-1.0,3,2,2.24,3,2,0.67,NONE,1
EMP-SYNTH-0091,Engineering,HYBRID,PART_TIME,2,6.6,2,2.28,44.11,1.0,6,1,0.71,2,1,0.5,NONE,0
EMP-SYNTH-0092,Engineering,OFFICE,PART_TIME,8,5.8,3,3.08,63.41,0.5,5,2,2.59,5,1,0.2,OCCASIONAL,1
EMP-SYNTH-0093,Engineering,REMOTE,CONTRACT,5,9.7,3,2.85,52.74,0.0,3,0,0.17,4,0,0.0,FREQUENT,0
EMP-SYNTH-0094,Growth & Marketing,HYBRID,PART_TIME,7,5.8,3,3.29,69.76,0.0,6,1,0.96,7,2,0.29,NONE,0
EMP-SYNTH-0095,Enterprise Sales,OFFICE,CONTRACT,2,6.3,2,1.75,34.38,0.0,4,1,1.09,4,3,0.75,OCCASIONAL,0
EMP-SYNTH-0096,Engineering,HYBRID,PART_TIME,6,1.3,2,2.18,41.44,1.0,6,1,1.0,2,1,0.5,OCCASIONAL,0
EMP-SYNTH-0097,Enterprise Sales,OFFICE,PART_TIME,2,4.1,3,3.29,68.93,1.0,5,0,1.94,6,4,0.67,OCCASIONAL,0
EMP-SYNTH-0098,Human Resources,REMOTE,CONTRACT,4,3.1,2,1.58,35.04,-1.0,4,0,1.99,2,2,1.0,OCCASIONAL,0
EMP-SYNTH-0099,Human Resources,OFFICE,FULL_TIME,10,9.8,2,1.94,37.91,1.0,5,1,2.91,4,3,0.75,NONE,0
EMP-SYNTH-0100,Enterprise Sales,OFFICE,CONTRACT,10,11.8,3,2.78,54.42,0.5,3,1,2.45,2,1,0.5,NONE,0
EMP-SYNTH-0101,Enterprise Sales,REMOTE,PART_TIME,2,8.7,3,2.62,48.24,-0.5,2,1,2.72,2,1,0.5,NONE,1
EMP-SYNTH-0102,Enterprise Sales,REMOTE,FULL_TIME,7,1.1,3,2.74,59.75,0.0,1,0,0.96,1,1,1.0,NONE,0
EMP-SYNTH-0103,Human Resources,OFFICE,CONTRACT,8,8.5,2,2.21,43.69,-1.0,0,0,0.0,4,1,0.25,NONE,0
EMP-SYNTH-0104,Growth & Marketing,REMOTE,FULL_TIME,5,3.2,2,1.74,36.19,0.5,3,0,0.33,7,0,0.0,FREQUENT,0
EMP-SYNTH-0105,Growth & Marketing,HYBRID,FULL_TIME,3,3.8,1,1.0,20.71,-0.5,5,0,1.57,5,0,0.0,FREQUENT,1
EMP-SYNTH-0106,Growth & Marketing,HYBRID,FULL_TIME,7,10.5,1,1.0,18.73,1.0,0,0,0.0,1,1,1.0,NONE,0
EMP-SYNTH-0107,Engineering,HYBRID,PART_TIME,6,2.0,3,2.84,58.23,1.0,3,3,1.9,2,0,0.0,FREQUENT,1
EMP-SYNTH-0108,Product & Design,OFFICE,FULL_TIME,4,10.7,3,2.81,55.18,0.5,3,2,0.11,3,2,0.67,OCCASIONAL,0
EMP-SYNTH-0109,Engineering,HYBRID,CONTRACT,5,1.9,3,3.39,70.23,0.0,2,0,1.49,7,5,0.71,FREQUENT,0
EMP-SYNTH-0110,Enterprise Sales,OFFICE,CONTRACT,10,11.9,2,1.79,31.83,0.0,5,2,0.92,6,1,0.17,FREQUENT,1
EMP-SYNTH-0111,Enterprise Sales,REMOTE,CONTRACT,1,8.9,5,5.0,99.35,1.0,6,0,0.23,6,2,0.33,FREQUENT,0
EMP-SYNTH-0112,Engineering,OFFICE,PART_TIME,8,0.9,2,2.28,44.26,0.0,4,0,1.82,7,5,0.71,OCCASIONAL,0
EMP-SYNTH-0113,Enterprise Sales,OFFICE,PART_TIME,3,6.6,3,3.15,60.5,-1.0,0,0,0.0,7,6,0.86,FREQUENT,1
EMP-SYNTH-0114,Enterprise Sales,OFFICE,PART_TIME,5,8.5,5,4.7,90.36,-1.0,3,1,2.7,7,1,0.14,FREQUENT,1
EMP-SYNTH-0115,Product & Design,HYBRID,CONTRACT,2,6.8,3,2.8,52.58,1.0,5,1,2.38,8,3,0.38,NONE,0
EMP-SYNTH-0116,Human Resources,REMOTE,FULL_TIME,6,6.9,3,3.3,66.52,0.5,0,0,0.0,4,3,0.75,FREQUENT,0
EMP-SYNTH-0117,Enterprise Sales,HYBRID,CONTRACT,7,10.0,2,2.47,50.82,0.0,3,2,0.39,8,2,0.25,NONE,0
EMP-SYNTH-0118,Engineering,OFFICE,PART_TIME,3,4.0,2,2.43,45.85,0.5,2,0,0.75,8,4,0.5,NONE,0
EMP-SYNTH-0119,Product & Design,HYBRID,PART_TIME,2,6.3,2,2.44,45.34,1.0,4,2,2.53,0,0,0.0,NONE,1
EMP-SYNTH-0120,Growth & Marketing,REMOTE,PART_TIME,4,9.3,3,3.14,62.78,1.0,4,2,1.93,4,3,0.75,NONE,0
EMP-SYNTH-0121,Enterprise Sales,REMOTE,CONTRACT,2,8.4,2,1.92,38.04,0.0,4,1,0.94,5,5,1.0,OCCASIONAL,0
EMP-SYNTH-0122,Product & Design,HYBRID,PART_TIME,2,4.2,3,2.77,52.88,-1.0,0,0,0.0,6,6,1.0,FREQUENT,0
EMP-SYNTH-0123,Enterprise Sales,OFFICE,FULL_TIME,6,11.2,4,3.69,70.39,0.5,3,3,2.64,7,0,0.0,NONE,1
EMP-SYNTH-0124,Human Resources,OFFICE,PART_TIME,6,1.1,3,3.1,65.43,1.0,3,2,1.61,1,1,1.0,NONE,0
EMP-SYNTH-0125,Product & Design,HYBRID,CONTRACT,7,4.7,3,3.07,58.35,0.5,2,0,1.16,7,4,0.57,FREQUENT,0
EMP-SYNTH-0126,Engineering,REMOTE,CONTRACT,6,6.9,3,2.64,53.82,0.0,4,0,0.14,2,2,1.0,OCCASIONAL,0
EMP-SYNTH-0127,Enterprise Sales,HYBRID,CONTRACT,3,7.5,3,2.83,57.73,-0.5,3,2,1.78,8,8,1.0,FREQUENT,0
EMP-SYNTH-0128,Enterprise Sales,OFFICE,CONTRACT,6,8.2,5,5.0,102.97,1.0,6,0,1.79,4,4,1.0,FREQUENT,0
EMP-SYNTH-0129,Human Resources,HYBRID,FULL_TIME,10,6.0,3,3.22,67.15,0.0,1,0,0.09,1,0,0.0,NONE,0
EMP-SYNTH-0130,Enterprise Sales,HYBRID,FULL_TIME,7,6.3,4,3.97,82.88,1.0,0,0,0.0,8,3,0.38,FREQUENT,0
EMP-SYNTH-0131,Product & Design,HYBRID,CONTRACT,9,4.8,5,4.96,99.53,0.5,2,2,2.32,4,4,1.0,OCCASIONAL,0
EMP-SYNTH-0132,Growth & Marketing,REMOTE,FULL_TIME,5,9.4,4,4.19,83.69,0.0,2,2,2.8,4,2,0.5,NONE,0
EMP-SYNTH-0133,Growth & Marketing,HYBRID,PART_TIME,7,10.8,3,2.85,59.73,-0.5,2,0,0.86,1,1,1.0,OCCASIONAL,0
EMP-SYNTH-0134,Human Resources,OFFICE,PART_TIME,5,11.2,4,3.64,73.96,0.5,1,0,0.15,8,3,0.38,FREQUENT,0
EMP-SYNTH-0135,Human Resources,OFFICE,FULL_TIME,7,4.3,3,3.18,59.97,0.5,1,1,1.96,7,7,1.0,FREQUENT,0
EMP-SYNTH-0136,Product & Design,REMOTE,PART_TIME,1,10.9,2,2.07,41.75,1.0,6,0,2.74,2,1,0.5,NONE,1
EMP-SYNTH-0137,Engineering,REMOTE,CONTRACT,3,11.3,5,5.0,103.77,-1.0,2,2,1.81,5,2,0.4,OCCASIONAL,1
EMP-SYNTH-0138,Enterprise Sales,OFFICE,PART_TIME,8,3.6,4,3.83,78.91,1.0,2,2,0.56,5,2,0.4,FREQUENT,0
EMP-SYNTH-0139,Human Resources,OFFICE,PART_TIME,7,10.0,3,2.59,53.49,-0.5,1,1,0.97,3,0,0.0,OCCASIONAL,1
EMP-SYNTH-0140,Product & Design,REMOTE,CONTRACT,10,8.8,1,1.15,24.93,-1.0,5,0,1.4,2,1,0.5,FREQUENT,1
EMP-SYNTH-0141,Growth & Marketing,HYBRID,CONTRACT,2,7.8,5,4.87,94.61,-0.5,3,1,1.36,5,3,0.6,FREQUENT,0
EMP-SYNTH-0142,Growth & Marketing,HYBRID,FULL_TIME,4,8.3,3,3.29,66.06,0.5,5,2,0.23,1,0,0.0,FREQUENT,0
EMP-SYNTH-0143,Growth & Marketing,OFFICE,PART_TIME,9,2.2,3,3.02,56.56,-0.5,5,3,0.27,8,7,0.88,NONE,0
EMP-SYNTH-0144,Enterprise Sales,HYBRID,FULL_TIME,9,5.8,4,4.22,83.36,-1.0,5,1,1.73,0,0,0.0,OCCASIONAL,1
EMP-SYNTH-0145,Engineering,HYBRID,FULL_TIME,2,11.8,3,2.79,52.6,-0.5,6,3,1.12,6,3,0.5,OCCASIONAL,0
EMP-SYNTH-0146,Growth & Marketing,OFFICE,PART_TIME,6,1.9,5,4.89,94.07,-0.5,6,0,2.27,4,3,0.75,FREQUENT,1
EMP-SYNTH-0147,Growth & Marketing,REMOTE,PART_TIME,7,10.0,3,2.85,54.76,1.0,6,0,0.1,6,4,0.67,NONE,0
EMP-SYNTH-0148,Growth & Marketing,OFFICE,CONTRACT,10,8.2,4,3.74,70.24,0.0,1,0,2.26,0,0,0.0,FREQUENT,0
EMP-SYNTH-0149,Product & Design,OFFICE,PART_TIME,10,4.2,3,3.17,61.61,0.0,1,0,1.24,4,0,0.0,FREQUENT,1
EMP-SYNTH-0150,Human Resources,HYBRID,PART_TIME,7,6.9,1,1.0,21.43,0.0,6,2,2.09,6,1,0.17,OCCASIONAL,1
EMP-SYNTH-0151,Enterprise Sales,OFFICE,PART_TIME,8,3.3,3,3.36,63.64,0.0,0,0,0.0,6,4,0.67,FREQUENT,0
EMP-SYNTH-0152,Human Resources,REMOTE,PART_TIME,2,11.1,4,3.59,74.05,-0.5,0,0,0.0,6,5,0.83,FREQUENT,1
EMP-SYNTH-0153,Growth & Marketing,OFFICE,FULL_TIME,4,9.8,3,3.17,60.57,-0.5,6,2,0.91,0,0,0.0,NONE,1
EMP-SYNTH-0154,Enterprise Sales,OFFICE,PART_TIME,10,8.6,3,2.74,53.02,0.0,3,3,1.6,5,2,0.4,OCCASIONAL,0
EMP-SYNTH-0155,Product & Design,HYBRID,CONTRACT,8,1.6,5,4.97,102.8,-0.5,2,1,1.24,3,1,0.33,NONE,0
EMP-SYNTH-0156,Growth & Marketing,HYBRID,CONTRACT,5,2.3,3,2.88,60.93,0.0,4,2,0.77,7,7,1.0,OCCASIONAL,1
EMP-SYNTH-0157,Human Resources,HYBRID,CONTRACT,3,2.1,3,2.68,57.49,1.0,0,0,0.0,1,0,0.0,NONE,0
EMP-SYNTH-0158,Human Resources,OFFICE,PART_TIME,3,0.6,3,2.87,58.58,1.0,4,3,1.98,0,0,0.0,FREQUENT,1
EMP-SYNTH-0159,Growth & Marketing,REMOTE,FULL_TIME,1,6.6,3,3.48,64.77,1.0,5,3,2.42,2,0,0.0,NONE,0
EMP-SYNTH-0160,Growth & Marketing,HYBRID,CONTRACT,6,3.6,3,2.87,56.46,0.5,1,0,0.9,1,0,0.0,NONE,0
EMP-SYNTH-0161,Enterprise Sales,REMOTE,CONTRACT,9,6.0,4,4.2,79.83,0.0,5,2,1.7,1,0,0.0,NONE,0
EMP-SYNTH-0162,Growth & Marketing,REMOTE,CONTRACT,1,11.1,4,3.78,76.03,1.0,0,0,0.0,5,0,0.0,NONE,0
EMP-SYNTH-0163,Growth & Marketing,OFFICE,PART_TIME,7,11.2,3,3.06,61.87,0.0,5,2,1.15,2,2,1.0,FREQUENT,0
EMP-SYNTH-0164,Product & Design,OFFICE,FULL_TIME,7,3.2,2,2.11,43.34,0.5,3,2,0.09,4,3,0.75,OCCASIONAL,1
EMP-SYNTH-0165,Human Resources,REMOTE,PART_TIME,7,5.5,4,4.16,79.06,0.5,2,0,2.14,1,1,1.0,NONE,0
EMP-SYNTH-0166,Human Resources,HYBRID,CONTRACT,6,4.6,2,2.44,48.25,0.0,0,0,0.0,1,0,0.0,OCCASIONAL,0
EMP-SYNTH-0167,Enterprise Sales,HYBRID,PART_TIME,9,5.2,1,1.0,15.93,0.5,6,2,2.59,0,0,0.0,OCCASIONAL,1
EMP-SYNTH-0168,Growth & Marketing,OFFICE,PART_TIME,9,2.5,3,2.64,50.81,0.0,1,0,0.5,4,3,0.75,OCCASIONAL,0
EMP-SYNTH-0169,Enterprise Sales,OFFICE,CONTRACT,5,11.4,4,4.0,81.17,0.0,0,0,0.0,4,0,0.0,OCCASIONAL,0
EMP-SYNTH-0170,Product & Design,REMOTE,CONTRACT,7,9.9,4,4.47,85.76,0.0,4,1,1.44,2,1,0.5,OCCASIONAL,0
EMP-SYNTH-0171,Product & Design,HYBRID,PART_TIME,8,11.6,4,3.83,74.4,0.0,2,0,2.8,3,1,0.33,FREQUENT,0
EMP-SYNTH-0172,Enterprise Sales,HYBRID,FULL_TIME,8,9.7,4,3.57,74.88,0.0,5,3,0.42,4,1,0.25,OCCASIONAL,0
EMP-SYNTH-0173,Human Resources,HYBRID,CONTRACT,7,1.4,5,4.98,98.61,0.5,6,3,1.63,5,5,1.0,FREQUENT,0
EMP-SYNTH-0174,Engineering,OFFICE,PART_TIME,6,2.4,4,4.06,82.65,1.0,3,2,2.9,6,0,0.0,NONE,0
EMP-SYNTH-0175,Engineering,REMOTE,FULL_TIME,9,9.1,3,3.19,61.01,0.0,3,3,2.32,8,2,0.25,OCCASIONAL,1
EMP-SYNTH-0176,Product & Design,REMOTE,FULL_TIME,2,10.1,4,3.85,75.43,-0.5,4,3,1.04,1,1,1.0,FREQUENT,1
EMP-SYNTH-0177,Enterprise Sales,REMOTE,FULL_TIME,5,1.0,4,3.52,68.83,-1.0,5,1,2.79,3,1,0.33,FREQUENT,1
EMP-SYNTH-0178,Enterprise Sales,OFFICE,CONTRACT,3,2.6,4,3.9,80.37,-0.5,3,3,1.17,3,1,0.33,OCCASIONAL,0
EMP-SYNTH-0179,Engineering,HYBRID,FULL_TIME,9,2.7,3,2.96,56.82,0.0,4,2,1.79,6,4,0.67,NONE,0
EMP-SYNTH-0180,Growth & Marketing,OFFICE,PART_TIME,5,11.1,3,3.17,61.53,-0.5,2,0,0.55,2,2,1.0,OCCASIONAL,1
EMP-SYNTH-0181,Enterprise Sales,HYBRID,FULL_TIME,10,4.9,2,2.14,44.73,1.0,1,0,1.47,2,0,0.0,OCCASIONAL,0
EMP-SYNTH-0182,Product & Design,OFFICE,CONTRACT,3,2.7,3,3.06,62.73,0.0,5,3,1.25,7,7,1.0,NONE,0
EMP-SYNTH-0183,Engineering,HYBRID,FULL_TIME,4,3.9,3,3.04,57.48,0.0,4,3,1.65,1,0,0.0,OCCASIONAL,1
EMP-SYNTH-0184,Product & Design,HYBRID,FULL_TIME,8,6.8,5,4.6,95.3,-0.5,2,0,1.35,5,0,0.0,OCCASIONAL,0
EMP-SYNTH-0185,Engineering,OFFICE,FULL_TIME,10,8.4,4,4.11,81.48,0.5,1,0,2.44,0,0,0.0,FREQUENT,0
EMP-SYNTH-0186,Product & Design,HYBRID,CONTRACT,5,7.1,5,5.0,104.0,-1.0,1,1,2.76,4,1,0.25,FREQUENT,1
EMP-SYNTH-0187,Human Resources,OFFICE,FULL_TIME,6,10.0,4,4.18,83.49,0.5,5,2,1.88,6,3,0.5,NONE,0
EMP-SYNTH-0188,Engineering,REMOTE,PART_TIME,5,8.5,4,3.95,78.88,0.5,0,0,0.0,7,5,0.71,NONE,0
EMP-SYNTH-0189,Growth & Marketing,REMOTE,FULL_TIME,7,10.0,3,2.82,54.24,0.5,4,1,1.7,7,5,0.71,FREQUENT,0
EMP-SYNTH-0190,Enterprise Sales,OFFICE,FULL_TIME,3,5.6,1,1.46,26.22,1.0,1,1,0.48,4,0,0.0,FREQUENT,1
EMP-SYNTH-0191,Product & Design,REMOTE,FULL_TIME,6,8.1,4,3.55,72.26,1.0,5,1,1.29,1,0,0.0,NONE,0
EMP-SYNTH-0192,Growth & Marketing,OFFICE,PART_TIME,8,0.6,4,4.32,91.28,0.0,5,1,1.43,3,3,1.0,NONE,0
EMP-SYNTH-0193,Engineering,OFFICE,CONTRACT,6,10.6,2,2.27,47.93,-0.5,5,1,0.21,0,0,0.0,OCCASIONAL,1
EMP-SYNTH-0194,Human Resources,REMOTE,PART_TIME,8,10.4,2,1.6,34.52,0.5,5,3,1.05,6,2,0.33,NONE,1
EMP-SYNTH-0195,Human Resources,REMOTE,PART_TIME,2,3.4,4,4.22,82.25,1.0,0,0,0.0,3,1,0.33,FREQUENT,0
EMP-SYNTH-0196,Human Resources,REMOTE,CONTRACT,2,3.3,4,3.57,75.29,-1.0,2,1,0.4,6,2,0.33,FREQUENT,1
EMP-SYNTH-0197,Human Resources,REMOTE,FULL_TIME,1,7.3,1,1.0,24.23,0.0,4,2,1.89,8,6,0.75,OCCASIONAL,0
EMP-SYNTH-0198,Growth & Marketing,HYBRID,PART_TIME,3,3.7,3,3.01,57.23,-0.5,4,2,1.17,1,1,1.0,FREQUENT,0
EMP-SYNTH-0199,Enterprise Sales,HYBRID,FULL_TIME,1,3.3,5,4.62,93.52,-1.0,2,2,2.23,2,0,0.0,NONE,0
EMP-SYNTH-0200,Human Resources,REMOTE,CONTRACT,9,6.4,4,3.76,73.92,1.0,6,2,2.2,1,0,0.0,OCCASIONAL,0
EMP-SYNTH-0201,Enterprise Sales,REMOTE,PART_TIME,2,3.5,5,5.0,99.96,0.5,2,0,1.5,2,1,0.5,NONE,0
EMP-SYNTH-0202,Growth & Marketing,HYBRID,PART_TIME,2,3.1,3,2.54,54.43,-0.5,0,0,0.0,5,3,0.6,NONE,0
EMP-SYNTH-0203,Human Resources,OFFICE,PART_TIME,7,3.1,3,3.42,66.6,-1.0,4,2,0.36,0,0,0.0,NONE,1
EMP-SYNTH-0204,Enterprise Sales,OFFICE,CONTRACT,5,9.4,3,2.59,51.37,0.0,1,1,1.69,4,4,1.0,NONE,0
EMP-SYNTH-0205,Enterprise Sales,REMOTE,PART_TIME,8,12.0,4,4.23,85.07,-0.5,1,0,2.8,0,0,0.0,FREQUENT,0
EMP-SYNTH-0206,Engineering,REMOTE,FULL_TIME,7,10.3,4,3.6,72.3,-0.5,3,3,2.88,2,2,1.0,OCCASIONAL,1
EMP-SYNTH-0207,Engineering,OFFICE,FULL_TIME,9,5.3,4,3.96,81.68,0.5,0,0,0.0,6,0,0.0,FREQUENT,0
EMP-SYNTH-0208,Human Resources,OFFICE,CONTRACT,5,10.3,5,4.89,101.12,0.0,2,1,0.82,1,0,0.0,NONE,0
EMP-SYNTH-0209,Growth & Marketing,OFFICE,FULL_TIME,2,2.4,3,2.91,58.56,-0.5,3,2,1.39,1,0,0.0,NONE,1
EMP-SYNTH-0210,Growth & Marketing,OFFICE,FULL_TIME,6,2.2,4,4.47,88.36,-1.0,5,2,0.78,2,0,0.0,OCCASIONAL,0
EMP-SYNTH-0211,Enterprise Sales,HYBRID,PART_TIME,9,3.4,3,3.3,62.4,-1.0,0,0,0.0,2,0,0.0,OCCASIONAL,0
EMP-SYNTH-0212,Engineering,HYBRID,PART_TIME,5,11.1,2,2.5,46.98,1.0,3,1,0.28,5,0,0.0,NONE,1
EMP-SYNTH-0213,Enterprise Sales,OFFICE,FULL_TIME,10,5.5,4,4.0,78.83,0.0,1,1,0.64,2,1,0.5,OCCASIONAL,0
EMP-SYNTH-0214,Growth & Marketing,HYBRID,PART_TIME,4,7.9,3,3.38,67.39,-1.0,2,1,0.41,3,1,0.33,FREQUENT,0
EMP-SYNTH-0215,Growth & Marketing,OFFICE,CONTRACT,6,6.0,4,3.84,77.46,0.0,3,2,0.54,5,4,0.8,NONE,0
EMP-SYNTH-0216,Product & Design,OFFICE,CONTRACT,9,4.6,3,2.73,51.2,-0.5,5,1,0.8,0,0,0.0,FREQUENT,1
EMP-SYNTH-0217,Enterprise Sales,REMOTE,FULL_TIME,3,3.2,3,3.24,63.39,0.5,0,0,0.0,2,2,1.0,NONE,0
EMP-SYNTH-0218,Enterprise Sales,HYBRID,CONTRACT,3,6.1,2,1.73,31.79,0.5,3,0,1.0,3,1,0.33,OCCASIONAL,0
EMP-SYNTH-0219,Human Resources,REMOTE,FULL_TIME,1,2.2,4,3.64,68.91,0.5,6,2,2.88,5,5,1.0,FREQUENT,0
EMP-SYNTH-0220,Product & Design,REMOTE,FULL_TIME,3,8.9,3,3.14,62.67,0.0,1,1,0.67,2,1,0.5,OCCASIONAL,0
EMP-SYNTH-0221,Product & Design,OFFICE,FULL_TIME,1,11.4,5,4.89,102.74,0.5,0,0,0.0,5,4,0.8,NONE,0
EMP-SYNTH-0222,Enterprise Sales,OFFICE,CONTRACT,2,3.2,5,4.67,97.25,-1.0,6,2,1.34,4,1,0.25,NONE,0
EMP-SYNTH-0223,Engineering,REMOTE,CONTRACT,2,8.8,1,1.0,19.2,-0.5,3,3,2.65,5,4,0.8,OCCASIONAL,1
EMP-SYNTH-0224,Growth & Marketing,HYBRID,PART_TIME,4,2.4,2,2.35,44.95,0.0,2,0,0.22,2,1,0.5,NONE,0
EMP-SYNTH-0225,Engineering,HYBRID,FULL_TIME,6,7.3,4,3.98,74.91,1.0,1,1,0.47,1,1,1.0,NONE,0
EMP-SYNTH-0226,Growth & Marketing,HYBRID,PART_TIME,9,3.6,3,2.74,50.3,0.5,4,3,0.46,5,0,0.0,OCCASIONAL,0
EMP-SYNTH-0227,Engineering,REMOTE,PART_TIME,10,6.0,2,1.71,35.58,-1.0,3,0,0.93,6,3,0.5,OCCASIONAL,1
EMP-SYNTH-0228,Growth & Marketing,REMOTE,FULL_TIME,6,10.7,3,2.95,56.63,0.0,2,0,2.51,0,0,0.0,FREQUENT,0
EMP-SYNTH-0229,Engineering,OFFICE,PART_TIME,6,9.8,3,3.26,62.48,-1.0,6,3,2.46,6,4,0.67,FREQUENT,1
EMP-SYNTH-0230,Human Resources,REMOTE,CONTRACT,2,5.0,4,3.53,71.31,0.5,6,1,0.36,7,2,0.29,NONE,0
EMP-SYNTH-0231,Human Resources,OFFICE,FULL_TIME,1,5.4,5,4.94,103.77,1.0,1,1,0.96,1,0,0.0,OCCASIONAL,0
EMP-SYNTH-0232,Product & Design,HYBRID,CONTRACT,1,9.5,4,4.02,79.6,0.0,1,0,1.7,1,0,0.0,FREQUENT,0
EMP-SYNTH-0233,Engineering,REMOTE,PART_TIME,6,10.6,3,3.15,63.72,0.0,0,0,0.0,4,3,0.75,NONE,0
EMP-SYNTH-0234,Enterprise Sales,OFFICE,CONTRACT,6,8.4,1,1.0,17.69,0.0,0,0,0.0,4,2,0.5,OCCASIONAL,0
EMP-SYNTH-0235,Enterprise Sales,HYBRID,PART_TIME,2,11.7,3,2.8,58.44,0.0,2,2,1.25,1,0,0.0,OCCASIONAL,1
EMP-SYNTH-0236,Enterprise Sales,HYBRID,CONTRACT,1,6.4,2,1.81,36.27,-0.5,6,0,0.52,3,0,0.0,NONE,1
EMP-SYNTH-0237,Engineering,REMOTE,FULL_TIME,6,8.6,3,3.32,66.45,1.0,0,0,0.0,3,2,0.67,OCCASIONAL,0
EMP-SYNTH-0238,Enterprise Sales,HYBRID,PART_TIME,6,4.5,4,3.76,78.51,-1.0,2,0,1.16,2,2,1.0,NONE,0
EMP-SYNTH-0239,Human Resources,HYBRID,FULL_TIME,4,3.6,3,2.52,53.2,1.0,0,0,0.0,2,2,1.0,NONE,0
EMP-SYNTH-0240,Product & Design,HYBRID,CONTRACT,5,5.4,3,2.85,54.52,0.0,2,2,1.56,6,4,0.67,NONE,0
EMP-SYNTH-0241,Engineering,HYBRID,PART_TIME,6,7.0,3,2.78,57.44,0.0,0,0,0.0,4,2,0.5,OCCASIONAL,0
EMP-SYNTH-0242,Product & Design,OFFICE,FULL_TIME,9,9.3,4,4.31,89.22,0.5,3,2,2.04,0,0,0.0,OCCASIONAL,1
EMP-SYNTH-0243,Product & Design,REMOTE,CONTRACT,7,9.0,3,3.49,72.96,0.0,5,1,2.06,7,5,0.71,FREQUENT,0
EMP-SYNTH-0244,Growth & Marketing,OFFICE,CONTRACT,2,5.9,4,4.23,85.19,-0.5,5,2,1.96,3,2,0.67,NONE,0
EMP-SYNTH-0245,Product & Design,REMOTE,CONTRACT,6,3.5,3,3.35,66.71,1.0,4,0,1.42,3,0,0.0,FREQUENT,0
EMP-SYNTH-0246,Engineering,OFFICE,FULL_TIME,4,4.4,5,5.0,104.87,-0.5,2,2,0.54,1,1,1.0,OCCASIONAL,0
EMP-SYNTH-0247,Human Resources,REMOTE,PART_TIME,1,0.6,3,3.26,61.89,-0.5,3,0,0.39,6,5,0.83,OCCASIONAL,0
EMP-SYNTH-0248,Enterprise Sales,OFFICE,FULL_TIME,9,2.8,3,2.51,48.42,0.5,1,0,2.03,3,1,0.33,FREQUENT,0
EMP-SYNTH-0249,Product & Design,REMOTE,FULL_TIME,2,4.9,3,2.67,56.64,0.0,2,1,2.18,8,5,0.62,OCCASIONAL,0
EMP-SYNTH-0250,Product & Design,REMOTE,CONTRACT,4,2.4,5,5.0,95.19,-0.5,5,1,0.63,0,0,0.0,NONE,0
EMP-SYNTH-0251,Product & Design,HYBRID,PART_TIME,1,4.8,4,4.27,86.63,0.5,0,0,0.0,0,0,0.0,FREQUENT,0
EMP-SYNTH-0252,Engineering,HYBRID,CONTRACT,8,8.6,3,3.19,58.89,0.0,5,0,1.99,4,4,1.0,FREQUENT,0
EMP-SYNTH-0253,Human Resources,REMOTE,FULL_TIME,9,8.8,2,1.61,28.26,-0.5,4,1,2.33,8,3,0.38,OCCASIONAL,1
EMP-SYNTH-0254,Engineering,HYBRID,CONTRACT,4,8.4,3,2.73,49.73,-1.0,0,0,0.0,2,0,0.0,FREQUENT,1
EMP-SYNTH-0255,Engineering,HYBRID,PART_TIME,2,10.9,4,3.96,83.97,0.0,3,0,0.3,2,0,0.0,OCCASIONAL,0
EMP-SYNTH-0256,Enterprise Sales,HYBRID,FULL_TIME,2,10.3,4,3.51,66.58,1.0,1,1,1.07,7,4,0.57,FREQUENT,0
EMP-SYNTH-0257,Engineering,REMOTE,CONTRACT,3,1.8,3,2.96,62.56,1.0,6,3,2.4,2,0,0.0,NONE,0
EMP-SYNTH-0258,Human Resources,OFFICE,CONTRACT,10,6.1,3,2.94,59.91,0.0,4,0,2.59,2,1,0.5,OCCASIONAL,0
EMP-SYNTH-0259,Engineering,REMOTE,CONTRACT,1,1.2,4,3.51,73.88,0.5,6,1,2.93,5,4,0.8,FREQUENT,0
EMP-SYNTH-0260,Enterprise Sales,HYBRID,PART_TIME,4,6.0,4,4.14,79.29,0.5,4,0,0.03,2,2,1.0,OCCASIONAL,0
EMP-SYNTH-0261,Enterprise Sales,OFFICE,FULL_TIME,8,4.2,3,2.78,55.67,0.5,5,3,1.21,3,0,0.0,OCCASIONAL,0
EMP-SYNTH-0262,Engineering,REMOTE,CONTRACT,6,1.9,3,3.15,59.03,0.0,0,0,0.0,1,1,1.0,FREQUENT,0
EMP-SYNTH-0263,Growth & Marketing,OFFICE,PART_TIME,8,11.4,3,2.55,48.23,0.0,2,2,2.3,7,5,0.71,FREQUENT,0
EMP-SYNTH-0264,Human Resources,OFFICE,CONTRACT,6,10.0,5,4.79,96.02,1.0,0,0,0.0,2,1,0.5,NONE,0
EMP-SYNTH-0265,Enterprise Sales,OFFICE,CONTRACT,10,2.8,2,2.35,44.16,-0.5,5,2,0.32,6,0,0.0,FREQUENT,1
EMP-SYNTH-0266,Enterprise Sales,REMOTE,PART_TIME,10,11.5,2,2.0,40.3,-1.0,4,3,2.52,7,2,0.29,FREQUENT,1
EMP-SYNTH-0267,Growth & Marketing,OFFICE,PART_TIME,3,1.7,4,4.11,80.42,0.0,3,1,0.82,5,2,0.4,OCCASIONAL,0
EMP-SYNTH-0268,Growth & Marketing,HYBRID,PART_TIME,9,3.9,4,4.36,89.32,0.5,5,1,0.6,4,2,0.5,FREQUENT,0
EMP-SYNTH-0269,Human Resources,HYBRID,PART_TIME,3,6.3,4,3.82,72.55,0.0,4,3,1.75,6,5,0.83,FREQUENT,0
EMP-SYNTH-0270,Enterprise Sales,OFFICE,PART_TIME,2,0.8,2,2.17,40.4,-0.5,2,2,0.75,0,0,0.0,NONE,1
EMP-SYNTH-0271,Growth & Marketing,OFFICE,CONTRACT,8,1.7,4,4.24,88.45,1.0,5,3,0.71,4,0,0.0,OCCASIONAL,0
EMP-SYNTH-0272,Product & Design,HYBRID,FULL_TIME,1,9.1,3,3.37,71.0,0.0,6,1,2.73,5,4,0.8,FREQUENT,0
EMP-SYNTH-0273,Growth & Marketing,OFFICE,PART_TIME,4,3.9,2,2.18,40.47,-0.5,5,0,1.13,6,2,0.33,FREQUENT,1
EMP-SYNTH-0274,Product & Design,OFFICE,CONTRACT,8,8.7,2,1.65,31.23,-1.0,6,2,1.47,8,5,0.62,NONE,1
EMP-SYNTH-0275,Product & Design,HYBRID,FULL_TIME,3,6.5,4,3.66,73.63,0.0,0,0,0.0,3,1,0.33,FREQUENT,0
EMP-SYNTH-0276,Human Resources,HYBRID,PART_TIME,8,12.0,4,4.48,84.69,1.0,2,1,0.72,3,0,0.0,FREQUENT,0
EMP-SYNTH-0277,Product & Design,REMOTE,FULL_TIME,7,3.5,4,3.52,70.57,0.0,4,3,1.46,4,1,0.25,OCCASIONAL,0
EMP-SYNTH-0278,Human Resources,HYBRID,PART_TIME,1,7.7,3,3.13,59.73,1.0,3,0,0.62,6,5,0.83,NONE,0
EMP-SYNTH-0279,Human Resources,OFFICE,CONTRACT,6,0.9,2,1.68,31.12,-1.0,4,1,2.73,6,3,0.5,OCCASIONAL,1
EMP-SYNTH-0280,Engineering,REMOTE,PART_TIME,2,6.7,4,4.12,84.96,0.5,0,0,0.0,5,4,0.8,NONE,0
EMP-SYNTH-0281,Product & Design,HYBRID,CONTRACT,10,1.5,4,3.94,77.75,1.0,0,0,0.0,2,2,1.0,NONE,0
EMP-SYNTH-0282,Growth & Marketing,REMOTE,PART_TIME,3,3.9,4,4.47,93.07,1.0,2,0,1.66,8,2,0.25,NONE,0
EMP-SYNTH-0283,Engineering,OFFICE,PART_TIME,10,5.0,3,2.59,48.9,1.0,5,2,0.64,8,2,0.25,NONE,1
EMP-SYNTH-0284,Product & Design,OFFICE,FULL_TIME,3,8.2,3,2.55,53.51,0.5,3,0,0.87,1,1,1.0,NONE,0
EMP-SYNTH-0285,Human Resources,HYBRID,PART_TIME,8,11.4,3,3.17,60.75,0.0,4,0,2.7,5,3,0.6,OCCASIONAL,0
EMP-SYNTH-0286,Growth & Marketing,OFFICE,PART_TIME,10,4.7,3,2.93,53.65,-0.5,6,1,2.14,6,2,0.33,OCCASIONAL,1
EMP-SYNTH-0287,Human Resources,HYBRID,PART_TIME,6,10.6,3,2.86,55.25,0.5,0,0,0.0,1,1,1.0,NONE,0
EMP-SYNTH-0288,Engineering,HYBRID,FULL_TIME,1,10.3,4,4.31,86.99,0.5,1,0,1.65,8,8,1.0,OCCASIONAL,0
EMP-SYNTH-0289,Human Resources,REMOTE,CONTRACT,4,10.8,3,3.36,63.54,0.5,4,0,1.19,8,0,0.0,FREQUENT,0
EMP-SYNTH-0290,Growth & Marketing,HYBRID,FULL_TIME,9,2.1,2,2.07,42.06,-0.5,5,3,2.82,0,0,0.0,OCCASIONAL,1
EMP-SYNTH-0291,Human Resources,OFFICE,CONTRACT,6,3.2,4,4.02,83.31,0.0,3,3,2.64,0,0,0.0,NONE,0
EMP-SYNTH-0292,Product & Design,HYBRID,CONTRACT,10,6.8,2,2.15,41.65,1.0,6,0,1.55,6,1,0.17,FREQUENT,0
EMP-SYNTH-0293,Enterprise Sales,REMOTE,CONTRACT,8,9.6,4,3.51,74.02,0.0,1,0,0.23,4,1,0.25,NONE,0
EMP-SYNTH-0294,Engineering,HYBRID,FULL_TIME,7,9.8,4,3.98,79.39,-0.5,4,1,1.94,6,0,0.0,NONE,1
EMP-SYNTH-0295,Engineering,OFFICE,PART_TIME,10,2.4,4,3.54,71.52,-1.0,1,1,2.77,8,6,0.75,FREQUENT,1
EMP-SYNTH-0296,Product & Design,OFFICE,FULL_TIME,8,7.5,3,2.98,56.79,0.0,4,1,2.38,2,2,1.0,FREQUENT,0
EMP-SYNTH-0297,Growth & Marketing,REMOTE,FULL_TIME,6,11.1,3,2.57,50.18,-0.5,0,0,0.0,3,3,1.0,NONE,0
EMP-SYNTH-0298,Growth & Marketing,HYBRID,FULL_TIME,9,6.3,2,1.98,35.9,0.5,4,0,2.69,6,4,0.67,OCCASIONAL,0
EMP-SYNTH-0299,Product & Design,OFFICE,PART_TIME,9,5.4,5,4.98,102.29,0.0,4,0,1.28,4,3,0.75,NONE,0
EMP-SYNTH-0300,Growth & Marketing,HYBRID,CONTRACT,5,2.7,4,4.29,86.58,-1.0,4,0,1.13,3,2,0.67,OCCASIONAL,0
EMP-SYNTH-0301,Product & Design,OFFICE,FULL_TIME,7,8.0,3,3.35,66.24,0.0,4,2,2.98,6,6,1.0,NONE,0
EMP-SYNTH-0302,Enterprise Sales,OFFICE,CONTRACT,9,6.9,3,2.81,54.64,1.0,3,1,2.56,1,0,0.0,OCCASIONAL,0
EMP-SYNTH-0303,Human Resources,OFFICE,FULL_TIME,9,5.1,3,3.05,62.97,1.0,0,0,0.0,6,5,0.83,NONE,0
EMP-SYNTH-0304,Enterprise Sales,HYBRID,CONTRACT,2,1.2,3,2.58,46.98,0.0,3,2,2.13,0,0,0.0,FREQUENT,0
EMP-SYNTH-0305,Enterprise Sales,REMOTE,FULL_TIME,4,10.3,5,5.0,96.95,0.5,4,1,1.85,0,0,0.0,NONE,0
EMP-SYNTH-0306,Engineering,REMOTE,CONTRACT,6,8.2,3,2.7,49.15,1.0,0,0,0.0,8,4,0.5,FREQUENT,0
EMP-SYNTH-0307,Growth & Marketing,HYBRID,CONTRACT,6,11.6,3,3.11,59.15,0.0,4,0,0.78,6,4,0.67,NONE,0
EMP-SYNTH-0308,Product & Design,OFFICE,PART_TIME,5,10.6,4,4.07,83.34,0.0,4,3,2.31,5,3,0.6,FREQUENT,0
EMP-SYNTH-0309,Enterprise Sales,HYBRID,FULL_TIME,8,1.8,2,2.13,47.54,1.0,5,1,2.4,6,2,0.33,FREQUENT,0
EMP-SYNTH-0310,Product & Design,OFFICE,CONTRACT,2,5.1,4,3.84,77.35,-0.5,3,2,1.06,4,1,0.25,FREQUENT,1
EMP-SYNTH-0311,Human Resources,REMOTE,PART_TIME,4,3.2,3,2.77,52.69,-0.5,6,2,0.47,1,0,0.0,NONE,1
EMP-SYNTH-0312,Growth & Marketing,OFFICE,PART_TIME,1,10.3,3,2.82,60.38,0.5,6,2,1.47,8,4,0.5,OCCASIONAL,0
EMP-SYNTH-0313,Human Resources,HYBRID,FULL_TIME,1,6.5,3,3.44,64.13,0.0,3,1,1.37,1,1,1.0,OCCASIONAL,0
EMP-SYNTH-0314,Human Resources,REMOTE,PART_TIME,2,4.2,4,3.76,75.69,-0.5,2,1,2.88,5,2,0.4,NONE,0
EMP-SYNTH-0315,Enterprise Sales,REMOTE,FULL_TIME,7,8.6,3,3.35,64.8,-0.5,4,1,2.94,3,0,0.0,FREQUENT,1
EMP-SYNTH-0316,Enterprise Sales,REMOTE,FULL_TIME,3,9.7,4,3.97,74.5,0.0,3,1,2.99,8,8,1.0,FREQUENT,0
EMP-SYNTH-0317,Product & Design,REMOTE,CONTRACT,5,7.0,3,2.9,59.91,-1.0,1,1,1.43,1,1,1.0,FREQUENT,0
EMP-SYNTH-0318,Growth & Marketing,HYBRID,CONTRACT,6,0.7,2,2.37,52.03,-0.5,4,1,2.94,4,2,0.5,OCCASIONAL,1
EMP-SYNTH-0319,Growth & Marketing,REMOTE,PART_TIME,8,10.7,3,2.79,57.12,-0.5,6,1,1.92,5,3,0.6,FREQUENT,1
EMP-SYNTH-0320,Engineering,OFFICE,FULL_TIME,6,3.1,3,2.79,53.47,1.0,3,2,2.66,5,5,1.0,FREQUENT,0
EMP-SYNTH-0321,Growth & Marketing,REMOTE,CONTRACT,3,2.6,1,1.23,26.22,1.0,5,0,0.63,6,0,0.0,NONE,1
EMP-SYNTH-0322,Growth & Marketing,OFFICE,FULL_TIME,7,6.5,5,4.6,93.18,-1.0,5,3,0.93,3,2,0.67,OCCASIONAL,0
EMP-SYNTH-0323,Human Resources,OFFICE,PART_TIME,3,0.8,4,4.36,85.45,0.0,3,2,1.65,2,2,1.0,FREQUENT,0
EMP-SYNTH-0324,Growth & Marketing,REMOTE,PART_TIME,9,4.1,3,3.04,63.85,0.0,2,1,1.24,2,1,0.5,NONE,0
EMP-SYNTH-0325,Engineering,HYBRID,FULL_TIME,6,3.8,3,3.19,63.72,0.0,2,0,2.3,4,4,1.0,NONE,0
EMP-SYNTH-0326,Human Resources,REMOTE,PART_TIME,7,5.0,2,2.24,43.7,0.0,1,1,0.24,3,2,0.67,OCCASIONAL,0
EMP-SYNTH-0327,Growth & Marketing,REMOTE,CONTRACT,4,10.3,2,1.79,37.17,0.5,3,2,2.1,7,3,0.43,OCCASIONAL,0
EMP-SYNTH-0328,Growth & Marketing,OFFICE,FULL_TIME,2,3.7,2,1.94,33.88,-1.0,1,0,1.48,5,3,0.6,OCCASIONAL,0
EMP-SYNTH-0329,Enterprise Sales,REMOTE,CONTRACT,1,4.3,4,4.45,84.56,0.0,0,0,0.0,2,0,0.0,OCCASIONAL,0
EMP-SYNTH-0330,Engineering,HYBRID,FULL_TIME,7,9.4,3,3.24,60.14,0.0,5,0,1.56,3,3,1.0,OCCASIONAL,0
EMP-SYNTH-0331,Product & Design,REMOTE,FULL_TIME,1,9.1,3,2.62,52.21,0.0,1,1,2.66,3,0,0.0,NONE,0
EMP-SYNTH-0332,Human Resources,REMOTE,PART_TIME,2,5.1,3,3.47,70.21,1.0,3,1,1.11,1,0,0.0,NONE,0
EMP-SYNTH-0333,Enterprise Sales,OFFICE,PART_TIME,10,4.4,5,5.0,95.6,0.0,5,1,2.1,1,0,0.0,OCCASIONAL,0
EMP-SYNTH-0334,Product & Design,REMOTE,PART_TIME,4,0.7,3,3.22,61.91,-1.0,3,3,1.68,8,7,0.88,NONE,1
EMP-SYNTH-0335,Growth & Marketing,OFFICE,PART_TIME,6,4.2,3,3.37,68.39,0.5,1,0,1.59,7,4,0.57,OCCASIONAL,0
EMP-SYNTH-0336,Growth & Marketing,REMOTE,PART_TIME,3,10.7,4,3.86,78.4,0.0,5,0,1.97,8,6,0.75,NONE,0
EMP-SYNTH-0337,Growth & Marketing,HYBRID,CONTRACT,9,2.3,3,2.91,56.42,-1.0,4,0,0.13,2,0,0.0,NONE,0
EMP-SYNTH-0338,Engineering,OFFICE,PART_TIME,7,8.1,3,3.2,61.56,0.0,1,0,0.04,3,3,1.0,NONE,0
EMP-SYNTH-0339,Enterprise Sales,HYBRID,FULL_TIME,6,6.9,5,4.92,97.09,1.0,0,0,0.0,8,0,0.0,FREQUENT,0
EMP-SYNTH-0340,Human Resources,HYBRID,FULL_TIME,2,8.8,3,2.69,54.06,-0.5,4,1,1.68,8,6,0.75,FREQUENT,1
EMP-SYNTH-0341,Engineering,HYBRID,PART_TIME,6,8.3,4,3.93,74.64,-0.5,4,3,1.51,2,2,1.0,FREQUENT,0
EMP-SYNTH-0342,Product & Design,HYBRID,CONTRACT,6,5.2,4,4.33,84.83,-0.5,4,1,1.13,8,4,0.5,OCCASIONAL,0
EMP-SYNTH-0343,Enterprise Sales,REMOTE,CONTRACT,1,8.9,5,5.0,100.18,0.0,0,0,0.0,3,1,0.33,OCCASIONAL,0
EMP-SYNTH-0344,Product & Design,HYBRID,PART_TIME,9,7.1,3,2.59,51.4,-0.5,1,1,1.1,3,1,0.33,OCCASIONAL,0
EMP-SYNTH-0345,Product & Design,OFFICE,PART_TIME,7,7.0,3,2.58,49.85,0.0,1,1,2.48,1,1,1.0,NONE,0
EMP-SYNTH-0346,Engineering,OFFICE,CONTRACT,6,10.6,3,3.43,64.81,-0.5,5,0,1.9,6,0,0.0,OCCASIONAL,0
EMP-SYNTH-0347,Growth & Marketing,OFFICE,CONTRACT,9,7.0,3,3.2,60.53,1.0,5,3,2.91,8,1,0.12,NONE,0
EMP-SYNTH-0348,Human Resources,OFFICE,CONTRACT,2,6.0,4,4.05,78.63,0.0,4,3,2.32,2,0,0.0,OCCASIONAL,0
EMP-SYNTH-0349,Growth & Marketing,OFFICE,CONTRACT,7,8.0,2,2.12,44.76,-0.5,1,0,0.8,6,2,0.33,FREQUENT,1
EMP-SYNTH-0350,Enterprise Sales,REMOTE,CONTRACT,6,2.7,3,3.16,65.9,-0.5,2,2,2.46,7,2,0.29,OCCASIONAL,1
EMP-SYNTH-0351,Engineering,OFFICE,FULL_TIME,6,2.3,4,3.59,74.2,-0.5,4,1,2.61,4,0,0.0,OCCASIONAL,0
EMP-SYNTH-0352,Enterprise Sales,REMOTE,FULL_TIME,6,2.9,3,2.7,54.23,0.0,4,3,1.87,2,2,1.0,FREQUENT,0
EMP-SYNTH-0353,Engineering,REMOTE,PART_TIME,9,1.0,2,1.78,38.49,0.5,2,0,1.39,0,0,0.0,OCCASIONAL,0
EMP-SYNTH-0354,Product & Design,OFFICE,FULL_TIME,5,10.5,4,3.73,73.41,1.0,0,0,0.0,7,1,0.14,NONE,0
EMP-SYNTH-0355,Human Resources,HYBRID,CONTRACT,9,11.2,1,1.0,20.29,0.0,3,3,2.23,0,0,0.0,FREQUENT,1
EMP-SYNTH-0356,Human Resources,HYBRID,CONTRACT,1,7.7,4,4.39,90.95,-1.0,4,2,0.68,5,3,0.6,FREQUENT,1
EMP-SYNTH-0357,Human Resources,OFFICE,PART_TIME,7,6.5,4,4.37,89.27,0.0,1,0,1.28,4,4,1.0,OCCASIONAL,0
EMP-SYNTH-0358,Human Resources,HYBRID,PART_TIME,4,10.4,3,3.21,64.44,-0.5,3,1,1.97,2,1,0.5,NONE,0
EMP-SYNTH-0359,Growth & Marketing,HYBRID,PART_TIME,2,2.6,4,3.65,68.29,0.0,3,3,0.91,4,1,0.25,NONE,0
EMP-SYNTH-0360,Growth & Marketing,HYBRID,CONTRACT,10,7.0,3,2.73,56.47,0.0,0,0,0.0,2,2,1.0,FREQUENT,0
EMP-SYNTH-0361,Enterprise Sales,HYBRID,PART_TIME,6,2.6,3,2.97,56.04,-0.5,0,0,0.0,0,0,0.0,OCCASIONAL,0
EMP-SYNTH-0362,Human Resources,OFFICE,FULL_TIME,3,11.2,5,5.0,99.9,0.0,6,3,2.66,6,3,0.5,NONE,0
EMP-SYNTH-0363,Growth & Marketing,HYBRID,CONTRACT,6,5.0,5,5.0,100.36,1.0,5,0,1.56,7,7,1.0,NONE,0
EMP-SYNTH-0364,Growth & Marketing,REMOTE,PART_TIME,1,6.9,3,3.13,58.09,0.0,3,3,2.65,4,3,0.75,NONE,0
EMP-SYNTH-0365,Enterprise Sales,REMOTE,PART_TIME,1,8.4,5,4.96,100.66,-1.0,5,0,0.54,8,2,0.25,OCCASIONAL,0
EMP-SYNTH-0366,Human Resources,REMOTE,PART_TIME,4,10.6,2,1.82,37.89,1.0,6,1,2.16,1,0,0.0,NONE,1
EMP-SYNTH-0367,Enterprise Sales,HYBRID,CONTRACT,2,6.5,3,3.29,65.92,-0.5,3,3,0.13,2,1,0.5,FREQUENT,1
EMP-SYNTH-0368,Human Resources,OFFICE,FULL_TIME,1,5.3,3,3.27,64.86,1.0,1,0,2.7,3,0,0.0,FREQUENT,0
EMP-SYNTH-0369,Product & Design,OFFICE,CONTRACT,8,10.3,3,2.51,54.03,-0.5,1,1,1.36,7,1,0.14,FREQUENT,1
EMP-SYNTH-0370,Growth & Marketing,REMOTE,PART_TIME,9,9.9,3,2.68,49.15,0.0,0,0,0.0,0,0,0.0,OCCASIONAL,0
EMP-SYNTH-0371,Engineering,OFFICE,FULL_TIME,7,11.9,2,1.78,37.21,1.0,4,1,2.9,5,0,0.0,NONE,1
EMP-SYNTH-0372,Enterprise Sales,OFFICE,CONTRACT,9,1.2,3,2.62,55.99,0.0,4,3,1.57,3,0,0.0,NONE,0
EMP-SYNTH-0373,Growth & Marketing,HYBRID,PART_TIME,9,11.9,3,3.19,68.14,1.0,2,1,1.83,5,2,0.4,FREQUENT,0
EMP-SYNTH-0374,Human Resources,HYBRID,PART_TIME,8,6.5,4,3.99,76.6,0.5,1,1,2.94,0,0,0.0,NONE,0
EMP-SYNTH-0375,Enterprise Sales,HYBRID,FULL_TIME,4,9.7,5,4.91,96.54,0.5,6,1,0.03,3,2,0.67,OCCASIONAL,0
EMP-SYNTH-0376,Growth & Marketing,HYBRID,CONTRACT,1,1.8,3,2.9,58.69,-1.0,6,1,0.58,5,5,1.0,OCCASIONAL,0
EMP-SYNTH-0377,Enterprise Sales,OFFICE,PART_TIME,3,6.0,4,4.39,88.17,0.0,3,3,2.78,0,0,0.0,FREQUENT,0
EMP-SYNTH-0378,Growth & Marketing,OFFICE,FULL_TIME,10,8.4,4,4.39,86.34,-0.5,2,0,1.02,6,5,0.83,FREQUENT,0
EMP-SYNTH-0379,Human Resources,HYBRID,PART_TIME,7,2.7,2,2.28,43.68,0.0,5,0,0.81,1,1,1.0,NONE,0
EMP-SYNTH-0380,Product & Design,OFFICE,PART_TIME,5,2.5,3,2.54,47.82,-1.0,3,0,2.4,8,2,0.25,NONE,0
EMP-SYNTH-0381,Product & Design,REMOTE,PART_TIME,9,4.1,3,3.27,61.38,0.5,5,1,0.62,0,0,0.0,OCCASIONAL,0
EMP-SYNTH-0382,Engineering,REMOTE,FULL_TIME,10,10.5,3,3.39,63.83,1.0,5,2,0.07,4,1,0.25,OCCASIONAL,0
EMP-SYNTH-0383,Human Resources,OFFICE,CONTRACT,5,6.6,4,4.17,81.13,-0.5,2,0,0.05,8,8,1.0,NONE,0
EMP-SYNTH-0384,Product & Design,REMOTE,FULL_TIME,5,7.1,2,1.81,40.12,0.5,3,0,0.39,7,0,0.0,NONE,0
EMP-SYNTH-0385,Enterprise Sales,OFFICE,FULL_TIME,7,5.0,4,4.39,89.09,1.0,5,3,1.85,4,2,0.5,NONE,0
EMP-SYNTH-0386,Growth & Marketing,OFFICE,CONTRACT,10,2.0,4,4.42,88.08,0.0,2,2,1.93,7,7,1.0,NONE,0
EMP-SYNTH-0387,Human Resources,OFFICE,PART_TIME,5,11.0,3,3.2,65.65,0.0,3,3,0.09,7,1,0.14,OCCASIONAL,0
EMP-SYNTH-0388,Product & Design,REMOTE,PART_TIME,10,2.0,2,2.32,49.37,0.0,4,0,2.38,8,7,0.88,OCCASIONAL,0
EMP-SYNTH-0389,Growth & Marketing,REMOTE,FULL_TIME,10,3.3,2,1.98,35.26,-0.5,6,3,2.35,6,4,0.67,OCCASIONAL,1
EMP-SYNTH-0390,Engineering,HYBRID,PART_TIME,10,10.1,2,2.1,40.25,-1.0,6,3,0.53,6,0,0.0,FREQUENT,1
EMP-SYNTH-0391,Engineering,HYBRID,PART_TIME,7,4.3,4,3.56,68.38,-0.5,4,0,2.27,2,1,0.5,FREQUENT,0
EMP-SYNTH-0392,Enterprise Sales,OFFICE,FULL_TIME,6,3.9,4,4.18,87.79,0.0,5,2,2.97,0,0,0.0,NONE,1
EMP-SYNTH-0393,Product & Design,OFFICE,CONTRACT,9,11.6,1,1.06,25.99,-1.0,6,2,2.6,3,3,1.0,FREQUENT,1
EMP-SYNTH-0394,Enterprise Sales,REMOTE,CONTRACT,7,6.8,4,3.97,76.28,0.0,6,2,2.52,2,1,0.5,FREQUENT,0
EMP-SYNTH-0395,Human Resources,OFFICE,FULL_TIME,2,8.0,2,2.38,49.18,-0.5,0,0,0.0,6,6,1.0,OCCASIONAL,1
EMP-SYNTH-0396,Enterprise Sales,HYBRID,FULL_TIME,8,6.4,3,2.95,57.55,-0.5,3,0,1.73,3,2,0.67,OCCASIONAL,0
EMP-SYNTH-0397,Growth & Marketing,HYBRID,CONTRACT,1,11.7,3,3.2,60.13,0.0,5,0,0.43,8,4,0.5,OCCASIONAL,0
EMP-SYNTH-0398,Growth & Marketing,OFFICE,FULL_TIME,8,7.8,4,4.17,85.24,0.5,6,2,1.84,5,4,0.8,NONE,0
EMP-SYNTH-0399,Enterprise Sales,REMOTE,PART_TIME,8,7.1,3,2.85,61.78,0.0,2,0,0.11,4,4,1.0,OCCASIONAL,0
EMP-SYNTH-0400,Human Resources,HYBRID,FULL_TIME,5,9.8,4,3.79,71.63,0.5,0,0,0.0,4,1,0.25,FREQUENT,0
EMP-SYNTH-0401,Product & Design,REMOTE,CONTRACT,1,9.0,4,4.41,90.59,1.0,3,2,2.42,4,1,0.25,OCCASIONAL,0
EMP-SYNTH-0402,Engineering,REMOTE,FULL_TIME,3,7.3,4,4.34,89.33,0.0,6,3,0.71,7,2,0.29,NONE,1
EMP-SYNTH-0403,Growth & Marketing,HYBRID,CONTRACT,1,7.9,4,3.62,69.08,0.0,3,2,1.43,8,3,0.38,OCCASIONAL,0
EMP-SYNTH-0404,Product & Design,OFFICE,PART_TIME,7,0.6,5,4.95,100.78,0.5,5,0,0.29,8,5,0.62,OCCASIONAL,0
EMP-SYNTH-0405,Growth & Marketing,HYBRID,CONTRACT,6,3.6,4,3.76,76.04,0.0,6,1,2.2,3,2,0.67,FREQUENT,0
EMP-SYNTH-0406,Growth & Marketing,OFFICE,PART_TIME,1,10.1,1,1.0,16.04,0.0,2,0,2.18,4,1,0.25,NONE,0
EMP-SYNTH-0407,Engineering,HYBRID,FULL_TIME,1,11.3,4,4.34,91.3,1.0,0,0,0.0,1,0,0.0,OCCASIONAL,0
EMP-SYNTH-0408,Growth & Marketing,OFFICE,FULL_TIME,3,3.4,3,3.44,70.19,0.0,6,3,2.08,5,2,0.4,NONE,0
EMP-SYNTH-0409,Engineering,REMOTE,FULL_TIME,7,5.0,5,4.76,98.33,-0.5,3,0,1.48,3,3,1.0,NONE,0
EMP-SYNTH-0410,Growth & Marketing,REMOTE,FULL_TIME,10,7.9,5,5.0,96.03,-1.0,0,0,0.0,7,0,0.0,OCCASIONAL,0
EMP-SYNTH-0411,Human Resources,HYBRID,PART_TIME,1,11.2,4,3.77,77.4,0.0,4,0,1.55,7,7,1.0,OCCASIONAL,0
EMP-SYNTH-0412,Engineering,HYBRID,FULL_TIME,1,4.9,4,4.28,81.81,0.5,2,1,2.05,6,0,0.0,FREQUENT,0
EMP-SYNTH-0413,Engineering,REMOTE,PART_TIME,6,1.4,3,3.27,66.88,-0.5,4,0,2.9,3,2,0.67,FREQUENT,1
EMP-SYNTH-0414,Product & Design,REMOTE,FULL_TIME,8,9.0,2,1.69,36.0,0.5,1,1,1.17,8,4,0.5,OCCASIONAL,0
EMP-SYNTH-0415,Growth & Marketing,REMOTE,FULL_TIME,1,4.4,3,3.22,63.46,-0.5,6,3,2.82,8,2,0.25,FREQUENT,1
EMP-SYNTH-0416,Engineering,HYBRID,FULL_TIME,8,8.0,3,3.42,63.86,1.0,5,1,0.04,0,0,0.0,NONE,0
EMP-SYNTH-0417,Enterprise Sales,HYBRID,FULL_TIME,10,1.2,4,3.61,73.15,0.5,1,0,2.41,6,2,0.33,FREQUENT,0
EMP-SYNTH-0418,Growth & Marketing,HYBRID,FULL_TIME,6,10.1,4,4.26,86.13,0.0,0,0,0.0,4,1,0.25,OCCASIONAL,0
EMP-SYNTH-0419,Human Resources,HYBRID,CONTRACT,9,2.4,3,3.08,57.93,1.0,4,3,2.33,0,0,0.0,NONE,1
EMP-SYNTH-0420,Engineering,HYBRID,PART_TIME,10,10.7,3,3.31,68.93,1.0,1,0,0.43,4,4,1.0,OCCASIONAL,0
EMP-SYNTH-0421,Enterprise Sales,OFFICE,FULL_TIME,10,8.5,3,3.22,65.52,-1.0,5,2,1.04,0,0,0.0,NONE,1
EMP-SYNTH-0422,Engineering,HYBRID,CONTRACT,9,6.3,3,3.13,59.68,-1.0,1,0,2.39,7,7,1.0,NONE,0
EMP-SYNTH-0423,Human Resources,HYBRID,FULL_TIME,1,7.9,3,2.93,56.94,0.0,0,0,0.0,0,0,0.0,NONE,0
EMP-SYNTH-0424,Engineering,OFFICE,FULL_TIME,8,7.3,3,2.7,55.77,0.0,1,0,0.98,1,0,0.0,FREQUENT,0
EMP-SYNTH-0425,Enterprise Sales,OFFICE,CONTRACT,4,1.3,3,2.55,50.36,-0.5,4,3,0.53,5,1,0.2,OCCASIONAL,1
EMP-SYNTH-0426,Product & Design,OFFICE,CONTRACT,3,0.9,3,2.78,51.71,0.0,3,3,0.51,5,1,0.2,OCCASIONAL,0
EMP-SYNTH-0427,Growth & Marketing,OFFICE,PART_TIME,10,10.9,3,3.05,58.3,0.0,6,3,2.59,3,3,1.0,OCCASIONAL,0
EMP-SYNTH-0428,Human Resources,OFFICE,CONTRACT,7,7.2,4,4.09,78.29,0.5,0,0,0.0,0,0,0.0,OCCASIONAL,0
EMP-SYNTH-0429,Growth & Marketing,OFFICE,CONTRACT,9,5.0,4,4.2,79.98,0.0,1,0,1.68,0,0,0.0,NONE,0
EMP-SYNTH-0430,Engineering,OFFICE,CONTRACT,5,2.4,3,3.07,62.24,0.0,3,1,2.62,6,1,0.17,OCCASIONAL,0
EMP-SYNTH-0431,Enterprise Sales,HYBRID,PART_TIME,1,10.4,2,2.39,46.13,-1.0,2,1,2.26,8,3,0.38,FREQUENT,1
EMP-SYNTH-0432,Engineering,HYBRID,PART_TIME,6,10.7,2,1.87,38.59,0.0,2,0,1.94,1,0,0.0,NONE,0
EMP-SYNTH-0433,Product & Design,OFFICE,PART_TIME,2,8.0,4,4.25,88.71,1.0,1,0,0.96,4,4,1.0,FREQUENT,0
EMP-SYNTH-0434,Product & Design,REMOTE,CONTRACT,8,6.3,4,3.97,79.72,0.5,2,1,1.86,1,0,0.0,OCCASIONAL,0
EMP-SYNTH-0435,Engineering,OFFICE,CONTRACT,3,3.8,5,4.61,89.96,1.0,1,1,0.45,3,0,0.0,OCCASIONAL,0
EMP-SYNTH-0436,Human Resources,REMOTE,CONTRACT,7,5.6,4,3.79,71.43,-0.5,6,2,1.24,5,5,1.0,FREQUENT,1
EMP-SYNTH-0437,Product & Design,REMOTE,PART_TIME,9,10.2,3,2.8,52.32,0.0,1,1,0.68,5,2,0.4,NONE,0
EMP-SYNTH-0438,Human Resources,HYBRID,FULL_TIME,9,3.8,5,5.0,101.93,1.0,6,1,0.48,1,0,0.0,OCCASIONAL,0
EMP-SYNTH-0439,Growth & Marketing,OFFICE,CONTRACT,5,4.8,3,3.21,65.86,0.0,1,1,1.35,2,2,1.0,OCCASIONAL,0
EMP-SYNTH-0440,Enterprise Sales,OFFICE,CONTRACT,6,2.3,5,5.0,100.07,1.0,5,2,1.42,4,4,1.0,FREQUENT,0
EMP-SYNTH-0441,Human Resources,HYBRID,PART_TIME,8,4.4,2,1.98,35.0,1.0,4,0,0.92,6,4,0.67,NONE,0
EMP-SYNTH-0442,Engineering,HYBRID,PART_TIME,4,7.2,3,3.44,66.58,-1.0,0,0,0.0,1,1,1.0,NONE,0
EMP-SYNTH-0443,Enterprise Sales,REMOTE,PART_TIME,10,6.4,2,2.17,42.38,1.0,6,3,1.11,5,0,0.0,OCCASIONAL,1
EMP-SYNTH-0444,Enterprise Sales,HYBRID,FULL_TIME,4,8.9,3,3.49,72.84,0.0,1,1,2.19,6,1,0.17,FREQUENT,1
EMP-SYNTH-0445,Growth & Marketing,OFFICE,FULL_TIME,4,4.0,5,5.0,98.35,0.5,6,3,0.27,6,5,0.83,OCCASIONAL,0
EMP-SYNTH-0446,Growth & Marketing,OFFICE,FULL_TIME,3,10.1,3,2.99,63.03,0.0,6,2,1.48,7,3,0.43,NONE,0
EMP-SYNTH-0447,Engineering,OFFICE,CONTRACT,5,11.5,4,3.97,80.94,0.0,3,1,1.48,3,0,0.0,NONE,0
EMP-SYNTH-0448,Engineering,HYBRID,PART_TIME,6,7.2,3,3.37,68.68,0.0,5,0,1.12,0,0,0.0,NONE,0
EMP-SYNTH-0449,Growth & Marketing,OFFICE,FULL_TIME,6,5.8,4,3.86,72.73,0.0,3,2,0.15,4,4,1.0,FREQUENT,0
EMP-SYNTH-0450,Human Resources,OFFICE,PART_TIME,3,6.8,4,4.33,88.45,0.0,2,2,2.09,5,0,0.0,FREQUENT,0
EMP-SYNTH-0451,Growth & Marketing,REMOTE,FULL_TIME,1,2.1,3,3.28,64.72,-0.5,0,0,0.0,2,2,1.0,NONE,0
EMP-SYNTH-0452,Growth & Marketing,HYBRID,PART_TIME,9,10.2,4,4.2,87.03,0.0,3,0,0.35,2,0,0.0,OCCASIONAL,0
EMP-SYNTH-0453,Product & Design,REMOTE,PART_TIME,6,2.1,3,3.49,70.03,0.0,1,1,0.09,1,0,0.0,NONE,0
EMP-SYNTH-0454,Human Resources,REMOTE,FULL_TIME,4,2.0,2,2.19,46.64,-1.0,0,0,0.0,6,0,0.0,NONE,0
EMP-SYNTH-0455,Engineering,OFFICE,PART_TIME,9,7.3,3,3.41,63.63,0.0,5,0,2.26,1,0,0.0,FREQUENT,0
EMP-SYNTH-0456,Product & Design,OFFICE,FULL_TIME,3,10.2,5,5.0,98.48,-0.5,6,1,1.51,1,0,0.0,FREQUENT,1
EMP-SYNTH-0457,Engineering,HYBRID,FULL_TIME,4,11.6,2,2.25,40.04,1.0,0,0,0.0,8,7,0.88,OCCASIONAL,0
EMP-SYNTH-0458,Engineering,OFFICE,CONTRACT,7,5.4,3,2.91,60.81,0.0,0,0,0.0,1,0,0.0,OCCASIONAL,0
EMP-SYNTH-0459,Product & Design,HYBRID,CONTRACT,9,8.8,2,1.99,38.65,0.0,4,2,2.06,7,3,0.43,FREQUENT,0
EMP-SYNTH-0460,Enterprise Sales,OFFICE,FULL_TIME,8,11.3,3,2.51,51.94,1.0,0,0,0.0,7,1,0.14,NONE,0
EMP-SYNTH-0461,Human Resources,REMOTE,CONTRACT,10,11.7,4,4.39,84.49,0.0,1,1,0.6,6,0,0.0,NONE,0
EMP-SYNTH-0462,Product & Design,HYBRID,PART_TIME,10,3.6,4,4.14,81.8,0.0,5,3,2.96,8,4,0.5,NONE,0
EMP-SYNTH-0463,Enterprise Sales,OFFICE,FULL_TIME,5,6.1,3,3.44,64.1,1.0,0,0,0.0,7,0,0.0,NONE,0
EMP-SYNTH-0464,Human Resources,REMOTE,PART_TIME,10,1.6,2,2.25,47.68,0.0,1,1,1.99,7,4,0.57,FREQUENT,1
EMP-SYNTH-0465,Product & Design,HYBRID,PART_TIME,1,11.5,1,1.0,24.15,0.0,3,2,2.56,7,7,1.0,NONE,1
EMP-SYNTH-0466,Product & Design,HYBRID,FULL_TIME,8,5.5,3,2.89,60.44,0.5,5,3,1.98,8,7,0.88,OCCASIONAL,0
EMP-SYNTH-0467,Growth & Marketing,OFFICE,PART_TIME,1,5.0,3,3.47,70.57,0.0,6,2,0.96,0,0,0.0,NONE,1
EMP-SYNTH-0468,Growth & Marketing,OFFICE,PART_TIME,6,4.9,3,3.49,68.92,-1.0,5,1,0.74,4,4,1.0,NONE,0
EMP-SYNTH-0469,Engineering,REMOTE,FULL_TIME,6,2.5,3,2.54,52.38,0.0,4,3,0.8,7,0,0.0,OCCASIONAL,0
EMP-SYNTH-0470,Growth & Marketing,OFFICE,CONTRACT,2,8.4,3,3.0,63.11,1.0,2,0,1.84,5,3,0.6,NONE,0
EMP-SYNTH-0471,Enterprise Sales,HYBRID,FULL_TIME,9,3.0,3,2.8,56.74,-0.5,4,0,2.15,1,1,1.0,OCCASIONAL,1
EMP-SYNTH-0472,Enterprise Sales,REMOTE,FULL_TIME,6,9.6,4,3.8,79.04,0.0,5,2,0.6,6,2,0.33,FREQUENT,0
EMP-SYNTH-0473,Growth & Marketing,REMOTE,PART_TIME,9,2.6,1,1.2,27.63,0.5,3,1,1.98,7,4,0.57,FREQUENT,0
EMP-SYNTH-0474,Enterprise Sales,HYBRID,PART_TIME,1,6.5,3,2.65,49.5,1.0,6,2,2.53,6,2,0.33,NONE,0
EMP-SYNTH-0475,Human Resources,REMOTE,CONTRACT,5,7.9,3,3.1,61.06,-1.0,1,0,0.08,4,3,0.75,OCCASIONAL,0
EMP-SYNTH-0476,Engineering,OFFICE,FULL_TIME,5,2.1,3,3.3,67.59,-0.5,5,0,2.89,7,0,0.0,NONE,0
EMP-SYNTH-0477,Engineering,REMOTE,PART_TIME,5,10.5,5,4.91,96.83,1.0,0,0,0.0,2,0,0.0,NONE,0
EMP-SYNTH-0478,Engineering,HYBRID,PART_TIME,10,11.4,5,4.75,98.85,-0.5,4,0,2.32,5,2,0.4,FREQUENT,1
EMP-SYNTH-0479,Enterprise Sales,HYBRID,PART_TIME,4,11.3,3,2.61,49.34,0.0,3,3,0.76,0,0,0.0,FREQUENT,0
EMP-SYNTH-0480,Product & Design,HYBRID,CONTRACT,8,8.4,5,5.0,104.37,0.0,3,2,2.46,0,0,0.0,FREQUENT,1
EMP-SYNTH-0481,Engineering,HYBRID,PART_TIME,4,3.4,3,3.14,64.81,1.0,0,0,0.0,7,6,0.86,NONE,0
EMP-SYNTH-0482,Product & Design,REMOTE,FULL_TIME,4,3.9,4,3.66,72.59,0.0,6,3,2.37,4,0,0.0,OCCASIONAL,0
EMP-SYNTH-0483,Enterprise Sales,HYBRID,CONTRACT,6,8.7,4,4.32,89.64,1.0,2,2,0.2,6,4,0.67,FREQUENT,0
EMP-SYNTH-0484,Enterprise Sales,HYBRID,FULL_TIME,1,7.9,2,1.94,40.21,-1.0,3,1,1.88,5,4,0.8,NONE,0
EMP-SYNTH-0485,Engineering,OFFICE,FULL_TIME,9,8.7,4,4.15,79.3,0.5,5,3,2.38,5,3,0.6,OCCASIONAL,0
EMP-SYNTH-0486,Human Resources,HYBRID,PART_TIME,6,9.7,2,1.91,35.02,0.0,6,1,0.06,0,0,0.0,NONE,1
EMP-SYNTH-0487,Enterprise Sales,OFFICE,CONTRACT,3,1.1,4,4.1,78.49,0.0,1,0,0.04,8,6,0.75,OCCASIONAL,0
EMP-SYNTH-0488,Human Resources,HYBRID,FULL_TIME,4,11.4,4,3.77,77.86,0.0,1,1,2.57,3,2,0.67,FREQUENT,0
EMP-SYNTH-0489,Human Resources,REMOTE,FULL_TIME,7,9.6,1,1.48,26.95,0.0,1,1,1.75,7,1,0.14,NONE,0
EMP-SYNTH-0490,Enterprise Sales,HYBRID,FULL_TIME,7,8.6,4,3.76,71.15,-1.0,0,0,0.0,3,3,1.0,OCCASIONAL,0
EMP-SYNTH-0491,Growth & Marketing,HYBRID,PART_TIME,1,0.6,3,2.88,62.38,1.0,2,0,2.9,8,0,0.0,FREQUENT,0
EMP-SYNTH-0492,Enterprise Sales,REMOTE,CONTRACT,3,1.5,4,3.93,76.2,0.0,0,0,0.0,7,4,0.57,FREQUENT,0
EMP-SYNTH-0493,Product & Design,REMOTE,CONTRACT,5,7.5,4,3.76,73.33,-0.5,2,2,2.98,2,2,1.0,FREQUENT,0
EMP-SYNTH-0494,Human Resources,OFFICE,FULL_TIME,4,2.6,3,2.66,52.87,-1.0,3,0,1.32,8,7,0.88,OCCASIONAL,0
EMP-SYNTH-0495,Enterprise Sales,OFFICE,PART_TIME,3,1.9,2,2.37,44.21,-0.5,5,2,1.69,3,0,0.0,FREQUENT,1
EMP-SYNTH-0496,Engineering,OFFICE,CONTRACT,2,10.7,1,1.18,25.41,0.0,2,2,2.79,1,1,1.0,NONE,0
EMP-SYNTH-0497,Engineering,OFFICE,CONTRACT,8,5.7,5,5.0,95.06,-1.0,5,3,0.97,2,0,0.0,NONE,1
EMP-SYNTH-0498,Engineering,HYBRID,FULL_TIME,9,11.4,3,2.9,54.78,0.0,0,0,0.0,3,1,0.33,OCCASIONAL,0
EMP-SYNTH-0499,Enterprise Sales,REMOTE,PART_TIME,3,1.9,3,2.93,61.66,0.0,5,1,1.08,1,1,1.0,FREQUENT,0
EMP-SYNTH-0500,Enterprise Sales,REMOTE,CONTRACT,10,7.4,2,1.92,37.08,-0.5,3,3,0.28,8,5,0.62,OCCASIONAL,1
EMP-SYNTH-0501,Human Resources,HYBRID,PART_TIME,3,11.2,3,3.15,58.84,0.0,3,0,2.72,7,4,0.57,NONE,0
EMP-SYNTH-0502,Product & Design,OFFICE,PART_TIME,7,3.9,1,1.0,15.45,-1.0,4,3,1.24,7,4,0.57,OCCASIONAL,1
EMP-SYNTH-0503,Product & Design,HYBRID,FULL_TIME,9,0.7,4,3.96,82.06,0.0,0,0,0.0,6,5,0.83,OCCASIONAL,0
EMP-SYNTH-0504,Enterprise Sales,HYBRID,CONTRACT,6,11.6,4,3.69,70.65,1.0,4,2,2.61,1,1,1.0,FREQUENT,0
EMP-SYNTH-0505,Engineering,OFFICE,CONTRACT,2,0.7,4,3.96,78.25,1.0,5,3,0.91,5,5,1.0,FREQUENT,0
EMP-SYNTH-0506,Product & Design,OFFICE,FULL_TIME,3,0.7,2,1.52,35.11,-1.0,1,1,1.95,3,3,1.0,FREQUENT,1
EMP-SYNTH-0507,Growth & Marketing,OFFICE,FULL_TIME,5,9.4,2,1.92,34.56,-0.5,5,3,2.89,7,0,0.0,OCCASIONAL,1
EMP-SYNTH-0508,Growth & Marketing,REMOTE,FULL_TIME,6,0.6,4,4.21,88.99,0.0,5,2,0.11,6,3,0.5,FREQUENT,0
EMP-SYNTH-0509,Growth & Marketing,HYBRID,PART_TIME,8,3.2,2,1.52,31.16,0.5,0,0,0.0,6,3,0.5,NONE,0
EMP-SYNTH-0510,Product & Design,REMOTE,PART_TIME,7,0.7,3,2.69,52.24,-0.5,4,1,1.76,5,4,0.8,FREQUENT,0
EMP-SYNTH-0511,Enterprise Sales,OFFICE,CONTRACT,7,11.5,4,4.17,85.75,0.0,6,1,1.87,4,0,0.0,FREQUENT,0
EMP-SYNTH-0512,Human Resources,HYBRID,CONTRACT,2,9.6,5,4.99,97.15,0.5,0,0,0.0,5,2,0.4,OCCASIONAL,0
EMP-SYNTH-0513,Human Resources,OFFICE,PART_TIME,1,9.8,3,2.61,49.47,0.5,1,1,0.77,5,2,0.4,NONE,0
EMP-SYNTH-0514,Human Resources,HYBRID,PART_TIME,10,8.2,4,4.43,87.98,0.0,6,0,2.92,1,0,0.0,FREQUENT,0
EMP-SYNTH-0515,Engineering,OFFICE,PART_TIME,2,10.5,5,4.66,91.12,0.0,6,3,2.2,1,0,0.0,FREQUENT,0
EMP-SYNTH-0516,Engineering,OFFICE,CONTRACT,7,9.3,1,1.33,26.34,0.0,4,1,0.26,5,5,1.0,OCCASIONAL,1
EMP-SYNTH-0517,Product & Design,HYBRID,PART_TIME,4,2.2,4,3.92,75.68,0.0,3,3,2.69,8,5,0.62,NONE,0
EMP-SYNTH-0518,Growth & Marketing,OFFICE,FULL_TIME,6,4.1,5,4.66,88.81,-1.0,5,1,2.71,0,0,0.0,OCCASIONAL,1
EMP-SYNTH-0519,Enterprise Sales,HYBRID,PART_TIME,9,10.5,4,3.81,74.64,0.0,4,1,2.1,7,3,0.43,FREQUENT,0
EMP-SYNTH-0520,Enterprise Sales,HYBRID,CONTRACT,7,9.4,4,3.58,71.97,0.0,5,1,1.56,8,4,0.5,NONE,0
EMP-SYNTH-0521,Engineering,HYBRID,PART_TIME,5,6.5,4,3.66,68.48,0.5,4,2,0.72,4,3,0.75,FREQUENT,0
EMP-SYNTH-0522,Product & Design,REMOTE,PART_TIME,9,4.6,1,1.15,19.25,0.0,4,0,1.36,3,1,0.33,OCCASIONAL,0
EMP-SYNTH-0523,Product & Design,REMOTE,PART_TIME,10,8.2,4,4.02,77.88,0.0,4,1,2.47,5,3,0.6,NONE,0
EMP-SYNTH-0524,Enterprise Sales,OFFICE,FULL_TIME,1,5.4,2,1.71,29.98,1.0,4,3,1.76,8,6,0.75,OCCASIONAL,1
EMP-SYNTH-0525,Growth & Marketing,REMOTE,PART_TIME,7,12.0,4,4.45,91.32,0.0,6,1,0.43,2,1,0.5,FREQUENT,0
EMP-SYNTH-0526,Growth & Marketing,HYBRID,FULL_TIME,4,5.7,1,1.0,20.59,-1.0,4,3,0.33,5,4,0.8,OCCASIONAL,1
EMP-SYNTH-0527,Engineering,HYBRID,FULL_TIME,2,4.8,5,4.8,95.86,-0.5,1,1,0.15,4,2,0.5,NONE,0
EMP-SYNTH-0528,Engineering,OFFICE,PART_TIME,6,1.3,1,1.0,18.1,0.0,2,1,1.43,2,0,0.0,FREQUENT,1
EMP-SYNTH-0529,Enterprise Sales,REMOTE,PART_TIME,8,2.2,4,3.59,73.05,0.5,3,3,0.7,6,2,0.33,FREQUENT,0
EMP-SYNTH-0530,Enterprise Sales,HYBRID,CONTRACT,2,10.5,4,4.07,84.36,1.0,2,2,1.94,8,1,0.12,NONE,0
EMP-SYNTH-0531,Growth & Marketing,HYBRID,PART_TIME,1,11.5,3,3.25,65.03,-1.0,0,0,0.0,0,0,0.0,NONE,0
EMP-SYNTH-0532,Growth & Marketing,REMOTE,FULL_TIME,9,7.5,3,2.54,54.42,-1.0,2,1,0.54,0,0,0.0,OCCASIONAL,1
EMP-SYNTH-0533,Product & Design,OFFICE,FULL_TIME,2,6.7,3,2.68,56.28,-0.5,2,1,2.04,0,0,0.0,NONE,1
EMP-SYNTH-0534,Enterprise Sales,OFFICE,CONTRACT,3,5.2,3,2.88,60.88,-1.0,0,0,0.0,3,1,0.33,OCCASIONAL,0
EMP-SYNTH-0535,Growth & Marketing,HYBRID,CONTRACT,2,3.6,3,3.05,56.65,-1.0,3,1,2.74,0,0,0.0,FREQUENT,1
EMP-SYNTH-0536,Human Resources,HYBRID,PART_TIME,3,4.0,3,2.58,52.96,-0.5,6,1,1.12,2,0,0.0,FREQUENT,1
EMP-SYNTH-0537,Enterprise Sales,HYBRID,CONTRACT,1,0.5,3,3.33,64.49,-0.5,0,0,0.0,7,4,0.57,FREQUENT,0
EMP-SYNTH-0538,Product & Design,HYBRID,FULL_TIME,10,10.2,3,2.66,53.54,-1.0,2,0,1.19,1,0,0.0,FREQUENT,1
EMP-SYNTH-0539,Growth & Marketing,REMOTE,CONTRACT,4,7.5,5,4.82,98.22,0.0,5,2,2.94,7,4,0.57,NONE,0
EMP-SYNTH-0540,Human Resources,REMOTE,PART_TIME,6,0.7,4,4.15,78.02,0.0,0,0,0.0,2,1,0.5,FREQUENT,0
EMP-SYNTH-0541,Enterprise Sales,REMOTE,PART_TIME,2,9.6,4,3.58,66.91,1.0,3,0,1.06,6,6,1.0,FREQUENT,0
EMP-SYNTH-0542,Engineering,OFFICE,CONTRACT,6,11.3,3,2.72,49.6,0.0,5,2,0.57,4,1,0.25,NONE,1
EMP-SYNTH-0543,Enterprise Sales,REMOTE,FULL_TIME,5,6.2,4,4.11,77.27,1.0,3,0,2.61,8,7,0.88,NONE,0
EMP-SYNTH-0544,Growth & Marketing,HYBRID,PART_TIME,10,7.0,2,1.63,28.25,0.0,4,1,2.64,4,1,0.25,FREQUENT,1
EMP-SYNTH-0545,Engineering,HYBRID,PART_TIME,9,7.6,4,4.38,82.62,0.0,5,0,2.56,5,3,0.6,OCCASIONAL,0
EMP-SYNTH-0546,Enterprise Sales,REMOTE,CONTRACT,9,9.2,4,3.72,72.18,0.0,4,3,0.95,6,1,0.17,OCCASIONAL,1
EMP-SYNTH-0547,Engineering,HYBRID,FULL_TIME,4,11.7,3,2.57,48.9,-0.5,2,1,0.19,1,0,0.0,OCCASIONAL,1
EMP-SYNTH-0548,Product & Design,REMOTE,FULL_TIME,2,5.9,5,5.0,103.22,0.5,6,1,2.83,7,1,0.14,FREQUENT,0
EMP-SYNTH-0549,Enterprise Sales,HYBRID,FULL_TIME,2,11.7,5,4.88,101.5,1.0,0,0,0.0,0,0,0.0,NONE,0
EMP-SYNTH-0550,Engineering,OFFICE,PART_TIME,1,6.9,3,2.88,53.56,0.0,1,0,1.36,7,6,0.86,FREQUENT,0
EMP-SYNTH-0551,Growth & Marketing,OFFICE,CONTRACT,1,5.7,3,2.69,49.83,0.5,5,0,1.78,3,1,0.33,FREQUENT,0
EMP-SYNTH-0552,Enterprise Sales,HYBRID,PART_TIME,8,2.6,2,1.54,27.08,0.5,3,2,0.93,8,2,0.25,NONE,1
EMP-SYNTH-0553,Enterprise Sales,REMOTE,PART_TIME,6,3.8,5,5.0,101.58,-0.5,0,0,0.0,8,8,1.0,NONE,0
EMP-SYNTH-0554,Human Resources,HYBRID,FULL_TIME,2,4.4,4,4.19,88.62,0.5,5,2,2.56,5,4,0.8,OCCASIONAL,0
EMP-SYNTH-0555,Enterprise Sales,REMOTE,FULL_TIME,2,5.7,4,3.54,67.99,-1.0,5,1,2.08,7,3,0.43,NONE,0
EMP-SYNTH-0556,Product & Design,HYBRID,CONTRACT,4,5.1,4,3.51,65.3,0.0,0,0,0.0,2,1,0.5,OCCASIONAL,0
EMP-SYNTH-0557,Human Resources,HYBRID,PART_TIME,6,1.0,1,1.0,16.74,0.0,5,1,1.02,8,3,0.38,NONE,1
EMP-SYNTH-0558,Product & Design,OFFICE,FULL_TIME,3,4.9,4,3.61,76.56,0.0,3,1,1.11,5,5,1.0,NONE,0
EMP-SYNTH-0559,Growth & Marketing,HYBRID,CONTRACT,2,1.9,4,3.63,69.5,0.5,3,2,0.95,6,5,0.83,NONE,0
EMP-SYNTH-0560,Growth & Marketing,OFFICE,PART_TIME,5,9.6,3,2.55,53.96,-0.5,6,3,0.63,1,1,1.0,FREQUENT,1
EMP-SYNTH-0561,Growth & Marketing,OFFICE,FULL_TIME,9,5.0,4,4.25,83.74,0.5,3,1,0.97,5,4,0.8,FREQUENT,0
EMP-SYNTH-0562,Enterprise Sales,REMOTE,PART_TIME,7,7.8,4,4.15,80.07,-0.5,3,1,1.19,4,3,0.75,OCCASIONAL,0
EMP-SYNTH-0563,Growth & Marketing,OFFICE,CONTRACT,5,6.8,2,1.58,31.05,0.0,1,0,1.4,5,3,0.6,OCCASIONAL,0
EMP-SYNTH-0564,Enterprise Sales,REMOTE,CONTRACT,7,0.8,3,2.77,51.16,-1.0,2,2,1.54,1,1,1.0,NONE,0
EMP-SYNTH-0565,Engineering,OFFICE,FULL_TIME,6,0.9,3,2.7,52.29,0.0,5,2,0.57,2,2,1.0,FREQUENT,0
EMP-SYNTH-0566,Product & Design,REMOTE,CONTRACT,7,11.4,4,4.26,80.32,1.0,4,1,2.6,3,1,0.33,FREQUENT,0
EMP-SYNTH-0567,Human Resources,REMOTE,FULL_TIME,9,7.3,3,2.97,62.54,0.0,6,0,0.94,3,3,1.0,FREQUENT,0
EMP-SYNTH-0568,Growth & Marketing,OFFICE,CONTRACT,3,7.1,2,2.44,43.9,1.0,6,2,1.02,6,3,0.5,FREQUENT,1
EMP-SYNTH-0569,Enterprise Sales,HYBRID,PART_TIME,5,4.2,1,1.29,30.02,-0.5,2,2,1.89,6,3,0.5,NONE,1
EMP-SYNTH-0570,Enterprise Sales,OFFICE,CONTRACT,2,4.3,5,5.0,98.05,-0.5,0,0,0.0,0,0,0.0,NONE,0
EMP-SYNTH-0571,Human Resources,OFFICE,FULL_TIME,7,3.8,3,3.16,58.9,-1.0,2,2,0.03,5,3,0.6,OCCASIONAL,0
EMP-SYNTH-0572,Growth & Marketing,REMOTE,CONTRACT,2,5.0,5,4.71,97.9,0.0,3,3,0.48,4,4,1.0,NONE,0
EMP-SYNTH-0573,Growth & Marketing,HYBRID,PART_TIME,8,3.7,1,1.0,15.64,0.0,4,1,1.58,7,7,1.0,OCCASIONAL,0
EMP-SYNTH-0574,Product & Design,HYBRID,CONTRACT,6,8.6,4,3.8,77.13,-0.5,3,1,0.54,6,3,0.5,OCCASIONAL,0
EMP-SYNTH-0575,Human Resources,HYBRID,PART_TIME,2,5.0,5,4.74,98.51,0.0,5,2,2.0,1,0,0.0,OCCASIONAL,0
EMP-SYNTH-0576,Engineering,REMOTE,FULL_TIME,2,6.3,4,3.91,74.85,-0.5,4,0,1.39,1,1,1.0,OCCASIONAL,0
EMP-SYNTH-0577,Product & Design,HYBRID,CONTRACT,4,5.1,1,1.0,24.17,0.0,5,3,1.45,1,0,0.0,FREQUENT,1
EMP-SYNTH-0578,Enterprise Sales,OFFICE,CONTRACT,5,10.2,2,1.52,26.41,0.0,0,0,0.0,2,0,0.0,FREQUENT,0
EMP-SYNTH-0579,Engineering,HYBRID,CONTRACT,3,5.6,2,2.21,48.13,0.5,1,1,2.09,8,1,0.12,OCCASIONAL,0
EMP-SYNTH-0580,Growth & Marketing,OFFICE,FULL_TIME,7,9.3,5,4.87,94.79,-1.0,0,0,0.0,0,0,0.0,OCCASIONAL,0
EMP-SYNTH-0581,Human Resources,HYBRID,PART_TIME,2,3.0,4,4.3,89.3,-0.5,5,1,0.13,8,1,0.12,OCCASIONAL,0
EMP-SYNTH-0582,Growth & Marketing,OFFICE,PART_TIME,7,11.3,2,1.71,32.77,-0.5,0,0,0.0,5,0,0.0,OCCASIONAL,1
EMP-SYNTH-0583,Human Resources,REMOTE,FULL_TIME,2,8.1,3,3.12,57.84,-0.5,3,2,2.3,7,1,0.14,FREQUENT,1
EMP-SYNTH-0584,Growth & Marketing,OFFICE,CONTRACT,2,7.4,5,5.0,101.78,1.0,1,1,0.53,5,5,1.0,OCCASIONAL,0
EMP-SYNTH-0585,Engineering,REMOTE,FULL_TIME,10,11.0,3,3.01,62.62,0.5,4,0,0.7,1,1,1.0,NONE,0
EMP-SYNTH-0586,Growth & Marketing,OFFICE,FULL_TIME,3,4.8,3,2.65,50.04,-1.0,1,1,2.22,5,1,0.2,OCCASIONAL,0
EMP-SYNTH-0587,Product & Design,HYBRID,FULL_TIME,9,9.6,3,3.31,68.71,-0.5,6,2,1.03,3,0,0.0,FREQUENT,1
EMP-SYNTH-0588,Human Resources,HYBRID,CONTRACT,9,4.2,3,2.51,53.9,-1.0,1,0,1.9,2,0,0.0,NONE,0
EMP-SYNTH-0589,Engineering,OFFICE,PART_TIME,9,10.1,5,4.74,90.58,1.0,3,2,0.49,3,1,0.33,OCCASIONAL,0
EMP-SYNTH-0590,Product & Design,HYBRID,CONTRACT,4,3.6,4,3.58,76.33,0.0,3,1,1.41,6,4,0.67,FREQUENT,0
EMP-SYNTH-0591,Enterprise Sales,OFFICE,CONTRACT,1,9.3,3,2.58,55.66,0.0,4,1,1.66,2,1,0.5,OCCASIONAL,0
EMP-SYNTH-0592,Enterprise Sales,HYBRID,PART_TIME,8,1.3,2,1.97,35.95,-0.5,0,0,0.0,8,5,0.62,OCCASIONAL,1
EMP-SYNTH-0593,Enterprise Sales,REMOTE,CONTRACT,6,4.9,3,3.49,65.51,-1.0,0,0,0.0,2,0,0.0,OCCASIONAL,1
EMP-SYNTH-0594,Product & Design,HYBRID,PART_TIME,8,7.8,3,2.56,50.05,0.0,5,1,0.73,0,0,0.0,FREQUENT,0
EMP-SYNTH-0595,Engineering,HYBRID,PART_TIME,3,3.5,3,3.18,61.14,0.5,4,1,0.04,1,1,1.0,OCCASIONAL,0
EMP-SYNTH-0596,Engineering,HYBRID,FULL_TIME,7,2.4,3,3.19,63.81,0.5,5,3,1.76,6,6,1.0,FREQUENT,0
EMP-SYNTH-0597,Engineering,OFFICE,PART_TIME,10,9.4,3,2.64,55.29,1.0,3,2,0.02,2,1,0.5,NONE,0
EMP-SYNTH-0598,Enterprise Sales,HYBRID,CONTRACT,5,8.9,2,1.87,39.44,-0.5,3,1,1.51,1,1,1.0,FREQUENT,1
EMP-SYNTH-0599,Human Resources,OFFICE,FULL_TIME,1,9.1,4,3.69,78.63,0.0,3,0,2.61,2,0,0.0,OCCASIONAL,0
EMP-SYNTH-0600,Engineering,REMOTE,FULL_TIME,10,3.2,3,3.26,60.3,0.0,6,0,2.0,0,0,0.0,NONE,0
EMP-SYNTH-0601,Growth & Marketing,OFFICE,CONTRACT,10,6.5,5,4.77,95.26,0.0,4,3,1.01,5,2,0.4,NONE,0
EMP-SYNTH-0602,Enterprise Sales,HYBRID,FULL_TIME,6,10.5,4,3.5,73.71,0.0,5,1,0.08,1,1,1.0,FREQUENT,0
EMP-SYNTH-0603,Human Resources,REMOTE,CONTRACT,10,8.4,4,4.01,81.8,-1.0,5,2,0.05,5,0,0.0,FREQUENT,1
EMP-SYNTH-0604,Growth & Marketing,REMOTE,CONTRACT,10,9.6,3,3.44,73.21,0.0,5,0,2.2,4,4,1.0,NONE,0
EMP-SYNTH-0605,Human Resources,HYBRID,PART_TIME,9,0.9,3,2.59,55.12,0.5,6,3,0.5,7,1,0.14,OCCASIONAL,0
EMP-SYNTH-0606,Human Resources,OFFICE,PART_TIME,2,1.7,5,4.53,94.89,0.0,3,2,0.66,4,3,0.75,FREQUENT,0
EMP-SYNTH-0607,Engineering,HYBRID,FULL_TIME,9,7.8,3,3.3,64.33,-0.5,4,0,1.93,6,5,0.83,FREQUENT,0
EMP-SYNTH-0608,Growth & Marketing,REMOTE,FULL_TIME,4,3.5,3,2.61,50.6,0.5,1,0,1.72,2,1,0.5,OCCASIONAL,0
EMP-SYNTH-0609,Growth & Marketing,HYBRID,FULL_TIME,5,1.2,3,3.35,71.8,0.0,6,2,2.39,2,2,1.0,FREQUENT,0
EMP-SYNTH-0610,Enterprise Sales,OFFICE,PART_TIME,8,4.1,4,3.8,73.19,1.0,3,1,1.8,2,2,1.0,FREQUENT,0
EMP-SYNTH-0611,Engineering,HYBRID,CONTRACT,5,6.3,4,3.77,78.88,0.5,3,1,1.49,6,0,0.0,OCCASIONAL,0
EMP-SYNTH-0612,Human Resources,HYBRID,PART_TIME,1,11.1,4,4.36,89.47,0.0,6,1,2.97,8,6,0.75,OCCASIONAL,0
EMP-SYNTH-0613,Enterprise Sales,HYBRID,CONTRACT,6,9.2,3,3.03,58.43,1.0,1,1,0.29,5,4,0.8,NONE,0
EMP-SYNTH-0614,Enterprise Sales,HYBRID,FULL_TIME,10,2.1,4,3.79,72.25,-0.5,6,1,2.21,0,0,0.0,FREQUENT,0
EMP-SYNTH-0615,Growth & Marketing,OFFICE,PART_TIME,3,4.8,5,5.0,96.68,-1.0,0,0,0.0,7,2,0.29,NONE,0
EMP-SYNTH-0616,Product & Design,HYBRID,CONTRACT,3,7.7,3,2.53,48.01,0.0,2,2,1.79,2,2,1.0,FREQUENT,0
EMP-SYNTH-0617,Enterprise Sales,HYBRID,PART_TIME,2,9.4,4,4.15,80.75,1.0,3,2,0.03,1,0,0.0,NONE,0
EMP-SYNTH-0618,Growth & Marketing,OFFICE,FULL_TIME,10,7.1,3,2.77,57.85,0.5,1,1,1.45,6,2,0.33,FREQUENT,0
EMP-SYNTH-0619,Human Resources,OFFICE,CONTRACT,2,8.7,4,4.04,79.85,1.0,0,0,0.0,8,8,1.0,FREQUENT,0
EMP-SYNTH-0620,Growth & Marketing,HYBRID,PART_TIME,2,9.2,3,3.16,59.37,0.5,5,1,0.02,7,5,0.71,NONE,0
EMP-SYNTH-0621,Engineering,OFFICE,PART_TIME,4,8.0,2,1.76,37.73,-1.0,0,0,0.0,5,4,0.8,NONE,0
EMP-SYNTH-0622,Engineering,OFFICE,CONTRACT,1,11.4,3,3.28,67.19,0.0,1,1,2.09,8,5,0.62,FREQUENT,0
EMP-SYNTH-0623,Growth & Marketing,HYBRID,FULL_TIME,2,8.1,1,1.0,16.42,-0.5,1,0,1.78,4,1,0.25,FREQUENT,1
EMP-SYNTH-0624,Product & Design,REMOTE,CONTRACT,3,5.1,2,1.75,34.25,1.0,1,0,0.21,4,1,0.25,FREQUENT,0
EMP-SYNTH-0625,Product & Design,HYBRID,PART_TIME,9,7.5,3,2.65,57.92,0.0,3,0,2.89,3,0,0.0,OCCASIONAL,0
EMP-SYNTH-0626,Growth & Marketing,REMOTE,FULL_TIME,6,7.9,3,2.83,54.33,-0.5,2,0,0.29,3,3,1.0,NONE,0
EMP-SYNTH-0627,Engineering,OFFICE,PART_TIME,5,7.3,4,3.6,70.49,0.5,6,2,1.65,1,0,0.0,NONE,0
EMP-SYNTH-0628,Human Resources,REMOTE,PART_TIME,9,6.8,4,3.9,78.92,0.0,0,0,0.0,2,0,0.0,OCCASIONAL,0
EMP-SYNTH-0629,Growth & Marketing,HYBRID,CONTRACT,1,11.1,4,3.87,80.18,1.0,4,3,2.12,2,1,0.5,OCCASIONAL,0
EMP-SYNTH-0630,Product & Design,REMOTE,PART_TIME,4,4.0,4,4.45,88.07,0.0,6,0,1.9,1,0,0.0,NONE,0
EMP-SYNTH-0631,Human Resources,HYBRID,FULL_TIME,2,9.0,3,2.99,63.54,0.0,5,1,1.44,8,8,1.0,FREQUENT,0
EMP-SYNTH-0632,Human Resources,HYBRID,FULL_TIME,7,8.6,4,3.74,77.19,0.5,5,0,1.82,2,2,1.0,FREQUENT,0
EMP-SYNTH-0633,Human Resources,OFFICE,FULL_TIME,6,10.2,3,3.45,68.23,0.0,1,1,2.91,5,5,1.0,NONE,0
EMP-SYNTH-0634,Engineering,REMOTE,CONTRACT,8,3.9,3,3.24,65.49,-0.5,2,2,1.55,0,0,0.0,FREQUENT,1
EMP-SYNTH-0635,Enterprise Sales,OFFICE,CONTRACT,1,7.6,3,2.85,52.05,1.0,1,1,1.06,1,1,1.0,OCCASIONAL,0
EMP-SYNTH-0636,Human Resources,REMOTE,FULL_TIME,8,0.6,4,3.75,74.71,0.0,2,1,1.29,2,2,1.0,OCCASIONAL,0
EMP-SYNTH-0637,Engineering,REMOTE,PART_TIME,8,2.4,3,2.93,57.19,1.0,1,0,0.57,0,0,0.0,OCCASIONAL,0
EMP-SYNTH-0638,Engineering,OFFICE,PART_TIME,4,11.4,5,5.0,96.19,0.0,4,3,2.4,2,1,0.5,OCCASIONAL,0
EMP-SYNTH-0639,Growth & Marketing,HYBRID,PART_TIME,7,2.0,5,5.0,96.26,0.0,4,0,2.3,3,0,0.0,FREQUENT,0
EMP-SYNTH-0640,Growth & Marketing,HYBRID,FULL_TIME,7,6.0,3,2.58,50.89,0.5,1,0,0.75,1,1,1.0,FREQUENT,0
EMP-SYNTH-0641,Human Resources,HYBRID,CONTRACT,4,5.9,4,3.6,74.3,0.5,1,0,2.98,2,0,0.0,NONE,0
EMP-SYNTH-0642,Human Resources,OFFICE,CONTRACT,1,7.6,2,1.55,30.07,0.0,5,1,0.67,6,3,0.5,NONE,0
EMP-SYNTH-0643,Growth & Marketing,REMOTE,PART_TIME,1,4.0,3,2.78,54.11,0.0,1,1,2.69,2,0,0.0,NONE,1
EMP-SYNTH-0644,Human Resources,REMOTE,CONTRACT,5,10.9,2,1.68,38.08,0.0,2,1,0.33,0,0,0.0,OCCASIONAL,1
EMP-SYNTH-0645,Product & Design,HYBRID,CONTRACT,10,6.6,3,3.15,60.1,0.0,0,0,0.0,2,2,1.0,FREQUENT,0
EMP-SYNTH-0646,Human Resources,OFFICE,PART_TIME,8,11.1,2,2.05,39.43,1.0,3,1,1.6,2,0,0.0,NONE,0
EMP-SYNTH-0647,Human Resources,REMOTE,PART_TIME,5,10.8,4,4.35,87.6,0.0,2,1,1.89,1,1,1.0,NONE,0
EMP-SYNTH-0648,Growth & Marketing,OFFICE,FULL_TIME,10,3.7,5,4.79,100.36,-1.0,6,1,2.22,6,3,0.5,FREQUENT,0
EMP-SYNTH-0649,Growth & Marketing,HYBRID,FULL_TIME,3,5.5,3,3.06,60.1,0.5,2,0,0.55,2,2,1.0,NONE,0
EMP-SYNTH-0650,Growth & Marketing,REMOTE,PART_TIME,9,3.5,4,3.8,73.69,-1.0,1,0,0.14,3,2,0.67,NONE,0
EMP-SYNTH-0651,Human Resources,REMOTE,FULL_TIME,5,10.5,2,2.48,54.5,-0.5,4,0,0.0,5,5,1.0,FREQUENT,1
EMP-SYNTH-0652,Growth & Marketing,REMOTE,PART_TIME,3,5.2,4,3.82,71.97,-1.0,6,2,0.66,4,1,0.25,OCCASIONAL,1
EMP-SYNTH-0653,Engineering,HYBRID,PART_TIME,10,1.7,4,3.88,79.14,1.0,5,1,2.45,3,2,0.67,OCCASIONAL,0
EMP-SYNTH-0654,Enterprise Sales,OFFICE,CONTRACT,4,8.9,3,2.65,52.79,0.0,1,1,0.56,2,0,0.0,FREQUENT,1
EMP-SYNTH-0655,Enterprise Sales,HYBRID,FULL_TIME,5,0.7,2,1.68,32.54,0.5,1,0,0.43,6,1,0.17,OCCASIONAL,1
EMP-SYNTH-0656,Engineering,HYBRID,PART_TIME,3,8.9,4,4.1,80.78,-1.0,0,0,0.0,0,0,0.0,NONE,0
EMP-SYNTH-0657,Engineering,REMOTE,FULL_TIME,10,0.7,5,5.0,96.06,1.0,6,2,2.56,1,0,0.0,NONE,0
EMP-SYNTH-0658,Enterprise Sales,OFFICE,CONTRACT,6,6.0,3,3.04,58.47,0.5,0,0,0.0,0,0,0.0,FREQUENT,0
EMP-SYNTH-0659,Product & Design,OFFICE,PART_TIME,7,2.1,5,4.52,89.67,-0.5,2,2,0.86,6,5,0.83,FREQUENT,0
EMP-SYNTH-0660,Human Resources,OFFICE,FULL_TIME,2,11.5,3,2.58,49.94,0.0,0,0,0.0,2,0,0.0,OCCASIONAL,0
EMP-SYNTH-0661,Growth & Marketing,REMOTE,PART_TIME,3,8.3,2,2.17,41.42,0.0,2,0,0.81,7,5,0.71,OCCASIONAL,0
EMP-SYNTH-0662,Engineering,OFFICE,FULL_TIME,3,4.2,3,3.22,67.26,0.0,6,0,0.34,6,5,0.83,OCCASIONAL,0
EMP-SYNTH-0663,Human Resources,OFFICE,CONTRACT,3,2.6,3,2.82,55.64,1.0,3,2,0.41,3,3,1.0,OCCASIONAL,0
EMP-SYNTH-0664,Enterprise Sales,HYBRID,PART_TIME,4,4.9,3,2.92,59.18,1.0,6,1,2.11,3,2,0.67,NONE,0
EMP-SYNTH-0665,Human Resources,OFFICE,CONTRACT,9,6.0,2,1.61,36.31,0.0,6,1,0.88,2,2,1.0,OCCASIONAL,0
EMP-SYNTH-0666,Engineering,HYBRID,FULL_TIME,2,11.6,4,3.88,72.86,0.0,2,0,2.1,1,1,1.0,FREQUENT,0
EMP-SYNTH-0667,Human Resources,OFFICE,FULL_TIME,6,2.1,3,2.51,53.51,0.0,1,0,1.41,2,2,1.0,FREQUENT,0
EMP-SYNTH-0668,Enterprise Sales,HYBRID,CONTRACT,8,9.5,4,3.79,72.36,1.0,0,0,0.0,8,2,0.25,NONE,0
EMP-SYNTH-0669,Enterprise Sales,REMOTE,PART_TIME,8,6.9,4,4.42,88.42,1.0,1,1,2.79,4,0,0.0,FREQUENT,0
EMP-SYNTH-0670,Human Resources,REMOTE,PART_TIME,1,3.0,2,2.25,45.59,-1.0,6,3,1.43,6,6,1.0,OCCASIONAL,1
EMP-SYNTH-0671,Human Resources,OFFICE,CONTRACT,7,2.7,2,1.58,32.63,0.0,0,0,0.0,4,1,0.25,FREQUENT,1
EMP-SYNTH-0672,Engineering,REMOTE,FULL_TIME,9,2.8,5,4.74,90.65,0.5,4,0,1.69,7,0,0.0,NONE,0
EMP-SYNTH-0673,Product & Design,OFFICE,CONTRACT,1,11.8,4,4.46,89.2,0.0,6,3,2.18,2,2,1.0,FREQUENT,0
EMP-SYNTH-0674,Growth & Marketing,OFFICE,PART_TIME,3,0.8,4,3.98,83.29,-1.0,2,0,0.45,7,1,0.14,FREQUENT,0
EMP-SYNTH-0675,Engineering,HYBRID,FULL_TIME,4,9.8,4,4.27,82.01,0.5,4,2,1.34,2,1,0.5,OCCASIONAL,0
EMP-SYNTH-0676,Enterprise Sales,OFFICE,PART_TIME,7,3.2,5,5.0,104.58,0.5,5,3,0.29,0,0,0.0,OCCASIONAL,1
EMP-SYNTH-0677,Growth & Marketing,OFFICE,CONTRACT,2,5.7,2,1.8,31.68,0.5,2,1,0.27,2,2,1.0,OCCASIONAL,0
EMP-SYNTH-0678,Product & Design,REMOTE,PART_TIME,3,11.3,5,4.99,98.43,0.0,3,3,2.57,2,1,0.5,OCCASIONAL,0
EMP-SYNTH-0679,Growth & Marketing,HYBRID,CONTRACT,6,1.5,3,2.95,62.77,1.0,0,0,0.0,3,0,0.0,NONE,0
EMP-SYNTH-0680,Human Resources,HYBRID,CONTRACT,2,3.1,4,4.17,81.89,0.0,5,3,0.33,2,2,1.0,NONE,0
EMP-SYNTH-0681,Enterprise Sales,REMOTE,FULL_TIME,7,4.3,3,3.5,69.86,1.0,5,3,0.34,7,0,0.0,FREQUENT,1
EMP-SYNTH-0682,Human Resources,REMOTE,PART_TIME,1,11.9,4,3.56,74.29,0.0,3,1,0.16,0,0,0.0,OCCASIONAL,0
EMP-SYNTH-0683,Product & Design,HYBRID,FULL_TIME,2,2.1,3,2.58,55.34,0.0,6,3,1.57,4,1,0.25,NONE,1
EMP-SYNTH-0684,Product & Design,REMOTE,FULL_TIME,4,4.5,3,2.98,61.49,-0.5,5,3,1.06,6,6,1.0,NONE,0
EMP-SYNTH-0685,Growth & Marketing,HYBRID,FULL_TIME,2,8.8,3,2.64,54.44,1.0,5,2,0.04,7,2,0.29,OCCASIONAL,0
EMP-SYNTH-0686,Enterprise Sales,REMOTE,PART_TIME,1,11.9,5,5.0,101.34,1.0,4,0,0.11,3,3,1.0,FREQUENT,0
EMP-SYNTH-0687,Growth & Marketing,OFFICE,PART_TIME,7,3.0,3,2.69,55.6,-1.0,2,1,0.05,4,4,1.0,NONE,0
EMP-SYNTH-0688,Enterprise Sales,REMOTE,CONTRACT,6,4.6,3,3.02,63.05,-1.0,1,1,1.29,2,2,1.0,FREQUENT,0
EMP-SYNTH-0689,Human Resources,HYBRID,CONTRACT,7,3.8,4,4.18,84.94,1.0,4,0,2.99,1,0,0.0,FREQUENT,1
EMP-SYNTH-0690,Engineering,REMOTE,PART_TIME,10,11.2,2,1.94,39.61,-1.0,5,2,2.56,3,1,0.33,OCCASIONAL,1
EMP-SYNTH-0691,Growth & Marketing,REMOTE,FULL_TIME,4,10.3,5,4.85,99.94,0.0,3,3,0.02,5,1,0.2,FREQUENT,0
EMP-SYNTH-0692,Product & Design,REMOTE,CONTRACT,4,0.5,5,4.53,85.86,0.0,6,2,1.01,6,1,0.17,FREQUENT,1
EMP-SYNTH-0693,Enterprise Sales,OFFICE,PART_TIME,7,10.0,4,4.08,77.89,1.0,3,1,1.21,5,4,0.8,NONE,0
EMP-SYNTH-0694,Human Resources,HYBRID,FULL_TIME,10,9.5,4,4.13,80.2,0.5,1,1,0.61,1,0,0.0,OCCASIONAL,0
EMP-SYNTH-0695,Engineering,HYBRID,PART_TIME,3,0.8,4,4.42,84.19,0.0,0,0,0.0,7,5,0.71,NONE,0
EMP-SYNTH-0696,Product & Design,OFFICE,PART_TIME,4,8.9,4,3.88,75.2,-1.0,2,0,2.8,0,0,0.0,NONE,1
EMP-SYNTH-0697,Enterprise Sales,HYBRID,FULL_TIME,2,2.1,3,2.68,49.37,0.0,6,1,1.17,7,0,0.0,OCCASIONAL,1
EMP-SYNTH-0698,Engineering,OFFICE,PART_TIME,7,4.8,3,3.41,71.29,-0.5,2,0,2.71,0,0,0.0,OCCASIONAL,0
EMP-SYNTH-0699,Product & Design,REMOTE,PART_TIME,10,6.8,2,2.24,49.07,-0.5,4,0,1.61,8,8,1.0,NONE,1
EMP-SYNTH-0700,Human Resources,OFFICE,CONTRACT,3,3.0,4,4.44,86.48,0.0,1,0,1.05,8,4,0.5,OCCASIONAL,0
EMP-SYNTH-0701,Enterprise Sales,REMOTE,PART_TIME,7,11.1,3,2.7,57.46,1.0,2,1,0.31,4,1,0.25,NONE,0
EMP-SYNTH-0702,Enterprise Sales,REMOTE,PART_TIME,5,9.9,4,4.11,81.49,0.5,2,1,2.69,1,1,1.0,NONE,0
EMP-SYNTH-0703,Engineering,HYBRID,CONTRACT,10,5.2,4,4.38,92.1,0.5,2,1,0.09,2,1,0.5,OCCASIONAL,0
EMP-SYNTH-0704,Engineering,OFFICE,PART_TIME,6,4.8,4,3.62,70.59,-1.0,5,2,0.64,5,1,0.2,FREQUENT,1
EMP-SYNTH-0705,Engineering,REMOTE,CONTRACT,10,2.9,3,3.06,63.36,1.0,0,0,0.0,6,2,0.33,OCCASIONAL,0
EMP-SYNTH-0706,Enterprise Sales,REMOTE,FULL_TIME,5,5.3,2,1.67,31.67,0.0,1,0,0.86,0,0,0.0,OCCASIONAL,0
EMP-SYNTH-0707,Human Resources,REMOTE,FULL_TIME,9,11.1,1,1.14,18.49,-1.0,6,3,2.17,4,2,0.5,OCCASIONAL,1
EMP-SYNTH-0708,Product & Design,REMOTE,PART_TIME,1,5.0,4,3.95,82.49,-1.0,6,2,2.81,1,0,0.0,NONE,1
EMP-SYNTH-0709,Engineering,OFFICE,FULL_TIME,2,11.9,4,4.22,81.66,-1.0,1,1,2.45,8,0,0.0,FREQUENT,1
EMP-SYNTH-0710,Engineering,OFFICE,FULL_TIME,5,1.4,3,3.11,65.32,0.0,5,1,2.77,7,1,0.14,NONE,0
EMP-SYNTH-0711,Product & Design,OFFICE,PART_TIME,7,7.8,4,4.02,77.81,0.0,5,3,2.93,5,5,1.0,OCCASIONAL,0
EMP-SYNTH-0712,Product & Design,HYBRID,FULL_TIME,6,6.9,4,4.16,85.55,-0.5,5,0,0.23,7,0,0.0,NONE,0
EMP-SYNTH-0713,Engineering,HYBRID,FULL_TIME,8,9.9,2,1.6,29.09,0.5,6,2,2.28,4,3,0.75,FREQUENT,1
EMP-SYNTH-0714,Human Resources,OFFICE,CONTRACT,7,11.7,4,4.01,83.0,-0.5,0,0,0.0,6,1,0.17,FREQUENT,1
EMP-SYNTH-0715,Product & Design,HYBRID,PART_TIME,2,2.2,4,4.25,82.41,0.0,1,1,0.09,8,7,0.88,OCCASIONAL,0
EMP-SYNTH-0716,Engineering,REMOTE,CONTRACT,4,2.2,3,3.01,55.73,0.0,2,0,0.15,6,5,0.83,OCCASIONAL,0
EMP-SYNTH-0717,Human Resources,REMOTE,FULL_TIME,7,2.5,3,3.11,62.39,-1.0,5,0,1.94,1,0,0.0,NONE,0
EMP-SYNTH-0718,Product & Design,OFFICE,FULL_TIME,9,1.7,3,3.12,64.56,0.0,3,0,0.66,4,3,0.75,NONE,0
EMP-SYNTH-0719,Human Resources,OFFICE,CONTRACT,5,8.6,3,2.5,46.85,1.0,4,3,2.22,3,1,0.33,OCCASIONAL,0
EMP-SYNTH-0720,Product & Design,REMOTE,FULL_TIME,1,8.2,3,2.52,55.14,-1.0,1,0,1.78,7,0,0.0,OCCASIONAL,0
EMP-SYNTH-0721,Human Resources,REMOTE,FULL_TIME,1,9.9,3,3.49,73.15,0.5,4,1,2.26,1,0,0.0,OCCASIONAL,0
EMP-SYNTH-0722,Enterprise Sales,HYBRID,CONTRACT,9,3.5,3,2.86,52.34,0.0,2,2,1.0,8,7,0.88,NONE,0
EMP-SYNTH-0723,Product & Design,HYBRID,PART_TIME,1,2.2,3,2.72,59.34,0.0,3,0,0.73,6,2,0.33,NONE,0
EMP-SYNTH-0724,Enterprise Sales,HYBRID,FULL_TIME,5,10.6,4,4.4,87.49,0.5,1,1,2.73,5,2,0.4,OCCASIONAL,0
EMP-SYNTH-0725,Growth & Marketing,REMOTE,CONTRACT,5,2.7,3,3.2,67.34,-1.0,3,3,1.7,5,2,0.4,NONE,1
EMP-SYNTH-0726,Human Resources,REMOTE,PART_TIME,3,6.5,3,3.06,57.83,0.0,2,0,2.4,0,0,0.0,NONE,0
EMP-SYNTH-0727,Human Resources,REMOTE,PART_TIME,2,1.1,3,2.93,60.2,-1.0,0,0,0.0,2,1,0.5,OCCASIONAL,0
EMP-SYNTH-0728,Growth & Marketing,OFFICE,FULL_TIME,5,2.1,4,3.93,82.78,0.0,1,0,1.42,5,1,0.2,FREQUENT,0
EMP-SYNTH-0729,Enterprise Sales,REMOTE,CONTRACT,2,10.8,5,5.0,96.73,0.0,5,2,2.41,2,2,1.0,NONE,0
EMP-SYNTH-0730,Human Resources,REMOTE,CONTRACT,2,3.9,5,4.96,96.03,0.0,0,0,0.0,8,7,0.88,FREQUENT,0
EMP-SYNTH-0731,Product & Design,HYBRID,PART_TIME,6,5.9,3,2.92,57.5,-1.0,4,0,2.87,6,0,0.0,NONE,0
EMP-SYNTH-0732,Human Resources,HYBRID,PART_TIME,6,2.0,3,3.07,59.33,0.0,1,1,2.01,7,7,1.0,NONE,0
EMP-SYNTH-0733,Engineering,OFFICE,CONTRACT,2,4.3,2,1.79,35.61,0.0,6,0,0.36,8,0,0.0,FREQUENT,1
EMP-SYNTH-0734,Enterprise Sales,OFFICE,FULL_TIME,3,4.0,3,3.49,64.86,0.0,4,1,0.34,0,0,0.0,FREQUENT,1
EMP-SYNTH-0735,Engineering,HYBRID,FULL_TIME,4,2.8,3,3.33,66.04,-1.0,0,0,0.0,6,3,0.5,NONE,0
EMP-SYNTH-0736,Growth & Marketing,REMOTE,PART_TIME,8,10.4,4,3.93,79.96,-0.5,1,0,0.51,8,3,0.38,OCCASIONAL,0
EMP-SYNTH-0737,Enterprise Sales,REMOTE,CONTRACT,2,11.5,3,3.17,62.31,1.0,6,0,1.39,6,1,0.17,NONE,0
EMP-SYNTH-0738,Enterprise Sales,OFFICE,PART_TIME,5,0.9,4,4.16,82.64,0.0,1,1,2.65,7,4,0.57,NONE,0
EMP-SYNTH-0739,Human Resources,REMOTE,PART_TIME,9,2.9,5,5.0,100.13,-0.5,5,1,1.06,5,3,0.6,FREQUENT,1
EMP-SYNTH-0740,Product & Design,REMOTE,FULL_TIME,8,4.8,3,3.16,63.96,0.5,6,2,0.39,5,4,0.8,FREQUENT,0
EMP-SYNTH-0741,Product & Design,HYBRID,PART_TIME,7,1.3,1,1.23,21.92,1.0,0,0,0.0,7,5,0.71,NONE,1
EMP-SYNTH-0742,Human Resources,OFFICE,FULL_TIME,7,9.2,3,2.56,52.32,-1.0,0,0,0.0,7,5,0.71,FREQUENT,1
EMP-SYNTH-0743,Engineering,OFFICE,CONTRACT,2,8.5,3,3.49,70.54,-0.5,1,1,1.47,4,1,0.25,NONE,1
EMP-SYNTH-0744,Growth & Marketing,OFFICE,FULL_TIME,10,0.8,5,4.6,87.33,-0.5,0,0,0.0,6,4,0.67,FREQUENT,0
EMP-SYNTH-0745,Engineering,REMOTE,FULL_TIME,9,6.2,4,4.07,81.14,0.0,2,2,2.7,2,0,0.0,OCCASIONAL,0
EMP-SYNTH-0746,Engineering,HYBRID,FULL_TIME,3,9.5,3,2.62,49.71,0.5,4,2,0.07,4,2,0.5,OCCASIONAL,0
EMP-SYNTH-0747,Product & Design,OFFICE,FULL_TIME,5,1.4,3,3.35,71.32,0.5,2,1,1.86,8,1,0.12,FREQUENT,0
EMP-SYNTH-0748,Product & Design,HYBRID,FULL_TIME,1,4.4,3,2.83,59.25,-0.5,1,1,2.77,0,0,0.0,OCCASIONAL,1
EMP-SYNTH-0749,Engineering,HYBRID,PART_TIME,1,4.5,2,1.92,40.79,-1.0,4,3,2.84,4,0,0.0,NONE,1
EMP-SYNTH-0750,Product & Design,REMOTE,CONTRACT,5,9.5,4,3.73,78.91,-1.0,6,1,1.6,6,5,0.83,FREQUENT,1
EMP-SYNTH-0751,Engineering,HYBRID,CONTRACT,1,5.0,3,2.63,54.61,0.5,1,0,1.31,5,2,0.4,NONE,0
EMP-SYNTH-0752,Human Resources,OFFICE,FULL_TIME,10,0.6,3,3.25,68.08,0.5,4,0,2.97,0,0,0.0,NONE,0
EMP-SYNTH-0753,Engineering,OFFICE,FULL_TIME,8,2.6,1,1.0,21.55,-0.5,2,0,1.82,7,1,0.14,FREQUENT,1
EMP-SYNTH-0754,Growth & Marketing,OFFICE,CONTRACT,6,10.8,4,3.94,76.83,0.0,6,2,2.61,3,2,0.67,OCCASIONAL,0
EMP-SYNTH-0755,Growth & Marketing,HYBRID,FULL_TIME,1,4.5,3,3.45,68.86,-1.0,1,0,2.52,8,3,0.38,OCCASIONAL,0
EMP-SYNTH-0756,Product & Design,HYBRID,FULL_TIME,1,11.7,4,4.15,82.54,-1.0,0,0,0.0,0,0,0.0,OCCASIONAL,0
EMP-SYNTH-0757,Growth & Marketing,REMOTE,CONTRACT,2,1.2,4,3.88,72.79,0.0,3,3,0.13,3,3,1.0,NONE,0
EMP-SYNTH-0758,Product & Design,OFFICE,PART_TIME,6,11.3,5,5.0,98.36,0.0,6,1,2.27,5,5,1.0,FREQUENT,0
EMP-SYNTH-0759,Enterprise Sales,REMOTE,PART_TIME,1,9.8,3,3.45,73.32,0.0,6,3,1.27,8,4,0.5,NONE,0
EMP-SYNTH-0760,Human Resources,OFFICE,FULL_TIME,5,9.7,5,4.59,89.3,0.5,2,1,1.71,0,0,0.0,OCCASIONAL,0
EMP-SYNTH-0761,Product & Design,HYBRID,CONTRACT,10,0.6,3,3.16,66.56,-0.5,3,3,0.05,0,0,0.0,NONE,1
EMP-SYNTH-0762,Growth & Marketing,OFFICE,CONTRACT,1,7.2,2,2.4,48.51,-1.0,3,1,0.77,4,2,0.5,OCCASIONAL,0
EMP-SYNTH-0763,Human Resources,OFFICE,PART_TIME,3,2.2,4,3.55,67.14,-1.0,1,1,1.74,0,0,0.0,NONE,1
EMP-SYNTH-0764,Product & Design,OFFICE,PART_TIME,6,6.7,1,1.0,16.09,0.5,3,0,1.53,3,1,0.33,OCCASIONAL,0
EMP-SYNTH-0765,Growth & Marketing,REMOTE,PART_TIME,7,1.3,3,2.78,50.85,0.5,6,2,1.0,6,5,0.83,OCCASIONAL,0
EMP-SYNTH-0766,Growth & Marketing,OFFICE,FULL_TIME,6,1.0,5,5.0,95.26,0.5,1,1,1.53,8,5,0.62,NONE,0
EMP-SYNTH-0767,Enterprise Sales,HYBRID,FULL_TIME,3,4.9,5,4.58,87.37,-0.5,4,3,1.62,1,0,0.0,FREQUENT,1
EMP-SYNTH-0768,Enterprise Sales,REMOTE,CONTRACT,4,10.1,3,2.74,52.23,0.0,1,1,0.94,1,0,0.0,OCCASIONAL,0
EMP-SYNTH-0769,Enterprise Sales,REMOTE,FULL_TIME,6,6.9,2,1.86,37.04,-0.5,3,3,0.69,2,2,1.0,NONE,1
EMP-SYNTH-0770,Growth & Marketing,HYBRID,FULL_TIME,10,3.5,3,2.81,52.02,0.0,4,1,1.73,3,1,0.33,OCCASIONAL,0
EMP-SYNTH-0771,Engineering,OFFICE,FULL_TIME,7,3.5,3,3.43,71.03,-0.5,6,0,2.5,0,0,0.0,NONE,1
EMP-SYNTH-0772,Enterprise Sales,REMOTE,CONTRACT,3,5.1,3,3.21,60.39,0.0,4,0,2.98,0,0,0.0,FREQUENT,1
EMP-SYNTH-0773,Product & Design,REMOTE,CONTRACT,8,9.0,3,3.26,67.2,1.0,1,0,0.46,0,0,0.0,FREQUENT,0
EMP-SYNTH-0774,Enterprise Sales,OFFICE,PART_TIME,10,3.7,4,3.73,74.53,-1.0,4,3,0.86,6,2,0.33,NONE,0
EMP-SYNTH-0775,Human Resources,OFFICE,PART_TIME,4,5.5,3,3.38,65.74,0.0,2,0,0.36,4,3,0.75,OCCASIONAL,0
EMP-SYNTH-0776,Product & Design,HYBRID,FULL_TIME,4,8.2,2,1.71,37.59,-0.5,0,0,0.0,8,8,1.0,NONE,1
EMP-SYNTH-0777,Engineering,REMOTE,FULL_TIME,6,2.8,5,5.0,102.32,0.5,1,1,0.88,1,0,0.0,OCCASIONAL,0
EMP-SYNTH-0778,Engineering,OFFICE,CONTRACT,2,11.6,4,4.24,82.02,-1.0,2,0,1.52,4,3,0.75,FREQUENT,0
EMP-SYNTH-0779,Growth & Marketing,HYBRID,FULL_TIME,6,10.8,1,1.0,22.05,0.5,2,0,2.52,0,0,0.0,NONE,0
EMP-SYNTH-0780,Human Resources,HYBRID,FULL_TIME,5,5.9,3,2.69,53.77,-0.5,1,0,2.85,3,0,0.0,OCCASIONAL,0
EMP-SYNTH-0781,Engineering,REMOTE,PART_TIME,10,2.9,2,1.92,36.03,0.0,5,1,1.91,7,2,0.29,OCCASIONAL,1
EMP-SYNTH-0782,Enterprise Sales,REMOTE,PART_TIME,7,7.4,3,2.8,53.19,0.0,3,3,0.98,6,0,0.0,NONE,0
EMP-SYNTH-0783,Enterprise Sales,REMOTE,PART_TIME,2,4.5,3,2.63,56.42,0.0,4,3,2.06,0,0,0.0,OCCASIONAL,0
EMP-SYNTH-0784,Enterprise Sales,OFFICE,PART_TIME,6,3.5,3,2.89,57.22,0.0,2,0,0.8,3,2,0.67,FREQUENT,0
EMP-SYNTH-0785,Engineering,REMOTE,CONTRACT,7,3.0,4,4.04,83.6,-1.0,4,2,0.39,8,0,0.0,FREQUENT,1
EMP-SYNTH-0786,Product & Design,REMOTE,PART_TIME,2,8.0,3,2.86,54.18,-0.5,6,3,2.58,3,2,0.67,NONE,0
EMP-SYNTH-0787,Product & Design,REMOTE,CONTRACT,4,6.9,3,2.51,53.65,0.5,0,0,0.0,7,0,0.0,NONE,0
EMP-SYNTH-0788,Human Resources,OFFICE,CONTRACT,2,9.8,3,2.9,61.18,0.0,6,0,0.23,8,6,0.75,NONE,0
EMP-SYNTH-0789,Engineering,HYBRID,PART_TIME,10,11.1,2,2.09,40.71,0.5,6,2,2.35,6,4,0.67,FREQUENT,1
EMP-SYNTH-0790,Human Resources,OFFICE,CONTRACT,10,5.9,3,2.59,56.47,0.5,2,1,0.85,8,8,1.0,NONE,0
EMP-SYNTH-0791,Enterprise Sales,OFFICE,CONTRACT,7,11.4,4,4.21,83.72,0.5,0,0,0.0,3,3,1.0,OCCASIONAL,0
EMP-SYNTH-0792,Product & Design,REMOTE,FULL_TIME,2,1.6,2,2.36,47.1,-0.5,0,0,0.0,6,4,0.67,OCCASIONAL,0
EMP-SYNTH-0793,Growth & Marketing,HYBRID,PART_TIME,4,1.2,3,2.91,60.61,-0.5,0,0,0.0,6,6,1.0,NONE,0
EMP-SYNTH-0794,Growth & Marketing,REMOTE,PART_TIME,8,4.1,4,3.82,78.49,0.5,4,0,2.76,6,5,0.83,NONE,0
EMP-SYNTH-0795,Enterprise Sales,OFFICE,FULL_TIME,3,6.5,2,1.7,37.7,-1.0,0,0,0.0,7,2,0.29,FREQUENT,1
EMP-SYNTH-0796,Growth & Marketing,REMOTE,CONTRACT,1,3.9,3,2.79,60.02,1.0,2,2,0.97,5,4,0.8,FREQUENT,0
EMP-SYNTH-0797,Human Resources,OFFICE,CONTRACT,9,8.4,4,4.45,87.71,0.5,2,1,1.39,5,5,1.0,FREQUENT,0
EMP-SYNTH-0798,Human Resources,HYBRID,PART_TIME,8,0.6,3,2.65,48.67,-1.0,2,2,0.56,1,1,1.0,OCCASIONAL,0
EMP-SYNTH-0799,Engineering,OFFICE,PART_TIME,8,7.3,2,2.14,46.63,0.0,5,0,2.78,4,2,0.5,OCCASIONAL,0
EMP-SYNTH-0800,Growth & Marketing,REMOTE,CONTRACT,9,6.7,4,3.58,68.12,1.0,1,1,0.53,1,0,0.0,FREQUENT,0
EMP-SYNTH-0801,Growth & Marketing,HYBRID,CONTRACT,6,7.1,4,4.1,86.67,1.0,6,3,0.63,0,0,0.0,NONE,1
EMP-SYNTH-0802,Human Resources,OFFICE,FULL_TIME,8,10.6,3,3.4,63.52,0.5,6,3,1.28,7,5,0.71,OCCASIONAL,0
EMP-SYNTH-0803,Growth & Marketing,OFFICE,FULL_TIME,9,5.0,4,4.21,82.75,0.5,2,2,0.23,3,1,0.33,FREQUENT,0
EMP-SYNTH-0804,Enterprise Sales,HYBRID,CONTRACT,8,8.5,3,2.62,56.4,1.0,2,0,0.08,5,3,0.6,FREQUENT,0
EMP-SYNTH-0805,Product & Design,HYBRID,CONTRACT,4,7.6,4,4.42,85.31,0.0,1,0,0.59,5,4,0.8,NONE,0
EMP-SYNTH-0806,Engineering,REMOTE,CONTRACT,9,11.1,4,3.53,68.35,0.0,3,0,2.99,4,2,0.5,FREQUENT,0
EMP-SYNTH-0807,Engineering,HYBRID,FULL_TIME,8,12.0,4,3.99,79.53,1.0,6,0,0.11,0,0,0.0,FREQUENT,0
EMP-SYNTH-0808,Human Resources,OFFICE,CONTRACT,2,1.1,4,3.56,67.17,0.5,2,0,1.97,0,0,0.0,FREQUENT,0
EMP-SYNTH-0809,Product & Design,HYBRID,FULL_TIME,10,8.8,3,2.51,51.84,0.0,6,0,0.19,8,2,0.25,FREQUENT,0
EMP-SYNTH-0810,Engineering,REMOTE,PART_TIME,4,8.4,3,3.14,66.22,-1.0,2,1,1.68,1,1,1.0,OCCASIONAL,0
EMP-SYNTH-0811,Growth & Marketing,HYBRID,FULL_TIME,10,11.2,2,2.42,45.23,-1.0,1,1,1.77,0,0,0.0,NONE,1
EMP-SYNTH-0812,Engineering,HYBRID,FULL_TIME,5,10.1,4,4.4,84.91,1.0,1,1,0.16,4,1,0.25,OCCASIONAL,0
EMP-SYNTH-0813,Human Resources,HYBRID,CONTRACT,7,3.1,2,2.38,44.37,0.0,2,2,1.32,1,1,1.0,OCCASIONAL,0
EMP-SYNTH-0814,Growth & Marketing,REMOTE,PART_TIME,3,0.9,4,3.89,78.18,-0.5,5,3,1.04,4,1,0.25,OCCASIONAL,0
EMP-SYNTH-0815,Growth & Marketing,HYBRID,PART_TIME,5,1.5,4,3.76,74.88,-1.0,0,0,0.0,7,2,0.29,OCCASIONAL,0
EMP-SYNTH-0816,Enterprise Sales,HYBRID,PART_TIME,1,4.2,2,1.86,41.21,-0.5,3,3,1.0,1,0,0.0,OCCASIONAL,1
EMP-SYNTH-0817,Product & Design,OFFICE,CONTRACT,9,2.6,1,1.31,25.76,0.5,5,3,2.19,7,3,0.43,OCCASIONAL,0
EMP-SYNTH-0818,Enterprise Sales,HYBRID,CONTRACT,5,1.0,5,4.73,98.95,0.5,0,0,0.0,6,6,1.0,OCCASIONAL,0
EMP-SYNTH-0819,Growth & Marketing,REMOTE,PART_TIME,1,2.4,2,1.8,36.97,1.0,4,1,2.85,2,0,0.0,FREQUENT,1
EMP-SYNTH-0820,Engineering,REMOTE,FULL_TIME,6,5.8,2,1.5,26.47,-0.5,2,1,0.24,3,1,0.33,OCCASIONAL,1
EMP-SYNTH-0821,Engineering,HYBRID,FULL_TIME,3,8.4,4,3.87,77.17,0.0,0,0,0.0,8,6,0.75,FREQUENT,0
EMP-SYNTH-0822,Enterprise Sales,REMOTE,PART_TIME,4,9.3,2,1.63,35.23,-0.5,3,2,2.69,6,4,0.67,OCCASIONAL,1
EMP-SYNTH-0823,Growth & Marketing,OFFICE,CONTRACT,8,8.2,5,4.53,94.46,-0.5,6,1,1.11,5,4,0.8,NONE,0
EMP-SYNTH-0824,Engineering,HYBRID,FULL_TIME,3,6.2,1,1.0,15.93,0.0,5,1,1.28,4,2,0.5,OCCASIONAL,0
EMP-SYNTH-0825,Enterprise Sales,OFFICE,CONTRACT,7,2.6,3,3.02,56.46,-1.0,2,2,2.2,6,6,1.0,NONE,0
EMP-SYNTH-0826,Growth & Marketing,REMOTE,PART_TIME,8,0.6,4,4.17,82.62,-1.0,2,1,0.78,1,1,1.0,FREQUENT,0
EMP-SYNTH-0827,Product & Design,REMOTE,PART_TIME,6,10.2,5,4.61,88.99,0.0,4,3,2.61,1,0,0.0,NONE,0
EMP-SYNTH-0828,Growth & Marketing,REMOTE,FULL_TIME,9,9.8,4,3.95,74.49,0.0,0,0,0.0,7,7,1.0,OCCASIONAL,0
EMP-SYNTH-0829,Engineering,HYBRID,PART_TIME,6,3.4,3,2.8,59.19,0.5,2,0,0.88,6,0,0.0,OCCASIONAL,0
EMP-SYNTH-0830,Growth & Marketing,OFFICE,CONTRACT,1,6.6,3,2.68,53.95,-0.5,5,1,1.9,6,2,0.33,OCCASIONAL,1
EMP-SYNTH-0831,Enterprise Sales,HYBRID,PART_TIME,4,11.1,5,5.0,103.2,0.5,3,0,0.23,5,0,0.0,NONE,0
EMP-SYNTH-0832,Engineering,REMOTE,PART_TIME,2,4.4,4,3.8,75.01,-0.5,5,2,2.16,1,1,1.0,NONE,0
EMP-SYNTH-0833,Human Resources,HYBRID,CONTRACT,5,7.6,3,3.29,67.74,-1.0,2,2,1.42,6,2,0.33,FREQUENT,1
EMP-SYNTH-0834,Growth & Marketing,HYBRID,FULL_TIME,10,5.1,2,1.78,30.65,-0.5,0,0,0.0,2,1,0.5,OCCASIONAL,0
EMP-SYNTH-0835,Enterprise Sales,HYBRID,PART_TIME,6,1.6,3,3.21,61.41,0.5,2,2,2.14,7,6,0.86,FREQUENT,0
EMP-SYNTH-0836,Enterprise Sales,HYBRID,FULL_TIME,6,4.4,3,2.94,58.42,1.0,3,1,1.6,2,2,1.0,OCCASIONAL,0
EMP-SYNTH-0837,Product & Design,REMOTE,FULL_TIME,10,11.6,4,4.06,79.65,-0.5,5,2,0.91,5,3,0.6,FREQUENT,1
EMP-SYNTH-0838,Growth & Marketing,OFFICE,PART_TIME,6,7.0,3,3.26,67.71,0.0,4,3,2.97,6,4,0.67,NONE,0
EMP-SYNTH-0839,Enterprise Sales,HYBRID,FULL_TIME,2,5.1,3,2.61,50.09,-0.5,6,3,1.65,5,1,0.2,OCCASIONAL,1
EMP-SYNTH-0840,Product & Design,HYBRID,FULL_TIME,6,6.3,3,2.73,53.64,0.0,2,1,0.47,2,1,0.5,OCCASIONAL,0
EMP-SYNTH-0841,Engineering,HYBRID,CONTRACT,8,8.0,4,3.6,72.8,0.0,3,3,0.57,0,0,0.0,NONE,0
EMP-SYNTH-0842,Engineering,HYBRID,PART_TIME,7,11.4,3,2.75,55.69,0.0,5,0,2.86,0,0,0.0,FREQUENT,0
EMP-SYNTH-0843,Growth & Marketing,OFFICE,FULL_TIME,8,4.7,4,3.68,77.97,-0.5,2,0,0.88,0,0,0.0,FREQUENT,0
EMP-SYNTH-0844,Growth & Marketing,REMOTE,FULL_TIME,3,11.7,3,2.61,53.24,0.0,6,1,0.73,1,0,0.0,FREQUENT,1
EMP-SYNTH-0845,Engineering,HYBRID,PART_TIME,7,10.5,5,5.0,95.7,0.0,2,2,1.61,8,0,0.0,OCCASIONAL,0
EMP-SYNTH-0846,Product & Design,REMOTE,PART_TIME,1,4.7,4,4.01,81.7,0.0,6,0,0.31,4,4,1.0,NONE,0
EMP-SYNTH-0847,Human Resources,REMOTE,CONTRACT,6,2.1,3,2.98,57.25,0.0,5,0,1.37,7,3,0.43,OCCASIONAL,0
EMP-SYNTH-0848,Product & Design,REMOTE,PART_TIME,5,7.0,3,3.26,61.68,0.0,0,0,0.0,5,4,0.8,OCCASIONAL,0
EMP-SYNTH-0849,Product & Design,REMOTE,PART_TIME,3,7.0,3,3.21,65.93,-0.5,5,1,0.44,4,3,0.75,OCCASIONAL,0
EMP-SYNTH-0850,Human Resources,HYBRID,CONTRACT,3,7.2,3,3.22,66.85,0.5,3,3,1.86,2,1,0.5,FREQUENT,0
EMP-SYNTH-0851,Human Resources,HYBRID,PART_TIME,6,6.5,3,3.43,70.08,0.5,3,1,1.45,6,0,0.0,FREQUENT,1
EMP-SYNTH-0852,Product & Design,OFFICE,FULL_TIME,3,3.7,4,4.29,87.3,0.0,3,3,1.71,0,0,0.0,FREQUENT,0
EMP-SYNTH-0853,Human Resources,REMOTE,PART_TIME,1,5.1,2,1.83,32.27,0.5,4,0,2.91,0,0,0.0,FREQUENT,1
EMP-SYNTH-0854,Human Resources,HYBRID,PART_TIME,4,3.1,4,3.68,78.39,0.0,4,2,0.27,3,0,0.0,NONE,0
EMP-SYNTH-0855,Growth & Marketing,REMOTE,FULL_TIME,4,3.1,3,3.08,61.24,0.5,6,0,0.96,1,0,0.0,OCCASIONAL,0
EMP-SYNTH-0856,Human Resources,OFFICE,PART_TIME,10,3.0,3,3.07,62.22,-1.0,5,3,2.33,3,3,1.0,NONE,0
EMP-SYNTH-0857,Product & Design,REMOTE,PART_TIME,5,6.2,2,2.01,40.34,1.0,2,1,2.6,3,2,0.67,OCCASIONAL,0
EMP-SYNTH-0858,Enterprise Sales,OFFICE,FULL_TIME,8,0.6,4,4.01,80.16,-0.5,0,0,0.0,4,0,0.0,OCCASIONAL,0
EMP-SYNTH-0859,Product & Design,HYBRID,PART_TIME,9,10.0,2,1.61,29.52,0.0,4,2,0.96,8,7,0.88,NONE,0
EMP-SYNTH-0860,Human Resources,HYBRID,PART_TIME,3,4.2,2,1.9,34.72,-0.5,4,1,0.98,8,7,0.88,FREQUENT,0
EMP-SYNTH-0861,Growth & Marketing,REMOTE,PART_TIME,5,3.1,3,3.43,71.94,0.0,1,1,1.0,5,5,1.0,OCCASIONAL,0
EMP-SYNTH-0862,Enterprise Sales,REMOTE,FULL_TIME,7,1.1,3,3.15,59.4,0.0,6,2,0.06,3,1,0.33,FREQUENT,0
EMP-SYNTH-0863,Product & Design,REMOTE,CONTRACT,1,4.2,4,3.83,77.2,-0.5,6,1,1.85,7,4,0.57,NONE,0
EMP-SYNTH-0864,Enterprise Sales,HYBRID,PART_TIME,8,11.4,5,5.0,98.9,1.0,3,1,0.84,6,0,0.0,NONE,0
EMP-SYNTH-0865,Engineering,HYBRID,CONTRACT,5,6.7,3,2.78,55.32,1.0,0,0,0.0,6,6,1.0,NONE,0
EMP-SYNTH-0866,Growth & Marketing,OFFICE,PART_TIME,2,5.5,3,3.05,62.61,0.5,4,2,2.07,2,0,0.0,FREQUENT,0
EMP-SYNTH-0867,Product & Design,REMOTE,CONTRACT,4,2.6,3,2.96,57.53,1.0,5,2,0.77,0,0,0.0,NONE,0
EMP-SYNTH-0868,Enterprise Sales,OFFICE,PART_TIME,1,11.0,3,2.52,49.77,-1.0,4,2,2.37,7,4,0.57,FREQUENT,1
EMP-SYNTH-0869,Product & Design,HYBRID,FULL_TIME,2,7.0,5,5.0,100.32,0.5,6,0,1.72,7,3,0.43,NONE,0
EMP-SYNTH-0870,Product & Design,REMOTE,CONTRACT,3,8.0,2,2.15,41.4,0.5,6,3,2.67,6,4,0.67,OCCASIONAL,0
EMP-SYNTH-0871,Engineering,HYBRID,CONTRACT,1,0.6,3,2.65,56.56,0.5,5,2,1.6,3,2,0.67,FREQUENT,0
EMP-SYNTH-0872,Human Resources,OFFICE,CONTRACT,3,1.7,3,3.44,64.19,-0.5,4,2,2.86,5,2,0.4,NONE,0
EMP-SYNTH-0873,Human Resources,OFFICE,CONTRACT,3,5.4,3,3.44,65.97,0.0,0,0,0.0,7,1,0.14,OCCASIONAL,0
EMP-SYNTH-0874,Human Resources,REMOTE,FULL_TIME,8,5.5,2,2.27,46.3,-1.0,0,0,0.0,8,8,1.0,NONE,0
EMP-SYNTH-0875,Human Resources,OFFICE,FULL_TIME,8,9.0,3,3.5,69.15,-0.5,0,0,0.0,7,4,0.57,FREQUENT,1
EMP-SYNTH-0876,Engineering,REMOTE,CONTRACT,7,11.6,2,1.86,35.3,-1.0,3,2,0.69,1,1,1.0,OCCASIONAL,1
EMP-SYNTH-0877,Engineering,REMOTE,PART_TIME,6,1.0,4,3.68,68.69,0.5,1,0,2.09,0,0,0.0,FREQUENT,0
EMP-SYNTH-0878,Product & Design,REMOTE,PART_TIME,7,10.0,3,2.67,53.59,-0.5,5,1,1.1,1,0,0.0,NONE,0
EMP-SYNTH-0879,Enterprise Sales,OFFICE,CONTRACT,7,7.7,5,4.77,93.61,-1.0,2,0,2.67,0,0,0.0,OCCASIONAL,0
EMP-SYNTH-0880,Growth & Marketing,HYBRID,PART_TIME,3,2.3,1,1.4,23.92,-1.0,0,0,0.0,7,6,0.86,FREQUENT,1
EMP-SYNTH-0881,Enterprise Sales,OFFICE,PART_TIME,1,4.1,3,3.4,64.28,1.0,4,2,2.87,1,1,1.0,OCCASIONAL,0
EMP-SYNTH-0882,Human Resources,OFFICE,FULL_TIME,9,2.0,5,4.73,90.42,-1.0,5,3,0.85,1,0,0.0,NONE,0
EMP-SYNTH-0883,Product & Design,OFFICE,PART_TIME,5,4.3,5,5.0,100.2,0.5,2,0,0.98,5,5,1.0,NONE,0
EMP-SYNTH-0884,Engineering,HYBRID,CONTRACT,1,9.6,5,4.51,91.55,-0.5,1,1,0.97,7,7,1.0,OCCASIONAL,0
EMP-SYNTH-0885,Human Resources,HYBRID,PART_TIME,7,5.7,3,3.12,62.86,-1.0,5,2,1.97,8,5,0.62,OCCASIONAL,1
EMP-SYNTH-0886,Product & Design,REMOTE,PART_TIME,8,8.1,4,3.84,76.99,-1.0,6,2,1.28,0,0,0.0,NONE,1
EMP-SYNTH-0887,Human Resources,REMOTE,FULL_TIME,2,6.8,3,3.37,65.47,0.0,4,0,2.9,8,2,0.25,OCCASIONAL,0
EMP-SYNTH-0888,Growth & Marketing,OFFICE,FULL_TIME,4,9.4,2,2.24,45.06,-0.5,4,0,2.4,5,4,0.8,NONE,0
EMP-SYNTH-0889,Growth & Marketing,OFFICE,CONTRACT,3,1.7,2,2.13,43.78,1.0,1,1,2.57,4,0,0.0,OCCASIONAL,0
EMP-SYNTH-0890,Enterprise Sales,REMOTE,CONTRACT,6,2.1,5,4.5,87.51,0.5,5,2,0.63,1,0,0.0,OCCASIONAL,1
EMP-SYNTH-0891,Human Resources,OFFICE,CONTRACT,3,9.3,4,4.45,86.42,-0.5,5,3,1.17,3,1,0.33,OCCASIONAL,1
EMP-SYNTH-0892,Product & Design,OFFICE,CONTRACT,2,8.8,3,3.17,60.46,-0.5,5,2,2.28,0,0,0.0,FREQUENT,1
EMP-SYNTH-0893,Product & Design,HYBRID,FULL_TIME,10,5.9,4,3.8,72.25,1.0,4,3,0.46,5,2,0.4,NONE,0
EMP-SYNTH-0894,Engineering,HYBRID,CONTRACT,7,7.2,4,4.19,86.74,0.0,1,0,0.27,5,1,0.2,FREQUENT,0
EMP-SYNTH-0895,Enterprise Sales,HYBRID,CONTRACT,7,1.2,2,2.27,48.82,1.0,2,1,1.92,5,3,0.6,FREQUENT,1
EMP-SYNTH-0896,Engineering,OFFICE,FULL_TIME,8,3.3,3,3.09,63.46,-1.0,6,3,1.68,6,4,0.67,FREQUENT,0
EMP-SYNTH-0897,Enterprise Sales,OFFICE,PART_TIME,2,7.3,4,4.45,89.76,-1.0,6,1,1.08,6,6,1.0,OCCASIONAL,0
EMP-SYNTH-0898,Enterprise Sales,REMOTE,PART_TIME,9,0.9,3,3.31,68.64,0.0,5,0,0.65,2,0,0.0,FREQUENT,0
EMP-SYNTH-0899,Product & Design,OFFICE,CONTRACT,7,9.7,4,4.35,84.54,1.0,2,1,2.92,3,2,0.67,OCCASIONAL,0
EMP-SYNTH-0900,Product & Design,OFFICE,FULL_TIME,9,9.4,3,2.82,55.41,0.0,6,1,2.53,1,1,1.0,OCCASIONAL,0
EMP-SYNTH-0901,Growth & Marketing,HYBRID,PART_TIME,4,4.1,3,3.41,64.1,0.0,2,2,1.49,2,1,0.5,NONE,0
EMP-SYNTH-0902,Product & Design,REMOTE,CONTRACT,6,9.2,5,4.82,92.51,0.5,2,2,2.1,8,4,0.5,FREQUENT,0
EMP-SYNTH-0903,Growth & Marketing,OFFICE,CONTRACT,10,8.5,2,1.59,32.78,1.0,3,2,0.44,5,4,0.8,OCCASIONAL,0
EMP-SYNTH-0904,Engineering,HYBRID,CONTRACT,10,7.1,2,2.5,49.43,-1.0,1,0,2.0,4,0,0.0,OCCASIONAL,1
EMP-SYNTH-0905,Human Resources,HYBRID,FULL_TIME,4,10.6,3,3.31,62.65,0.0,1,0,2.57,7,7,1.0,OCCASIONAL,0
EMP-SYNTH-0906,Human Resources,REMOTE,FULL_TIME,9,7.2,4,4.39,92.59,1.0,2,2,2.39,5,2,0.4,OCCASIONAL,0
EMP-SYNTH-0907,Product & Design,REMOTE,FULL_TIME,6,6.7,2,2.19,42.02,1.0,1,0,0.29,8,7,0.88,FREQUENT,0
EMP-SYNTH-0908,Growth & Marketing,OFFICE,PART_TIME,6,8.8,4,4.05,85.85,0.0,2,2,2.51,7,7,1.0,OCCASIONAL,0
EMP-SYNTH-0909,Growth & Marketing,REMOTE,FULL_TIME,3,0.8,3,3.15,66.96,0.0,6,1,0.19,5,0,0.0,FREQUENT,1
EMP-SYNTH-0910,Engineering,HYBRID,PART_TIME,8,5.5,4,3.63,71.56,1.0,3,2,1.62,4,2,0.5,NONE,0
EMP-SYNTH-0911,Growth & Marketing,HYBRID,CONTRACT,3,9.3,5,5.0,103.63,0.5,0,0,0.0,1,0,0.0,FREQUENT,0
EMP-SYNTH-0912,Human Resources,HYBRID,FULL_TIME,4,11.8,4,4.49,93.16,-1.0,5,3,2.19,5,0,0.0,NONE,1
EMP-SYNTH-0913,Enterprise Sales,HYBRID,PART_TIME,7,9.8,3,2.97,62.87,-0.5,0,0,0.0,5,1,0.2,FREQUENT,1
EMP-SYNTH-0914,Engineering,OFFICE,CONTRACT,7,2.8,3,3.15,58.82,0.0,6,0,1.57,0,0,0.0,FREQUENT,0
EMP-SYNTH-0915,Engineering,HYBRID,CONTRACT,2,2.4,5,5.0,95.05,0.0,2,0,2.4,5,0,0.0,NONE,0
EMP-SYNTH-0916,Human Resources,HYBRID,FULL_TIME,6,1.6,4,3.65,71.74,-0.5,3,1,1.52,7,0,0.0,FREQUENT,1
EMP-SYNTH-0917,Engineering,HYBRID,FULL_TIME,5,11.3,2,2.18,44.5,-0.5,0,0,0.0,3,1,0.33,FREQUENT,1
EMP-SYNTH-0918,Growth & Marketing,REMOTE,CONTRACT,2,8.2,2,1.75,31.41,0.0,1,1,0.12,0,0,0.0,FREQUENT,1
EMP-SYNTH-0919,Growth & Marketing,OFFICE,PART_TIME,2,8.1,3,3.03,61.35,0.5,4,3,2.27,3,2,0.67,OCCASIONAL,0
EMP-SYNTH-0920,Product & Design,HYBRID,CONTRACT,7,5.5,2,1.52,26.44,0.5,3,3,0.92,4,0,0.0,FREQUENT,1
EMP-SYNTH-0921,Engineering,OFFICE,FULL_TIME,5,10.8,4,4.07,78.13,0.0,5,0,1.6,0,0,0.0,OCCASIONAL,0
EMP-SYNTH-0922,Engineering,HYBRID,CONTRACT,9,6.5,2,1.87,39.39,-0.5,0,0,0.0,2,0,0.0,FREQUENT,1
EMP-SYNTH-0923,Product & Design,OFFICE,PART_TIME,4,6.2,3,3.11,57.65,0.0,1,0,2.77,0,0,0.0,FREQUENT,0
EMP-SYNTH-0924,Human Resources,REMOTE,FULL_TIME,6,11.1,3,2.66,54.19,0.5,5,2,2.65,6,5,0.83,FREQUENT,0
EMP-SYNTH-0925,Product & Design,OFFICE,PART_TIME,5,5.2,1,1.32,25.17,-0.5,6,3,0.76,0,0,0.0,NONE,1
EMP-SYNTH-0926,Human Resources,OFFICE,PART_TIME,2,1.8,5,4.99,96.63,0.0,1,1,2.87,6,2,0.33,FREQUENT,0
EMP-SYNTH-0927,Product & Design,REMOTE,PART_TIME,5,1.7,2,2.32,50.24,-1.0,4,3,0.6,8,0,0.0,OCCASIONAL,1
EMP-SYNTH-0928,Engineering,REMOTE,FULL_TIME,2,9.3,4,3.74,75.95,0.0,5,1,1.33,0,0,0.0,NONE,0
EMP-SYNTH-0929,Product & Design,OFFICE,PART_TIME,1,11.4,3,3.45,73.22,0.0,3,1,2.7,0,0,0.0,OCCASIONAL,0
EMP-SYNTH-0930,Engineering,OFFICE,FULL_TIME,4,4.4,4,3.53,70.01,-0.5,4,2,1.67,2,2,1.0,OCCASIONAL,0
EMP-SYNTH-0931,Engineering,OFFICE,PART_TIME,2,5.2,3,3.12,59.1,0.0,2,0,0.43,1,0,0.0,NONE,0
EMP-SYNTH-0932,Enterprise Sales,HYBRID,FULL_TIME,4,9.3,1,1.05,16.2,0.0,4,3,0.85,6,3,0.5,FREQUENT,1
EMP-SYNTH-0933,Human Resources,HYBRID,CONTRACT,10,3.4,5,5.0,99.79,-0.5,3,2,0.67,4,1,0.25,OCCASIONAL,1
EMP-SYNTH-0934,Product & Design,HYBRID,FULL_TIME,7,9.8,2,1.96,41.31,0.5,6,1,2.96,2,2,1.0,OCCASIONAL,0
EMP-SYNTH-0935,Human Resources,REMOTE,CONTRACT,7,5.8,3,3.45,68.64,0.0,2,2,1.2,8,3,0.38,NONE,0
EMP-SYNTH-0936,Human Resources,HYBRID,PART_TIME,10,4.7,3,3.36,70.12,0.0,5,2,0.64,2,1,0.5,NONE,0
EMP-SYNTH-0937,Growth & Marketing,HYBRID,CONTRACT,5,10.9,5,5.0,99.12,-0.5,1,1,1.66,2,2,1.0,OCCASIONAL,0
EMP-SYNTH-0938,Enterprise Sales,OFFICE,PART_TIME,4,4.9,4,3.77,77.86,0.5,6,1,1.92,3,1,0.33,OCCASIONAL,0
EMP-SYNTH-0939,Product & Design,REMOTE,FULL_TIME,3,9.3,3,3.11,64.83,0.5,5,0,2.03,1,0,0.0,NONE,0
EMP-SYNTH-0940,Engineering,REMOTE,FULL_TIME,6,11.2,3,3.24,69.38,0.0,6,0,1.09,5,4,0.8,OCCASIONAL,0
EMP-SYNTH-0941,Enterprise Sales,REMOTE,PART_TIME,3,3.8,2,2.06,45.21,-0.5,1,1,0.36,6,1,0.17,FREQUENT,1
EMP-SYNTH-0942,Product & Design,HYBRID,FULL_TIME,2,8.1,2,1.94,41.36,-0.5,3,3,1.14,2,0,0.0,FREQUENT,1
EMP-SYNTH-0943,Product & Design,REMOTE,PART_TIME,10,2.6,4,4.47,93.87,0.5,2,1,2.96,5,0,0.0,NONE,0
EMP-SYNTH-0944,Enterprise Sales,OFFICE,FULL_TIME,4,11.6,3,3.21,68.69,-1.0,2,2,2.95,7,0,0.0,FREQUENT,1
EMP-SYNTH-0945,Growth & Marketing,REMOTE,FULL_TIME,6,10.3,2,1.78,35.8,-1.0,3,2,2.72,0,0,0.0,FREQUENT,1
EMP-SYNTH-0946,Enterprise Sales,REMOTE,FULL_TIME,5,9.1,4,3.96,75.0,0.5,0,0,0.0,0,0,0.0,OCCASIONAL,0
EMP-SYNTH-0947,Enterprise Sales,OFFICE,CONTRACT,7,5.0,4,3.77,74.15,0.0,6,3,1.22,5,1,0.2,OCCASIONAL,0
EMP-SYNTH-0948,Enterprise Sales,REMOTE,CONTRACT,2,11.0,5,4.58,93.26,0.0,6,0,0.07,2,0,0.0,NONE,0
EMP-SYNTH-0949,Engineering,OFFICE,CONTRACT,2,2.3,4,4.28,89.24,-1.0,5,0,2.21,5,4,0.8,NONE,0
EMP-SYNTH-0950,Enterprise Sales,HYBRID,CONTRACT,2,7.5,2,1.64,36.98,-1.0,1,0,2.15,1,0,0.0,OCCASIONAL,1
EMP-SYNTH-0951,Human Resources,OFFICE,FULL_TIME,2,4.9,4,3.69,76.98,1.0,3,1,1.41,0,0,0.0,NONE,0
EMP-SYNTH-0952,Human Resources,REMOTE,FULL_TIME,9,7.1,2,1.62,35.02,-0.5,1,1,2.27,3,1,0.33,OCCASIONAL,0
EMP-SYNTH-0953,Growth & Marketing,REMOTE,PART_TIME,7,6.3,3,2.93,61.84,1.0,1,0,1.96,4,2,0.5,NONE,0
EMP-SYNTH-0954,Product & Design,HYBRID,FULL_TIME,10,9.2,3,3.17,67.39,0.0,0,0,0.0,5,4,0.8,OCCASIONAL,0
EMP-SYNTH-0955,Growth & Marketing,HYBRID,FULL_TIME,10,3.5,4,3.95,81.42,0.0,2,1,0.9,7,5,0.71,FREQUENT,0
EMP-SYNTH-0956,Growth & Marketing,OFFICE,FULL_TIME,6,5.2,4,3.82,79.36,0.0,3,3,1.36,2,2,1.0,OCCASIONAL,0
EMP-SYNTH-0957,Enterprise Sales,OFFICE,FULL_TIME,6,4.9,4,3.65,71.66,0.0,6,1,0.45,2,0,0.0,NONE,1
EMP-SYNTH-0958,Product & Design,REMOTE,FULL_TIME,1,6.2,2,2.33,50.14,0.0,1,0,1.46,7,6,0.86,OCCASIONAL,0
EMP-SYNTH-0959,Human Resources,REMOTE,PART_TIME,1,4.6,2,2.45,51.06,0.5,2,0,0.71,7,3,0.43,OCCASIONAL,0
EMP-SYNTH-0960,Human Resources,REMOTE,PART_TIME,5,8.4,3,2.62,48.69,0.0,2,2,1.12,2,1,0.5,FREQUENT,0
EMP-SYNTH-0961,Enterprise Sales,OFFICE,FULL_TIME,8,4.8,3,3.44,70.68,0.0,5,3,2.36,8,5,0.62,FREQUENT,0
EMP-SYNTH-0962,Human Resources,REMOTE,PART_TIME,10,11.7,3,3.09,59.17,-0.5,3,3,2.67,5,4,0.8,NONE,0
EMP-SYNTH-0963,Enterprise Sales,OFFICE,PART_TIME,6,1.4,3,3.1,65.91,1.0,2,0,1.35,3,2,0.67,FREQUENT,0
EMP-SYNTH-0964,Engineering,REMOTE,FULL_TIME,4,7.8,3,3.32,66.23,-0.5,6,2,2.87,7,5,0.71,FREQUENT,1
EMP-SYNTH-0965,Growth & Marketing,OFFICE,PART_TIME,4,11.5,3,2.62,54.73,1.0,1,1,0.74,6,3,0.5,FREQUENT,0
EMP-SYNTH-0966,Product & Design,OFFICE,FULL_TIME,5,0.8,4,4.26,80.99,0.0,6,1,1.34,6,4,0.67,NONE,0
EMP-SYNTH-0967,Growth & Marketing,REMOTE,CONTRACT,2,11.3,3,2.7,55.07,0.0,1,0,0.97,0,0,0.0,NONE,0
EMP-SYNTH-0968,Product & Design,OFFICE,CONTRACT,7,6.8,4,4.15,81.96,0.0,4,0,1.93,5,4,0.8,FREQUENT,0
EMP-SYNTH-0969,Engineering,HYBRID,FULL_TIME,3,6.2,5,4.64,88.82,-0.5,5,1,0.28,5,2,0.4,OCCASIONAL,0
EMP-SYNTH-0970,Engineering,REMOTE,CONTRACT,9,1.2,3,3.29,67.75,0.5,6,0,2.44,7,2,0.29,NONE,0
EMP-SYNTH-0971,Product & Design,OFFICE,FULL_TIME,1,7.9,3,2.55,54.43,-0.5,3,0,0.13,3,1,0.33,NONE,0
EMP-SYNTH-0972,Enterprise Sales,OFFICE,PART_TIME,5,6.2,4,4.2,84.5,-1.0,1,0,0.63,7,0,0.0,OCCASIONAL,0
EMP-SYNTH-0973,Engineering,HYBRID,CONTRACT,9,10.8,2,1.71,34.56,1.0,5,2,0.8,5,4,0.8,OCCASIONAL,0
EMP-SYNTH-0974,Growth & Marketing,REMOTE,CONTRACT,4,4.3,3,2.62,50.25,-1.0,3,3,0.61,1,0,0.0,OCCASIONAL,1
EMP-SYNTH-0975,Engineering,HYBRID,FULL_TIME,4,9.2,4,3.8,77.9,-0.5,4,2,1.08,0,0,0.0,FREQUENT,1
EMP-SYNTH-0976,Human Resources,HYBRID,FULL_TIME,5,0.6,4,4.36,84.26,1.0,3,2,1.37,6,4,0.67,NONE,0
EMP-SYNTH-0977,Enterprise Sales,REMOTE,PART_TIME,10,3.8,5,5.0,97.49,0.5,0,0,0.0,0,0,0.0,NONE,0
EMP-SYNTH-0978,Product & Design,REMOTE,CONTRACT,10,11.6,2,1.87,38.86,0.0,5,2,0.23,6,5,0.83,NONE,0
EMP-SYNTH-0979,Product & Design,OFFICE,FULL_TIME,5,2.1,3,3.43,73.43,-0.5,0,0,0.0,7,2,0.29,NONE,0
EMP-SYNTH-0980,Enterprise Sales,HYBRID,PART_TIME,9,3.6,1,1.06,16.83,1.0,1,0,0.2,6,0,0.0,NONE,0
EMP-SYNTH-0981,Enterprise Sales,REMOTE,CONTRACT,7,2.5,1,1.4,29.57,0.0,5,2,2.16,3,2,0.67,NONE,0
EMP-SYNTH-0982,Human Resources,OFFICE,PART_TIME,8,9.8,5,4.54,91.43,0.0,4,3,2.38,0,0,0.0,OCCASIONAL,0
EMP-SYNTH-0983,Engineering,HYBRID,CONTRACT,8,9.9,3,2.87,61.42,1.0,4,1,0.96,5,3,0.6,NONE,0
EMP-SYNTH-0984,Product & Design,REMOTE,FULL_TIME,8,8.3,3,3.46,65.06,0.0,1,1,2.77,7,7,1.0,FREQUENT,0
EMP-SYNTH-0985,Human Resources,OFFICE,CONTRACT,9,11.1,5,4.65,91.42,1.0,6,1,2.55,2,0,0.0,FREQUENT,0
EMP-SYNTH-0986,Engineering,HYBRID,PART_TIME,1,6.5,3,2.75,55.5,-0.5,5,1,2.05,5,3,0.6,NONE,1
EMP-SYNTH-0987,Product & Design,HYBRID,CONTRACT,9,11.3,3,3.32,63.59,0.0,5,3,2.06,1,0,0.0,FREQUENT,1
EMP-SYNTH-0988,Human Resources,HYBRID,FULL_TIME,9,9.7,3,3.42,70.35,0.0,1,1,0.91,3,0,0.0,NONE,0
EMP-SYNTH-0989,Engineering,OFFICE,FULL_TIME,5,1.9,2,2.28,41.31,0.0,3,0,1.27,5,5,1.0,OCCASIONAL,0
EMP-SYNTH-0990,Product & Design,REMOTE,CONTRACT,4,4.0,4,4.42,89.75,0.5,0,0,0.0,0,0,0.0,OCCASIONAL,0
EMP-SYNTH-0991,Product & Design,OFFICE,CONTRACT,8,10.4,3,3.04,56.78,1.0,4,2,2.85,7,0,0.0,OCCASIONAL,1
EMP-SYNTH-0992,Engineering,REMOTE,CONTRACT,9,1.6,3,3.33,67.91,-1.0,3,3,2.25,3,3,1.0,NONE,0
EMP-SYNTH-0993,Product & Design,REMOTE,PART_TIME,8,3.0,3,2.51,46.48,1.0,6,0,2.81,7,1,0.14,FREQUENT,0
EMP-SYNTH-0994,Growth & Marketing,REMOTE,PART_TIME,1,3.4,2,2.02,37.14,0.0,2,0,0.12,5,3,0.6,NONE,0
EMP-SYNTH-0995,Human Resources,OFFICE,FULL_TIME,8,6.1,1,1.28,28.67,-0.5,6,3,0.13,2,0,0.0,OCCASIONAL,1
EMP-SYNTH-0996,Enterprise Sales,OFFICE,PART_TIME,8,9.8,5,4.62,89.04,-0.5,5,0,1.31,5,5,1.0,OCCASIONAL,0
EMP-SYNTH-0997,Engineering,HYBRID,PART_TIME,6,7.8,2,1.97,37.19,0.5,5,3,0.2,1,1,1.0,FREQUENT,0
EMP-SYNTH-0998,Human Resources,OFFICE,FULL_TIME,1,2.4,3,3.16,62.66,0.5,2,2,0.79,1,0,0.0,FREQUENT,1
EMP-SYNTH-0999,Enterprise Sales,OFFICE,PART_TIME,1,3.2,2,1.63,34.61,-1.0,2,0,1.53,0,0,0.0,FREQUENT,1
EMP-SYNTH-1000,Engineering,REMOTE,FULL_TIME,6,11.1,4,4.3,82.89,0.0,3,3,0.64,2,1,0.5,FREQUENT,0
EMP-SYNTH-1001,Growth & Marketing,OFFICE,FULL_TIME,3,10.4,2,2.26,44.98,-1.0,4,1,0.74,6,6,1.0,FREQUENT,1
EMP-SYNTH-1002,Product & Design,REMOTE,FULL_TIME,7,1.0,3,2.89,54.73,1.0,2,1,1.35,3,1,0.33,OCCASIONAL,0
EMP-SYNTH-1003,Growth & Marketing,HYBRID,CONTRACT,3,3.3,3,3.0,55.75,0.5,0,0,0.0,1,0,0.0,FREQUENT,0
EMP-SYNTH-1004,Engineering,REMOTE,CONTRACT,7,3.7,4,4.49,88.21,0.5,4,2,2.76,7,7,1.0,OCCASIONAL,0
EMP-SYNTH-1005,Growth & Marketing,HYBRID,PART_TIME,10,7.4,4,3.64,71.17,1.0,3,2,1.6,1,1,1.0,FREQUENT,0
EMP-SYNTH-1006,Product & Design,HYBRID,PART_TIME,4,4.1,5,5.0,100.66,0.0,2,0,2.48,8,6,0.75,OCCASIONAL,0
EMP-SYNTH-1007,Product & Design,HYBRID,CONTRACT,4,9.3,4,3.64,75.5,0.0,1,1,2.14,8,5,0.62,NONE,0
EMP-SYNTH-1008,Human Resources,OFFICE,PART_TIME,5,7.8,3,3.29,69.1,-0.5,5,3,1.12,6,3,0.5,FREQUENT,0
EMP-SYNTH-1009,Product & Design,HYBRID,CONTRACT,9,4.4,3,2.57,47.64,0.0,6,3,0.01,3,2,0.67,OCCASIONAL,0
EMP-SYNTH-1010,Growth & Marketing,REMOTE,PART_TIME,10,5.3,3,3.48,70.88,0.0,4,0,1.43,6,2,0.33,NONE,0
EMP-SYNTH-1011,Human Resources,OFFICE,FULL_TIME,6,9.2,5,4.54,86.5,-1.0,4,2,0.38,1,1,1.0,NONE,1
EMP-SYNTH-1012,Engineering,OFFICE,FULL_TIME,6,11.7,4,3.78,73.01,-0.5,4,2,2.78,5,1,0.2,NONE,1
EMP-SYNTH-1013,Engineering,HYBRID,PART_TIME,6,9.3,2,2.47,48.23,0.5,4,0,2.86,1,1,1.0,OCCASIONAL,0
EMP-SYNTH-1014,Enterprise Sales,OFFICE,FULL_TIME,8,7.5,4,4.42,86.19,-1.0,1,1,1.31,6,3,0.5,NONE,0
EMP-SYNTH-1015,Human Resources,OFFICE,FULL_TIME,7,8.7,3,3.24,63.64,0.5,6,3,0.07,4,1,0.25,FREQUENT,0
EMP-SYNTH-1016,Growth & Marketing,REMOTE,CONTRACT,1,6.2,4,4.34,87.87,0.0,1,0,1.8,6,1,0.17,OCCASIONAL,0
EMP-SYNTH-1017,Human Resources,OFFICE,CONTRACT,6,5.2,3,2.79,53.11,0.5,3,0,2.06,3,0,0.0,OCCASIONAL,0
EMP-SYNTH-1018,Growth & Marketing,REMOTE,CONTRACT,7,0.7,3,2.95,58.24,0.0,2,1,0.69,5,2,0.4,OCCASIONAL,0
EMP-SYNTH-1019,Human Resources,OFFICE,FULL_TIME,10,7.9,3,3.31,69.66,0.0,2,0,2.28,1,0,0.0,NONE,0
EMP-SYNTH-1020,Product & Design,OFFICE,PART_TIME,5,5.7,3,3.36,64.99,-0.5,1,1,0.93,8,1,0.12,NONE,0
EMP-SYNTH-1021,Engineering,HYBRID,FULL_TIME,10,8.0,4,4.45,93.42,-0.5,2,2,1.41,6,1,0.17,NONE,1
EMP-SYNTH-1022,Growth & Marketing,HYBRID,FULL_TIME,2,9.4,3,3.28,65.94,0.0,4,2,2.17,2,2,1.0,NONE,0
EMP-SYNTH-1023,Human Resources,OFFICE,CONTRACT,3,9.3,3,2.52,50.45,-1.0,3,1,0.5,7,2,0.29,NONE,1
EMP-SYNTH-1024,Product & Design,HYBRID,CONTRACT,8,3.3,2,1.61,29.68,1.0,4,0,0.2,6,1,0.17,NONE,1
EMP-SYNTH-1025,Product & Design,REMOTE,PART_TIME,8,8.3,3,3.04,59.84,0.5,3,2,2.36,6,6,1.0,OCCASIONAL,0
EMP-SYNTH-1026,Growth & Marketing,REMOTE,FULL_TIME,1,2.9,3,2.87,55.38,0.5,3,3,1.13,5,0,0.0,OCCASIONAL,0
EMP-SYNTH-1027,Enterprise Sales,OFFICE,FULL_TIME,4,5.5,4,3.65,76.65,1.0,1,1,1.19,2,0,0.0,NONE,0
EMP-SYNTH-1028,Enterprise Sales,REMOTE,PART_TIME,8,4.8,3,2.63,57.2,-0.5,1,0,0.89,0,0,0.0,OCCASIONAL,0
EMP-SYNTH-1029,Enterprise Sales,HYBRID,CONTRACT,2,7.4,3,3.01,59.97,0.0,0,0,0.0,5,1,0.2,OCCASIONAL,0
EMP-SYNTH-1030,Engineering,OFFICE,PART_TIME,9,3.6,1,1.0,20.21,-1.0,3,3,1.0,7,5,0.71,FREQUENT,1
EMP-SYNTH-1031,Product & Design,REMOTE,CONTRACT,1,9.7,3,3.38,70.18,0.0,6,0,2.0,8,8,1.0,NONE,0
EMP-SYNTH-1032,Enterprise Sales,REMOTE,PART_TIME,8,8.9,4,3.64,75.42,-0.5,0,0,0.0,4,3,0.75,NONE,0
EMP-SYNTH-1033,Engineering,OFFICE,CONTRACT,1,11.5,2,2.07,40.58,-0.5,3,2,2.97,3,0,0.0,NONE,1
EMP-SYNTH-1034,Enterprise Sales,OFFICE,FULL_TIME,8,11.0,2,2.17,39.54,1.0,3,2,1.85,5,3,0.6,OCCASIONAL,0
EMP-SYNTH-1035,Growth & Marketing,HYBRID,PART_TIME,6,7.8,3,2.66,55.02,1.0,4,2,2.42,3,1,0.33,NONE,0
EMP-SYNTH-1036,Growth & Marketing,REMOTE,CONTRACT,7,1.1,3,3.3,63.58,-0.5,4,1,2.53,3,1,0.33,OCCASIONAL,0
EMP-SYNTH-1037,Human Resources,OFFICE,PART_TIME,9,6.3,3,2.9,58.67,0.0,0,0,0.0,2,2,1.0,OCCASIONAL,0
EMP-SYNTH-1038,Product & Design,OFFICE,CONTRACT,7,9.9,2,1.97,34.71,0.0,0,0,0.0,3,3,1.0,OCCASIONAL,0
EMP-SYNTH-1039,Enterprise Sales,HYBRID,FULL_TIME,7,5.4,3,2.74,57.85,0.0,1,1,1.78,1,0,0.0,NONE,1
EMP-SYNTH-1040,Human Resources,HYBRID,CONTRACT,8,10.8,5,5.0,101.97,-0.5,0,0,0.0,7,2,0.29,NONE,0
EMP-SYNTH-1041,Human Resources,REMOTE,CONTRACT,6,8.2,2,1.67,31.5,-1.0,0,0,0.0,0,0,0.0,NONE,1
EMP-SYNTH-1042,Enterprise Sales,OFFICE,CONTRACT,10,3.9,4,3.57,72.53,-0.5,0,0,0.0,4,1,0.25,FREQUENT,0
EMP-SYNTH-1043,Growth & Marketing,OFFICE,CONTRACT,10,3.1,3,2.89,56.19,-0.5,5,3,2.43,5,4,0.8,OCCASIONAL,0
EMP-SYNTH-1044,Enterprise Sales,REMOTE,FULL_TIME,5,8.2,3,2.96,61.23,-1.0,0,0,0.0,1,0,0.0,NONE,1
EMP-SYNTH-1045,Enterprise Sales,OFFICE,FULL_TIME,2,3.7,3,2.82,53.79,0.0,3,3,0.37,8,4,0.5,FREQUENT,0
EMP-SYNTH-1046,Engineering,REMOTE,FULL_TIME,7,2.7,2,1.53,34.13,0.0,3,1,2.44,7,6,0.86,FREQUENT,1
EMP-SYNTH-1047,Product & Design,REMOTE,FULL_TIME,6,9.1,4,4.16,87.78,0.5,6,1,0.02,2,1,0.5,OCCASIONAL,0
EMP-SYNTH-1048,Product & Design,OFFICE,FULL_TIME,3,3.3,4,4.46,93.27,1.0,1,1,0.12,0,0,0.0,FREQUENT,0
EMP-SYNTH-1049,Product & Design,HYBRID,CONTRACT,6,0.5,3,3.32,66.41,-0.5,1,1,2.04,8,4,0.5,FREQUENT,0
EMP-SYNTH-1050,Growth & Marketing,HYBRID,PART_TIME,4,5.5,5,5.0,99.55,1.0,4,2,1.62,7,0,0.0,OCCASIONAL,0
EMP-SYNTH-1051,Product & Design,OFFICE,CONTRACT,10,7.7,4,3.97,83.18,0.0,4,1,2.77,3,3,1.0,OCCASIONAL,0
EMP-SYNTH-1052,Engineering,OFFICE,PART_TIME,10,3.4,3,3.03,56.01,0.0,1,1,0.01,0,0,0.0,OCCASIONAL,1
EMP-SYNTH-1053,Growth & Marketing,HYBRID,CONTRACT,1,6.3,5,5.0,101.4,0.0,6,0,1.49,3,2,0.67,NONE,0
EMP-SYNTH-1054,Enterprise Sales,HYBRID,PART_TIME,6,2.5,4,3.51,69.5,0.0,5,1,2.84,0,0,0.0,NONE,0
EMP-SYNTH-1055,Product & Design,OFFICE,PART_TIME,5,8.2,3,3.41,65.24,-0.5,2,0,2.3,4,2,0.5,FREQUENT,1
EMP-SYNTH-1056,Engineering,OFFICE,FULL_TIME,1,11.5,2,2.27,47.98,0.0,1,0,2.29,5,0,0.0,FREQUENT,0
EMP-SYNTH-1057,Growth & Marketing,REMOTE,PART_TIME,2,6.0,4,4.29,84.36,-1.0,2,0,1.16,3,2,0.67,FREQUENT,1
EMP-SYNTH-1058,Engineering,OFFICE,FULL_TIME,3,4.4,3,3.19,60.74,1.0,2,0,1.02,6,6,1.0,OCCASIONAL,0
EMP-SYNTH-1059,Engineering,HYBRID,CONTRACT,4,2.4,4,3.98,80.46,1.0,0,0,0.0,7,7,1.0,OCCASIONAL,0
EMP-SYNTH-1060,Engineering,OFFICE,CONTRACT,4,0.5,3,3.49,74.14,1.0,2,1,2.25,0,0,0.0,OCCASIONAL,0
EMP-SYNTH-1061,Engineering,OFFICE,FULL_TIME,10,6.5,4,4.09,81.53,0.5,4,2,0.36,0,0,0.0,NONE,0
EMP-SYNTH-1062,Product & Design,OFFICE,FULL_TIME,1,11.3,4,4.5,91.96,0.0,1,1,1.02,6,0,0.0,FREQUENT,1
EMP-SYNTH-1063,Product & Design,OFFICE,CONTRACT,5,9.0,3,2.53,48.45,-0.5,5,0,2.61,8,1,0.12,OCCASIONAL,1
EMP-SYNTH-1064,Product & Design,REMOTE,FULL_TIME,3,7.1,3,2.58,47.09,0.0,6,0,2.43,8,8,1.0,OCCASIONAL,0
EMP-SYNTH-1065,Growth & Marketing,HYBRID,CONTRACT,2,10.8,4,3.54,74.99,0.0,0,0,0.0,4,0,0.0,NONE,0
EMP-SYNTH-1066,Growth & Marketing,OFFICE,FULL_TIME,8,1.0,4,3.91,74.27,-0.5,4,1,0.25,2,0,0.0,FREQUENT,1
EMP-SYNTH-1067,Growth & Marketing,HYBRID,FULL_TIME,1,5.9,4,3.63,74.98,1.0,4,1,2.97,0,0,0.0,FREQUENT,0
EMP-SYNTH-1068,Human Resources,REMOTE,PART_TIME,4,1.2,3,3.17,60.32,0.5,2,1,0.41,6,4,0.67,OCCASIONAL,0
EMP-SYNTH-1069,Product & Design,OFFICE,PART_TIME,2,8.6,3,3.11,57.21,-1.0,3,1,2.24,2,2,1.0,NONE,0
EMP-SYNTH-1070,Human Resources,OFFICE,PART_TIME,1,3.2,3,2.55,46.72,0.0,1,0,0.83,1,0,0.0,FREQUENT,0
EMP-SYNTH-1071,Human Resources,HYBRID,FULL_TIME,1,5.3,3,2.95,55.47,1.0,6,0,2.61,5,3,0.6,OCCASIONAL,0
EMP-SYNTH-1072,Enterprise Sales,HYBRID,FULL_TIME,3,2.9,3,3.37,70.98,1.0,1,1,1.47,4,3,0.75,NONE,0
EMP-SYNTH-1073,Product & Design,OFFICE,CONTRACT,8,2.3,4,4.33,89.08,0.5,2,0,1.24,4,1,0.25,OCCASIONAL,0
EMP-SYNTH-1074,Engineering,REMOTE,PART_TIME,2,7.2,3,3.14,62.29,1.0,6,2,2.52,6,2,0.33,NONE,0
EMP-SYNTH-1075,Enterprise Sales,OFFICE,CONTRACT,3,0.7,3,2.99,56.99,0.5,4,1,0.33,5,4,0.8,OCCASIONAL,0
EMP-SYNTH-1076,Growth & Marketing,REMOTE,PART_TIME,7,0.7,3,3.38,65.01,0.0,2,0,2.27,8,8,1.0,NONE,0
EMP-SYNTH-1077,Enterprise Sales,HYBRID,FULL_TIME,3,11.5,3,3.19,64.34,0.5,2,0,1.44,2,0,0.0,FREQUENT,0
EMP-SYNTH-1078,Product & Design,HYBRID,CONTRACT,10,2.8,3,3.34,67.82,0.5,2,0,1.14,3,1,0.33,OCCASIONAL,0
EMP-SYNTH-1079,Engineering,REMOTE,CONTRACT,8,9.2,3,2.99,59.11,0.5,0,0,0.0,1,0,0.0,NONE,0
EMP-SYNTH-1080,Enterprise Sales,REMOTE,PART_TIME,2,1.7,5,5.0,102.18,-0.5,5,1,0.66,1,0,0.0,OCCASIONAL,1
EMP-SYNTH-1081,Engineering,HYBRID,CONTRACT,2,11.9,4,4.39,91.73,-1.0,2,0,1.84,1,1,1.0,FREQUENT,0
EMP-SYNTH-1082,Human Resources,OFFICE,CONTRACT,5,6.7,4,4.2,79.06,0.0,6,1,2.39,5,0,0.0,NONE,0
EMP-SYNTH-1083,Growth & Marketing,HYBRID,FULL_TIME,10,3.7,3,2.85,55.57,0.0,4,1,0.08,1,0,0.0,FREQUENT,1
EMP-SYNTH-1084,Human Resources,OFFICE,PART_TIME,1,8.9,2,1.71,30.53,0.0,0,0,0.0,3,1,0.33,NONE,0
EMP-SYNTH-1085,Engineering,HYBRID,PART_TIME,4,4.7,4,4.26,88.55,0.0,1,0,2.5,2,1,0.5,OCCASIONAL,0
EMP-SYNTH-1086,Growth & Marketing,OFFICE,PART_TIME,7,1.7,4,3.71,70.74,-1.0,3,1,2.1,2,1,0.5,FREQUENT,0
EMP-SYNTH-1087,Growth & Marketing,HYBRID,PART_TIME,9,11.4,5,5.0,104.17,0.0,3,1,2.49,8,3,0.38,OCCASIONAL,0
EMP-SYNTH-1088,Enterprise Sales,REMOTE,CONTRACT,5,7.5,5,5.0,103.36,-0.5,3,2,1.13,8,7,0.88,NONE,0
EMP-SYNTH-1089,Growth & Marketing,OFFICE,PART_TIME,3,10.9,3,3.2,68.5,-1.0,4,3,1.18,2,0,0.0,FREQUENT,1
EMP-SYNTH-1090,Human Resources,OFFICE,FULL_TIME,9,10.4,3,2.57,51.79,-1.0,2,2,1.61,4,2,0.5,OCCASIONAL,1
EMP-SYNTH-1091,Growth & Marketing,OFFICE,FULL_TIME,1,5.4,4,3.71,77.23,-0.5,5,0,1.55,7,1,0.14,OCCASIONAL,0
EMP-SYNTH-1092,Product & Design,REMOTE,FULL_TIME,5,11.9,3,2.53,45.72,-1.0,6,0,2.59,0,0,0.0,OCCASIONAL,0
EMP-SYNTH-1093,Human Resources,HYBRID,PART_TIME,10,1.4,4,3.98,82.65,0.0,6,2,0.17,0,0,0.0,OCCASIONAL,0
EMP-SYNTH-1094,Growth & Marketing,HYBRID,CONTRACT,5,3.5,2,2.31,47.2,0.5,4,3,0.86,8,1,0.12,NONE,1
EMP-SYNTH-1095,Human Resources,REMOTE,PART_TIME,10,9.6,3,2.97,59.47,0.0,0,0,0.0,0,0,0.0,FREQUENT,0
EMP-SYNTH-1096,Product & Design,HYBRID,CONTRACT,2,4.7,3,3.03,59.65,0.5,0,0,0.0,6,1,0.17,OCCASIONAL,0
EMP-SYNTH-1097,Growth & Marketing,OFFICE,CONTRACT,6,8.1,3,3.32,69.25,0.0,5,0,1.66,0,0,0.0,NONE,0
EMP-SYNTH-1098,Growth & Marketing,HYBRID,PART_TIME,8,7.6,4,3.52,71.64,1.0,6,1,0.38,0,0,0.0,NONE,0
EMP-SYNTH-1099,Engineering,REMOTE,CONTRACT,9,1.9,3,3.03,55.65,1.0,5,2,2.89,2,2,1.0,OCCASIONAL,0
EMP-SYNTH-1100,Growth & Marketing,OFFICE,CONTRACT,4,6.6,2,1.77,31.95,-1.0,1,1,1.86,4,1,0.25,FREQUENT,1
EMP-SYNTH-1101,Growth & Marketing,HYBRID,PART_TIME,5,5.2,2,1.74,34.0,1.0,1,1,2.17,8,6,0.75,NONE,1
EMP-SYNTH-1102,Product & Design,OFFICE,CONTRACT,1,10.0,3,3.48,68.5,0.0,6,2,2.27,0,0,0.0,OCCASIONAL,1
EMP-SYNTH-1103,Human Resources,HYBRID,PART_TIME,6,4.4,4,3.79,80.39,1.0,0,0,0.0,7,6,0.86,OCCASIONAL,0
EMP-SYNTH-1104,Product & Design,HYBRID,PART_TIME,9,6.3,5,5.0,102.31,0.0,1,0,2.49,4,2,0.5,FREQUENT,0
EMP-SYNTH-1105,Human Resources,REMOTE,PART_TIME,1,8.2,3,2.79,57.19,0.0,1,0,2.75,3,2,0.67,NONE,0
EMP-SYNTH-1106,Product & Design,HYBRID,FULL_TIME,7,8.9,4,4.31,82.1,1.0,4,3,1.58,1,0,0.0,FREQUENT,0
EMP-SYNTH-1107,Human Resources,OFFICE,PART_TIME,2,7.8,2,1.72,33.45,0.0,1,0,2.65,0,0,0.0,NONE,0
EMP-SYNTH-1108,Growth & Marketing,REMOTE,CONTRACT,7,1.6,5,5.0,102.79,1.0,6,0,0.03,2,0,0.0,NONE,0
EMP-SYNTH-1109,Engineering,HYBRID,FULL_TIME,6,9.5,2,1.63,33.57,-1.0,1,1,1.0,7,4,0.57,FREQUENT,1
EMP-SYNTH-1110,Engineering,HYBRID,CONTRACT,1,10.6,4,3.89,78.9,0.0,1,0,0.23,1,0,0.0,FREQUENT,1
EMP-SYNTH-1111,Growth & Marketing,REMOTE,FULL_TIME,9,3.9,3,3.03,59.03,-1.0,4,1,2.27,6,1,0.17,NONE,1
EMP-SYNTH-1112,Human Resources,HYBRID,PART_TIME,9,2.2,3,2.78,53.98,-1.0,0,0,0.0,0,0,0.0,NONE,0
EMP-SYNTH-1113,Growth & Marketing,HYBRID,CONTRACT,1,10.0,4,4.28,83.97,0.0,3,3,1.31,0,0,0.0,NONE,0
EMP-SYNTH-1114,Engineering,OFFICE,FULL_TIME,1,6.5,3,2.89,61.65,-1.0,6,0,1.16,7,1,0.14,OCCASIONAL,0
EMP-SYNTH-1115,Human Resources,OFFICE,FULL_TIME,4,3.4,3,2.55,50.3,0.5,1,1,1.72,7,7,1.0,OCCASIONAL,0
EMP-SYNTH-1116,Human Resources,HYBRID,FULL_TIME,9,10.1,3,3.46,65.36,0.0,4,0,2.38,7,3,0.43,OCCASIONAL,0
EMP-SYNTH-1117,Product & Design,OFFICE,CONTRACT,9,9.0,3,2.91,55.32,1.0,2,2,2.17,0,0,0.0,FREQUENT,0
EMP-SYNTH-1118,Engineering,HYBRID,FULL_TIME,9,4.7,3,3.21,67.23,0.0,4,1,2.8,7,4,0.57,FREQUENT,0
EMP-SYNTH-1119,Human Resources,REMOTE,PART_TIME,10,7.7,4,4.27,86.13,0.0,6,2,2.49,7,1,0.14,FREQUENT,0
EMP-SYNTH-1120,Product & Design,HYBRID,CONTRACT,10,3.4,3,2.6,47.21,0.5,2,2,1.86,3,1,0.33,NONE,0
EMP-SYNTH-1121,Engineering,OFFICE,FULL_TIME,5,9.5,4,3.93,79.24,-1.0,3,0,2.97,7,2,0.29,OCCASIONAL,0
EMP-SYNTH-1122,Enterprise Sales,OFFICE,PART_TIME,8,2.5,3,3.06,66.15,-0.5,4,1,0.98,5,5,1.0,NONE,0
EMP-SYNTH-1123,Growth & Marketing,OFFICE,PART_TIME,9,9.2,4,4.48,92.88,0.0,3,0,2.94,6,2,0.33,NONE,0
EMP-SYNTH-1124,Human Resources,REMOTE,PART_TIME,6,6.8,2,2.16,39.13,0.5,3,3,1.03,1,0,0.0,NONE,1
EMP-SYNTH-1125,Growth & Marketing,REMOTE,CONTRACT,2,8.2,4,3.65,69.9,0.5,2,2,1.01,1,1,1.0,NONE,0
EMP-SYNTH-1126,Human Resources,OFFICE,PART_TIME,5,10.3,3,3.4,71.55,-0.5,3,1,0.0,8,6,0.75,FREQUENT,1
EMP-SYNTH-1127,Enterprise Sales,REMOTE,FULL_TIME,1,1.8,5,4.89,94.82,-1.0,5,1,2.44,5,0,0.0,NONE,1
EMP-SYNTH-1128,Engineering,HYBRID,PART_TIME,5,1.4,4,3.57,73.78,-1.0,3,3,2.32,8,3,0.38,FREQUENT,0
EMP-SYNTH-1129,Enterprise Sales,HYBRID,CONTRACT,3,1.1,3,3.14,60.5,0.0,3,3,1.8,6,1,0.17,NONE,0
EMP-SYNTH-1130,Human Resources,HYBRID,CONTRACT,7,8.2,3,2.84,57.35,-1.0,5,3,2.17,7,6,0.86,NONE,0
EMP-SYNTH-1131,Human Resources,HYBRID,PART_TIME,10,1.3,4,3.52,74.77,1.0,4,2,0.2,3,1,0.33,NONE,0
EMP-SYNTH-1132,Human Resources,REMOTE,CONTRACT,3,2.8,5,4.9,97.67,-1.0,3,0,0.61,2,2,1.0,NONE,0
EMP-SYNTH-1133,Engineering,HYBRID,FULL_TIME,1,4.9,3,2.92,61.65,1.0,2,0,1.4,8,5,0.62,OCCASIONAL,0
EMP-SYNTH-1134,Engineering,HYBRID,PART_TIME,5,4.0,3,3.23,61.29,0.5,2,0,0.42,6,2,0.33,FREQUENT,0
EMP-SYNTH-1135,Engineering,OFFICE,CONTRACT,5,3.8,2,1.95,40.82,-1.0,3,3,1.6,2,1,0.5,FREQUENT,1
EMP-SYNTH-1136,Human Resources,OFFICE,FULL_TIME,1,10.1,4,4.38,91.54,0.5,4,1,0.31,3,2,0.67,FREQUENT,0
EMP-SYNTH-1137,Enterprise Sales,OFFICE,PART_TIME,9,4.4,4,4.28,87.47,0.0,1,1,2.6,3,1,0.33,NONE,0
EMP-SYNTH-1138,Product & Design,REMOTE,FULL_TIME,6,3.1,4,4.46,84.43,1.0,4,3,1.21,1,1,1.0,OCCASIONAL,0
EMP-SYNTH-1139,Engineering,REMOTE,CONTRACT,4,10.9,3,3.31,69.8,-1.0,2,0,1.13,2,0,0.0,FREQUENT,1
EMP-SYNTH-1140,Product & Design,REMOTE,PART_TIME,3,1.5,3,3.37,66.06,0.0,4,3,2.81,4,3,0.75,FREQUENT,0
EMP-SYNTH-1141,Human Resources,HYBRID,FULL_TIME,9,8.0,5,4.57,92.11,0.0,4,3,2.91,0,0,0.0,NONE,0
EMP-SYNTH-1142,Product & Design,HYBRID,FULL_TIME,3,2.0,5,5.0,102.98,0.5,5,1,1.99,8,6,0.75,FREQUENT,0
EMP-SYNTH-1143,Growth & Marketing,HYBRID,PART_TIME,5,6.3,3,2.63,56.42,0.0,6,0,1.94,4,2,0.5,OCCASIONAL,0
EMP-SYNTH-1144,Engineering,HYBRID,PART_TIME,8,1.6,5,4.74,95.24,0.0,3,3,0.59,2,0,0.0,FREQUENT,0
EMP-SYNTH-1145,Enterprise Sales,REMOTE,CONTRACT,2,11.6,2,2.13,47.33,0.0,4,3,1.15,2,2,1.0,FREQUENT,1
EMP-SYNTH-1146,Human Resources,OFFICE,CONTRACT,9,7.1,3,3.25,67.91,0.5,2,2,1.57,6,5,0.83,NONE,0
EMP-SYNTH-1147,Human Resources,REMOTE,FULL_TIME,5,10.7,4,4.37,89.96,0.0,3,2,2.06,0,0,0.0,FREQUENT,1
EMP-SYNTH-1148,Growth & Marketing,OFFICE,PART_TIME,6,10.3,3,2.68,53.84,0.0,4,3,0.59,5,4,0.8,OCCASIONAL,0
EMP-SYNTH-1149,Human Resources,HYBRID,FULL_TIME,3,8.4,4,4.35,89.9,-0.5,6,1,1.64,1,1,1.0,OCCASIONAL,0
EMP-SYNTH-1150,Product & Design,OFFICE,PART_TIME,6,8.8,5,4.68,98.05,0.0,1,0,1.21,3,1,0.33,OCCASIONAL,0
EMP-SYNTH-1151,Growth & Marketing,HYBRID,PART_TIME,6,1.7,4,4.44,84.86,1.0,3,2,1.1,7,4,0.57,OCCASIONAL,0
EMP-SYNTH-1152,Engineering,HYBRID,CONTRACT,8,9.4,3,2.76,50.28,0.0,5,0,2.63,8,1,0.12,NONE,0
EMP-SYNTH-1153,Enterprise Sales,HYBRID,CONTRACT,3,1.0,3,3.2,64.82,0.0,6,0,0.26,5,1,0.2,OCCASIONAL,0
EMP-SYNTH-1154,Enterprise Sales,OFFICE,CONTRACT,6,2.8,3,2.67,54.59,-0.5,6,3,1.43,8,1,0.12,NONE,1
EMP-SYNTH-1155,Enterprise Sales,REMOTE,CONTRACT,1,0.7,4,4.45,85.5,1.0,6,0,0.85,1,0,0.0,OCCASIONAL,0
EMP-SYNTH-1156,Growth & Marketing,OFFICE,PART_TIME,10,6.5,3,3.11,65.55,0.0,0,0,0.0,5,1,0.2,NONE,0
EMP-SYNTH-1157,Growth & Marketing,HYBRID,PART_TIME,6,5.1,4,4.44,89.37,0.0,3,0,2.87,8,6,0.75,OCCASIONAL,0
EMP-SYNTH-1158,Human Resources,OFFICE,CONTRACT,6,6.4,5,5.0,97.8,1.0,2,2,1.76,5,2,0.4,FREQUENT,0
EMP-SYNTH-1159,Growth & Marketing,REMOTE,FULL_TIME,9,2.0,5,5.0,104.68,1.0,3,2,0.08,0,0,0.0,NONE,0
EMP-SYNTH-1160,Human Resources,HYBRID,PART_TIME,4,1.3,3,3.14,66.06,-1.0,6,2,2.61,1,0,0.0,NONE,1
EMP-SYNTH-1161,Product & Design,REMOTE,CONTRACT,1,6.5,4,3.93,80.98,1.0,0,0,0.0,4,2,0.5,FREQUENT,0
EMP-SYNTH-1162,Growth & Marketing,HYBRID,PART_TIME,8,2.2,5,5.0,104.37,0.0,3,3,2.16,4,3,0.75,NONE,0
EMP-SYNTH-1163,Engineering,OFFICE,CONTRACT,9,11.8,4,4.42,86.28,-1.0,4,1,2.42,2,2,1.0,FREQUENT,1
EMP-SYNTH-1164,Human Resources,OFFICE,FULL_TIME,3,2.8,2,2.34,41.87,0.0,4,0,0.18,0,0,0.0,FREQUENT,1
EMP-SYNTH-1165,Human Resources,REMOTE,CONTRACT,8,2.3,4,3.96,74.44,-0.5,6,3,1.21,1,1,1.0,NONE,0
EMP-SYNTH-1166,Enterprise Sales,REMOTE,CONTRACT,5,9.1,3,3.13,62.44,0.0,1,0,0.98,1,1,1.0,OCCASIONAL,0
EMP-SYNTH-1167,Growth & Marketing,OFFICE,PART_TIME,2,5.0,3,2.68,53.0,-1.0,5,3,0.53,7,3,0.43,NONE,0
EMP-SYNTH-1168,Human Resources,HYBRID,PART_TIME,10,11.6,5,5.0,98.26,-0.5,1,0,2.22,2,0,0.0,FREQUENT,1
EMP-SYNTH-1169,Enterprise Sales,REMOTE,PART_TIME,10,1.4,3,3.05,57.44,-0.5,2,2,1.09,3,1,0.33,OCCASIONAL,0
EMP-SYNTH-1170,Enterprise Sales,OFFICE,CONTRACT,8,9.0,4,3.72,77.48,0.0,1,0,1.71,4,2,0.5,FREQUENT,0
EMP-SYNTH-1171,Enterprise Sales,HYBRID,PART_TIME,2,2.6,3,3.32,70.01,0.0,0,0,0.0,2,1,0.5,NONE,0
EMP-SYNTH-1172,Growth & Marketing,REMOTE,PART_TIME,8,8.8,3,3.21,67.38,-0.5,4,1,0.39,0,0,0.0,NONE,1
EMP-SYNTH-1173,Product & Design,REMOTE,PART_TIME,1,6.8,2,2.38,45.25,0.5,3,3,1.56,8,7,0.88,OCCASIONAL,0
EMP-SYNTH-1174,Product & Design,HYBRID,PART_TIME,6,2.6,4,3.89,73.41,-1.0,1,0,0.83,4,1,0.25,OCCASIONAL,0
EMP-SYNTH-1175,Engineering,HYBRID,PART_TIME,6,1.8,2,2.34,43.43,-0.5,6,0,0.07,2,2,1.0,FREQUENT,1
EMP-SYNTH-1176,Growth & Marketing,HYBRID,CONTRACT,1,1.6,2,1.78,39.28,0.5,1,0,1.84,3,0,0.0,FREQUENT,1
EMP-SYNTH-1177,Enterprise Sales,REMOTE,FULL_TIME,4,8.4,3,3.11,58.35,0.0,0,0,0.0,2,0,0.0,NONE,0
EMP-SYNTH-1178,Enterprise Sales,REMOTE,CONTRACT,3,1.1,4,4.25,80.89,-1.0,3,3,0.31,2,0,0.0,NONE,1
EMP-SYNTH-1179,Growth & Marketing,HYBRID,FULL_TIME,8,2.1,3,3.24,65.09,0.0,1,0,2.78,3,0,0.0,OCCASIONAL,0
EMP-SYNTH-1180,Product & Design,OFFICE,PART_TIME,1,8.1,3,3.38,70.71,0.5,0,0,0.0,4,1,0.25,NONE,0
EMP-SYNTH-1181,Engineering,REMOTE,FULL_TIME,9,8.4,4,3.64,71.17,-1.0,4,2,2.95,2,2,1.0,OCCASIONAL,0
EMP-SYNTH-1182,Growth & Marketing,OFFICE,PART_TIME,6,11.9,3,2.88,60.51,1.0,5,0,2.42,3,2,0.67,NONE,0
EMP-SYNTH-1183,Growth & Marketing,REMOTE,FULL_TIME,2,3.1,3,2.64,49.71,0.0,4,2,1.62,6,2,0.33,NONE,0
EMP-SYNTH-1184,Engineering,HYBRID,FULL_TIME,1,2.1,3,2.55,47.23,0.5,1,1,0.69,7,4,0.57,NONE,0
EMP-SYNTH-1185,Human Resources,HYBRID,PART_TIME,1,5.6,4,3.59,71.06,0.5,0,0,0.0,3,1,0.33,NONE,0
EMP-SYNTH-1186,Engineering,REMOTE,CONTRACT,5,11.5,2,2.38,48.92,-1.0,1,1,0.1,0,0,0.0,NONE,1
EMP-SYNTH-1187,Growth & Marketing,REMOTE,CONTRACT,8,7.0,4,3.95,78.23,0.0,4,0,1.11,5,2,0.4,OCCASIONAL,0
EMP-SYNTH-1188,Human Resources,REMOTE,CONTRACT,2,2.1,4,3.96,74.23,-1.0,4,0,2.31,8,1,0.12,NONE,0
EMP-SYNTH-1189,Human Resources,OFFICE,PART_TIME,7,6.9,2,1.9,40.63,-1.0,3,1,1.27,0,0,0.0,FREQUENT,1
EMP-SYNTH-1190,Product & Design,REMOTE,FULL_TIME,3,7.3,4,3.61,70.63,-1.0,3,0,0.59,0,0,0.0,OCCASIONAL,0
EMP-SYNTH-1191,Engineering,OFFICE,FULL_TIME,8,8.7,3,3.47,72.53,0.0,2,2,2.86,7,4,0.57,NONE,0
EMP-SYNTH-1192,Human Resources,OFFICE,FULL_TIME,10,5.5,3,3.36,68.96,0.0,3,3,1.79,7,0,0.0,NONE,0
EMP-SYNTH-1193,Engineering,HYBRID,FULL_TIME,6,2.8,4,4.37,84.4,0.0,1,1,2.77,6,3,0.5,OCCASIONAL,0
EMP-SYNTH-1194,Growth & Marketing,OFFICE,PART_TIME,4,10.1,4,3.98,74.92,0.0,3,3,1.28,4,2,0.5,FREQUENT,0
EMP-SYNTH-1195,Growth & Marketing,OFFICE,FULL_TIME,2,1.1,3,3.17,59.64,0.0,0,0,0.0,4,4,1.0,NONE,0
EMP-SYNTH-1196,Engineering,HYBRID,PART_TIME,5,7.1,3,3.17,65.48,0.0,6,1,0.13,8,0,0.0,FREQUENT,0
EMP-SYNTH-1197,Product & Design,HYBRID,PART_TIME,8,11.2,3,3.11,67.1,1.0,1,0,0.6,7,1,0.14,OCCASIONAL,0
EMP-SYNTH-1198,Product & Design,OFFICE,CONTRACT,7,11.5,2,1.98,44.13,0.0,3,2,0.74,2,1,0.5,OCCASIONAL,1
EMP-SYNTH-1199,Human Resources,OFFICE,PART_TIME,9,8.2,3,3.08,65.72,0.5,3,0,0.2,4,1,0.25,OCCASIONAL,0
EMP-SYNTH-1200,Human Resources,OFFICE,FULL_TIME,8,1.1,3,3.4,71.44,-1.0,0,0,0.0,0,0,0.0,FREQUENT,0
EMP-SYNTH-1201,Engineering,HYBRID,PART_TIME,5,1.6,5,5.0,104.44,-1.0,1,1,2.05,8,8,1.0,FREQUENT,0
EMP-SYNTH-1202,Engineering,OFFICE,CONTRACT,1,8.9,3,3.13,67.25,1.0,4,0,2.45,1,1,1.0,OCCASIONAL,0
EMP-SYNTH-1203,Product & Design,HYBRID,FULL_TIME,3,9.2,3,3.38,66.16,0.5,5,1,1.71,7,5,0.71,OCCASIONAL,0
EMP-SYNTH-1204,Engineering,OFFICE,CONTRACT,9,1.0,3,2.97,55.34,-0.5,6,1,1.14,1,1,1.0,FREQUENT,0
EMP-SYNTH-1205,Enterprise Sales,OFFICE,PART_TIME,2,11.2,3,3.0,63.17,0.0,6,1,1.8,6,4,0.67,FREQUENT,0
EMP-SYNTH-1206,Enterprise Sales,HYBRID,PART_TIME,8,8.1,2,1.54,29.35,1.0,0,0,0.0,1,1,1.0,NONE,0
EMP-SYNTH-1207,Product & Design,REMOTE,FULL_TIME,8,10.8,4,3.68,71.44,1.0,4,1,1.0,6,2,0.33,NONE,0
EMP-SYNTH-1208,Enterprise Sales,OFFICE,CONTRACT,1,10.7,5,5.0,97.83,0.5,3,3,1.64,4,4,1.0,OCCASIONAL,0
EMP-SYNTH-1209,Engineering,REMOTE,CONTRACT,9,4.1,2,1.51,30.81,-1.0,3,1,0.48,5,4,0.8,NONE,0
EMP-SYNTH-1210,Growth & Marketing,HYBRID,FULL_TIME,1,6.3,3,3.29,63.02,0.5,3,1,1.84,6,1,0.17,OCCASIONAL,0
EMP-SYNTH-1211,Enterprise Sales,REMOTE,FULL_TIME,9,5.6,3,2.92,59.63,-1.0,0,0,0.0,1,0,0.0,NONE,0
EMP-SYNTH-1212,Human Resources,REMOTE,PART_TIME,10,7.9,2,2.32,43.45,0.0,0,0,0.0,3,3,1.0,FREQUENT,0
EMP-SYNTH-1213,Enterprise Sales,OFFICE,CONTRACT,3,11.8,1,1.0,20.56,-1.0,3,2,2.34,0,0,0.0,OCCASIONAL,1
EMP-SYNTH-1214,Product & Design,REMOTE,FULL_TIME,5,1.9,2,1.82,31.72,-0.5,5,2,0.82,6,3,0.5,NONE,1
EMP-SYNTH-1215,Enterprise Sales,HYBRID,CONTRACT,2,9.4,2,1.76,35.58,0.5,5,0,1.64,0,0,0.0,OCCASIONAL,0
EMP-SYNTH-1216,Product & Design,OFFICE,CONTRACT,5,5.3,4,3.6,69.26,0.0,4,1,2.76,6,2,0.33,FREQUENT,0
EMP-SYNTH-1217,Enterprise Sales,HYBRID,PART_TIME,9,7.6,5,5.0,100.82,1.0,4,3,0.93,8,6,0.75,FREQUENT,0
EMP-SYNTH-1218,Engineering,REMOTE,CONTRACT,10,3.5,3,3.16,59.31,0.5,1,0,0.18,7,5,0.71,NONE,0
EMP-SYNTH-1219,Enterprise Sales,HYBRID,FULL_TIME,6,1.8,3,2.92,60.68,-0.5,6,3,0.62,5,1,0.2,OCCASIONAL,1
EMP-SYNTH-1220,Engineering,HYBRID,PART_TIME,5,4.3,3,2.88,52.68,-1.0,4,2,2.42,4,4,1.0,FREQUENT,0
EMP-SYNTH-1221,Product & Design,OFFICE,FULL_TIME,5,11.1,5,5.0,97.74,1.0,6,3,1.29,6,0,0.0,OCCASIONAL,0
EMP-SYNTH-1222,Engineering,REMOTE,CONTRACT,7,10.4,3,2.94,59.18,-1.0,4,3,2.35,4,2,0.5,NONE,0
EMP-SYNTH-1223,Human Resources,HYBRID,PART_TIME,1,5.4,3,3.28,63.18,0.0,3,1,2.56,2,1,0.5,OCCASIONAL,0
EMP-SYNTH-1224,Enterprise Sales,HYBRID,CONTRACT,10,7.5,3,2.55,52.95,1.0,3,1,2.57,1,0,0.0,NONE,0
EMP-SYNTH-1225,Product & Design,OFFICE,CONTRACT,7,11.6,3,3.16,61.31,-0.5,6,2,1.84,6,0,0.0,NONE,1
EMP-SYNTH-1226,Engineering,OFFICE,CONTRACT,9,9.9,3,3.3,67.39,-1.0,0,0,0.0,1,1,1.0,FREQUENT,1
EMP-SYNTH-1227,Growth & Marketing,REMOTE,CONTRACT,8,11.9,2,2.37,44.13,0.5,2,1,2.79,0,0,0.0,OCCASIONAL,1
EMP-SYNTH-1228,Product & Design,OFFICE,PART_TIME,7,1.4,4,4.42,83.93,0.5,2,0,2.21,7,5,0.71,NONE,0
EMP-SYNTH-1229,Enterprise Sales,REMOTE,PART_TIME,10,8.9,4,4.03,80.21,0.0,6,1,1.11,4,4,1.0,NONE,0
EMP-SYNTH-1230,Growth & Marketing,HYBRID,FULL_TIME,9,4.2,3,3.3,70.8,0.0,0,0,0.0,6,2,0.33,OCCASIONAL,0
EMP-SYNTH-1231,Product & Design,REMOTE,PART_TIME,8,4.4,2,1.7,37.8,-1.0,1,0,0.46,7,4,0.57,FREQUENT,1
EMP-SYNTH-1232,Enterprise Sales,HYBRID,PART_TIME,2,5.7,5,4.9,95.06,1.0,2,2,1.92,2,1,0.5,NONE,0
EMP-SYNTH-1233,Engineering,OFFICE,PART_TIME,9,4.9,2,1.57,31.15,1.0,0,0,0.0,1,1,1.0,NONE,0
EMP-SYNTH-1234,Human Resources,OFFICE,CONTRACT,10,11.9,5,4.82,96.85,-0.5,2,2,2.68,5,1,0.2,OCCASIONAL,1
EMP-SYNTH-1235,Engineering,OFFICE,PART_TIME,2,6.4,4,3.9,77.74,0.0,4,0,2.53,5,1,0.2,OCCASIONAL,0
EMP-SYNTH-1236,Product & Design,REMOTE,CONTRACT,7,1.1,3,3.32,70.19,1.0,0,0,0.0,3,3,1.0,FREQUENT,0
EMP-SYNTH-1237,Growth & Marketing,OFFICE,FULL_TIME,6,3.3,3,2.65,52.56,0.5,4,2,2.62,6,6,1.0,FREQUENT,0
EMP-SYNTH-1238,Growth & Marketing,HYBRID,PART_TIME,3,10.7,4,4.1,80.06,0.0,3,1,2.51,1,1,1.0,OCCASIONAL,0
EMP-SYNTH-1239,Human Resources,REMOTE,CONTRACT,4,0.9,2,2.23,45.58,1.0,3,2,0.53,2,0,0.0,FREQUENT,1
EMP-SYNTH-1240,Human Resources,HYBRID,FULL_TIME,4,7.0,2,2.48,54.45,1.0,4,3,0.09,2,2,1.0,NONE,0
EMP-SYNTH-1241,Human Resources,HYBRID,PART_TIME,1,8.7,3,2.71,50.66,-1.0,6,0,0.04,3,1,0.33,NONE,1
EMP-SYNTH-1242,Enterprise Sales,REMOTE,CONTRACT,7,1.8,5,5.0,101.31,1.0,6,3,2.14,1,0,0.0,FREQUENT,0
EMP-SYNTH-1243,Engineering,REMOTE,FULL_TIME,6,4.9,2,1.56,33.45,0.5,2,1,1.95,1,0,0.0,OCCASIONAL,0
EMP-SYNTH-1244,Growth & Marketing,HYBRID,FULL_TIME,4,4.1,3,3.48,67.76,1.0,6,0,0.1,3,0,0.0,OCCASIONAL,0
EMP-SYNTH-1245,Enterprise Sales,OFFICE,FULL_TIME,6,9.9,3,2.83,59.02,0.0,3,0,0.99,0,0,0.0,OCCASIONAL,0
EMP-SYNTH-1246,Enterprise Sales,REMOTE,FULL_TIME,2,0.6,4,4.42,86.39,-1.0,5,0,2.11,3,2,0.67,NONE,0
EMP-SYNTH-1247,Enterprise Sales,HYBRID,CONTRACT,2,5.1,4,4.42,86.09,0.5,3,0,1.57,0,0,0.0,FREQUENT,0
EMP-SYNTH-1248,Growth & Marketing,OFFICE,CONTRACT,9,2.1,3,3.07,62.62,-0.5,3,3,2.35,8,3,0.38,FREQUENT,0
EMP-SYNTH-1249,Enterprise Sales,HYBRID,PART_TIME,9,10.8,3,2.97,64.35,1.0,5,3,2.34,1,1,1.0,NONE,0
EMP-SYNTH-1250,Human Resources,REMOTE,CONTRACT,2,7.0,4,3.52,71.35,-0.5,0,0,0.0,2,1,0.5,FREQUENT,1
EMP-SYNTH-1251,Product & Design,REMOTE,PART_TIME,9,7.1,4,3.69,68.95,-1.0,4,0,2.28,5,1,0.2,NONE,0
EMP-SYNTH-1252,Growth & Marketing,REMOTE,FULL_TIME,8,6.1,3,2.59,54.28,0.0,2,1,1.81,1,0,0.0,FREQUENT,0
EMP-SYNTH-1253,Growth & Marketing,OFFICE,CONTRACT,2,7.5,3,3.44,68.16,-0.5,1,0,1.81,7,5,0.71,FREQUENT,0
EMP-SYNTH-1254,Product & Design,HYBRID,PART_TIME,6,3.6,2,2.32,44.87,0.0,2,1,2.5,0,0,0.0,OCCASIONAL,0
EMP-SYNTH-1255,Growth & Marketing,OFFICE,FULL_TIME,10,2.1,4,3.87,80.71,1.0,4,0,2.81,0,0,0.0,FREQUENT,0
EMP-SYNTH-1256,Product & Design,REMOTE,CONTRACT,1,5.8,3,2.64,56.28,0.0,1,0,2.76,5,5,1.0,OCCASIONAL,0
EMP-SYNTH-1257,Engineering,OFFICE,FULL_TIME,8,6.5,5,5.0,96.83,1.0,2,2,1.36,1,0,0.0,OCCASIONAL,1
EMP-SYNTH-1258,Growth & Marketing,REMOTE,FULL_TIME,8,1.3,4,4.44,90.21,-1.0,0,0,0.0,5,0,0.0,FREQUENT,1
EMP-SYNTH-1259,Human Resources,REMOTE,FULL_TIME,2,4.1,3,3.25,60.44,0.0,1,1,0.16,2,0,0.0,NONE,0
EMP-SYNTH-1260,Enterprise Sales,HYBRID,CONTRACT,1,0.6,3,3.41,71.5,1.0,0,0,0.0,8,5,0.62,FREQUENT,0
EMP-SYNTH-1261,Product & Design,OFFICE,PART_TIME,3,9.7,3,2.91,58.75,-0.5,6,3,1.03,4,2,0.5,OCCASIONAL,1
EMP-SYNTH-1262,Engineering,HYBRID,PART_TIME,9,11.1,5,4.7,92.11,0.5,0,0,0.0,1,0,0.0,OCCASIONAL,0
EMP-SYNTH-1263,Product & Design,OFFICE,FULL_TIME,6,9.4,4,3.9,79.85,-1.0,3,2,0.64,5,3,0.6,OCCASIONAL,0
EMP-SYNTH-1264,Human Resources,REMOTE,FULL_TIME,7,6.6,3,2.77,55.86,-1.0,5,3,1.34,8,3,0.38,FREQUENT,1
EMP-SYNTH-1265,Product & Design,REMOTE,PART_TIME,9,2.7,3,2.68,56.6,0.0,6,2,1.22,2,2,1.0,NONE,0
EMP-SYNTH-1266,Enterprise Sales,REMOTE,PART_TIME,1,5.0,3,2.84,52.6,0.0,1,0,1.69,0,0,0.0,FREQUENT,0
EMP-SYNTH-1267,Product & Design,REMOTE,FULL_TIME,1,6.2,4,4.23,86.26,0.5,0,0,0.0,1,0,0.0,NONE,0
EMP-SYNTH-1268,Enterprise Sales,OFFICE,PART_TIME,1,2.1,4,4.2,83.45,0.0,0,0,0.0,2,2,1.0,NONE,0
EMP-SYNTH-1269,Enterprise Sales,HYBRID,PART_TIME,6,11.1,3,3.42,66.08,-1.0,5,1,2.99,1,0,0.0,NONE,1
EMP-SYNTH-1270,Growth & Marketing,REMOTE,FULL_TIME,1,2.3,3,3.31,70.39,-1.0,2,0,1.01,2,1,0.5,FREQUENT,1
EMP-SYNTH-1271,Growth & Marketing,REMOTE,CONTRACT,10,4.4,3,2.54,54.15,-1.0,6,3,2.11,2,1,0.5,FREQUENT,0
EMP-SYNTH-1272,Growth & Marketing,HYBRID,CONTRACT,1,11.0,4,4.33,82.08,0.0,2,2,1.87,4,0,0.0,NONE,0
EMP-SYNTH-1273,Growth & Marketing,OFFICE,FULL_TIME,5,4.5,5,5.0,99.28,0.5,4,2,0.19,8,4,0.5,FREQUENT,0
EMP-SYNTH-1274,Human Resources,HYBRID,CONTRACT,10,7.6,2,2.05,39.46,-0.5,2,2,1.7,2,0,0.0,OCCASIONAL,1
EMP-SYNTH-1275,Enterprise Sales,OFFICE,FULL_TIME,1,5.2,3,3.44,63.93,-1.0,3,3,2.83,8,0,0.0,NONE,0
EMP-SYNTH-1276,Enterprise Sales,REMOTE,FULL_TIME,4,12.0,3,3.19,60.05,-0.5,5,1,1.71,4,2,0.5,FREQUENT,1
EMP-SYNTH-1277,Product & Design,OFFICE,FULL_TIME,1,5.0,3,3.26,68.67,0.0,2,0,0.65,5,0,0.0,NONE,0
EMP-SYNTH-1278,Product & Design,REMOTE,FULL_TIME,7,2.6,2,2.04,37.64,-1.0,5,1,1.98,2,0,0.0,NONE,1
EMP-SYNTH-1279,Product & Design,REMOTE,FULL_TIME,2,0.7,4,4.07,82.83,0.0,6,0,1.07,0,0,0.0,FREQUENT,0
EMP-SYNTH-1280,Engineering,OFFICE,CONTRACT,7,5.6,4,4.12,77.46,1.0,2,1,1.0,8,8,1.0,OCCASIONAL,0
EMP-SYNTH-1281,Product & Design,HYBRID,FULL_TIME,2,2.5,4,4.27,83.52,0.0,0,0,0.0,3,3,1.0,FREQUENT,0
EMP-SYNTH-1282,Engineering,HYBRID,FULL_TIME,8,4.8,3,2.58,51.22,0.0,0,0,0.0,0,0,0.0,NONE,0
EMP-SYNTH-1283,Engineering,REMOTE,FULL_TIME,4,8.7,3,2.68,52.91,-0.5,0,0,0.0,1,1,1.0,FREQUENT,1
EMP-SYNTH-1284,Enterprise Sales,HYBRID,FULL_TIME,6,7.0,3,3.27,65.43,-0.5,4,2,1.0,8,1,0.12,FREQUENT,1
EMP-SYNTH-1285,Growth & Marketing,REMOTE,PART_TIME,8,8.4,3,3.2,59.94,0.5,4,0,2.13,5,1,0.2,OCCASIONAL,0
EMP-SYNTH-1286,Growth & Marketing,OFFICE,FULL_TIME,9,11.8,4,3.65,77.09,0.0,1,1,1.0,4,0,0.0,FREQUENT,0
EMP-SYNTH-1287,Engineering,HYBRID,FULL_TIME,3,8.8,3,2.5,46.78,-0.5,4,2,1.61,3,1,0.33,FREQUENT,1
EMP-SYNTH-1288,Engineering,REMOTE,CONTRACT,8,11.9,4,4.23,88.85,0.5,5,0,0.2,5,4,0.8,FREQUENT,0
EMP-SYNTH-1289,Human Resources,HYBRID,FULL_TIME,3,9.0,4,3.63,73.94,-1.0,2,2,2.09,3,1,0.33,NONE,0
EMP-SYNTH-1290,Human Resources,HYBRID,FULL_TIME,4,4.8,2,2.4,50.59,0.5,0,0,0.0,5,0,0.0,OCCASIONAL,0
EMP-SYNTH-1291,Product & Design,REMOTE,FULL_TIME,1,8.3,4,3.84,79.73,-0.5,6,3,1.37,5,3,0.6,FREQUENT,1
EMP-SYNTH-1292,Human Resources,OFFICE,PART_TIME,1,8.0,5,4.59,93.63,1.0,5,0,1.41,6,6,1.0,FREQUENT,0
EMP-SYNTH-1293,Engineering,OFFICE,PART_TIME,9,3.0,5,4.53,88.08,1.0,4,2,0.2,6,3,0.5,NONE,0
EMP-SYNTH-1294,Human Resources,OFFICE,CONTRACT,8,0.7,2,1.91,42.05,0.0,6,3,1.38,0,0,0.0,NONE,1
EMP-SYNTH-1295,Enterprise Sales,OFFICE,FULL_TIME,10,6.4,3,2.86,55.23,0.0,6,2,0.9,0,0,0.0,OCCASIONAL,0
EMP-SYNTH-1296,Product & Design,HYBRID,FULL_TIME,4,7.0,3,2.8,57.05,-0.5,3,1,0.39,2,1,0.5,NONE,0
EMP-SYNTH-1297,Enterprise Sales,OFFICE,FULL_TIME,5,11.6,3,3.29,67.45,1.0,2,2,1.66,5,2,0.4,FREQUENT,0
EMP-SYNTH-1298,Growth & Marketing,HYBRID,FULL_TIME,9,9.0,5,5.0,101.87,-1.0,5,3,0.44,3,2,0.67,FREQUENT,1
EMP-SYNTH-1299,Engineering,HYBRID,PART_TIME,10,8.4,3,2.7,52.39,-0.5,1,1,2.84,2,1,0.5,FREQUENT,1
EMP-SYNTH-1300,Human Resources,OFFICE,CONTRACT,4,11.4,1,1.19,19.58,1.0,6,2,2.55,8,7,0.88,OCCASIONAL,0
EMP-SYNTH-1301,Engineering,REMOTE,PART_TIME,5,4.8,3,3.23,68.76,0.5,5,2,1.5,7,6,0.86,FREQUENT,0
EMP-SYNTH-1302,Product & Design,HYBRID,PART_TIME,6,11.4,3,2.74,53.51,0.0,6,2,1.18,8,6,0.75,NONE,0
EMP-SYNTH-1303,Enterprise Sales,OFFICE,CONTRACT,3,1.4,3,2.87,57.75,-1.0,4,2,2.78,4,4,1.0,NONE,0
EMP-SYNTH-1304,Enterprise Sales,HYBRID,FULL_TIME,6,9.5,3,2.88,55.62,0.0,1,0,2.56,3,0,0.0,OCCASIONAL,0
EMP-SYNTH-1305,Product & Design,OFFICE,FULL_TIME,6,9.4,3,2.62,49.22,-1.0,6,2,0.16,4,4,1.0,FREQUENT,1
EMP-SYNTH-1306,Human Resources,REMOTE,FULL_TIME,5,9.4,4,3.71,77.3,0.0,4,3,0.66,7,3,0.43,NONE,0
EMP-SYNTH-1307,Engineering,OFFICE,PART_TIME,2,6.2,3,2.86,53.87,-1.0,0,0,0.0,8,7,0.88,NONE,0
EMP-SYNTH-1308,Product & Design,OFFICE,FULL_TIME,6,9.9,4,4.24,81.56,0.5,6,3,0.78,7,0,0.0,NONE,0
EMP-SYNTH-1309,Enterprise Sales,OFFICE,PART_TIME,3,10.5,5,5.0,101.92,0.0,6,2,2.63,2,0,0.0,OCCASIONAL,0
EMP-SYNTH-1310,Enterprise Sales,REMOTE,PART_TIME,6,5.2,2,1.5,27.79,-1.0,5,0,2.78,5,1,0.2,OCCASIONAL,1
EMP-SYNTH-1311,Growth & Marketing,OFFICE,FULL_TIME,6,4.2,3,3.48,64.96,-0.5,3,1,2.19,1,1,1.0,NONE,0
EMP-SYNTH-1312,Human Resources,OFFICE,CONTRACT,1,7.4,3,3.07,64.32,-0.5,6,3,1.59,1,1,1.0,NONE,1
EMP-SYNTH-1313,Engineering,OFFICE,FULL_TIME,4,4.8,3,3.21,64.38,0.0,1,0,1.8,2,2,1.0,FREQUENT,0
EMP-SYNTH-1314,Human Resources,REMOTE,FULL_TIME,6,11.6,3,3.39,69.39,-0.5,1,0,0.51,7,3,0.43,FREQUENT,1
EMP-SYNTH-1315,Growth & Marketing,OFFICE,PART_TIME,10,7.5,1,1.0,19.74,1.0,6,1,2.35,3,1,0.33,NONE,0
EMP-SYNTH-1316,Product & Design,OFFICE,CONTRACT,7,1.6,1,1.48,25.06,-0.5,3,3,2.36,1,0,0.0,NONE,1
EMP-SYNTH-1317,Enterprise Sales,OFFICE,FULL_TIME,1,6.2,2,1.6,33.45,0.5,1,0,2.12,7,6,0.86,FREQUENT,0
EMP-SYNTH-1318,Product & Design,REMOTE,CONTRACT,4,4.2,4,3.63,69.7,-0.5,5,1,0.42,2,2,1.0,FREQUENT,0
EMP-SYNTH-1319,Engineering,HYBRID,FULL_TIME,10,3.9,5,4.85,101.9,1.0,4,1,2.15,2,0,0.0,FREQUENT,1
EMP-SYNTH-1320,Enterprise Sales,OFFICE,PART_TIME,6,2.9,4,4.4,85.42,1.0,6,3,2.59,3,0,0.0,FREQUENT,0
EMP-SYNTH-1321,Engineering,HYBRID,FULL_TIME,5,5.1,4,3.78,78.88,-1.0,3,2,0.69,8,4,0.5,NONE,0
EMP-SYNTH-1322,Engineering,HYBRID,FULL_TIME,4,9.4,2,2.16,43.29,0.0,5,3,0.69,7,5,0.71,OCCASIONAL,0
EMP-SYNTH-1323,Engineering,REMOTE,PART_TIME,5,9.6,1,1.0,20.69,-0.5,5,0,1.1,6,5,0.83,OCCASIONAL,1
EMP-SYNTH-1324,Product & Design,REMOTE,CONTRACT,5,0.7,5,4.59,94.01,0.5,1,1,1.35,7,5,0.71,NONE,0
EMP-SYNTH-1325,Engineering,REMOTE,FULL_TIME,3,0.7,2,2.48,51.27,-1.0,4,3,0.29,1,0,0.0,OCCASIONAL,1
EMP-SYNTH-1326,Human Resources,HYBRID,CONTRACT,10,5.1,3,3.15,62.06,0.5,4,3,0.65,2,1,0.5,OCCASIONAL,0
EMP-SYNTH-1327,Enterprise Sales,OFFICE,FULL_TIME,10,11.8,2,1.94,37.69,-1.0,3,2,2.09,8,8,1.0,FREQUENT,1
EMP-SYNTH-1328,Product & Design,OFFICE,PART_TIME,4,11.3,4,4.4,89.98,0.0,1,0,1.81,6,2,0.33,OCCASIONAL,0
EMP-SYNTH-1329,Human Resources,OFFICE,PART_TIME,10,7.8,2,1.62,27.86,-1.0,4,0,1.06,0,0,0.0,OCCASIONAL,1
EMP-SYNTH-1330,Product & Design,HYBRID,PART_TIME,8,9.7,3,2.51,45.7,-0.5,3,3,1.19,4,4,1.0,FREQUENT,1
EMP-SYNTH-1331,Enterprise Sales,REMOTE,CONTRACT,5,7.1,3,3.42,72.25,-1.0,3,1,1.16,5,3,0.6,FREQUENT,1
EMP-SYNTH-1332,Product & Design,OFFICE,FULL_TIME,7,3.3,3,2.72,51.39,0.5,5,3,2.93,6,4,0.67,NONE,0
EMP-SYNTH-1333,Enterprise Sales,REMOTE,FULL_TIME,2,10.7,3,2.86,57.89,0.0,1,1,0.62,5,4,0.8,OCCASIONAL,0
EMP-SYNTH-1334,Product & Design,OFFICE,FULL_TIME,9,2.4,3,2.71,52.2,-1.0,6,2,1.84,8,8,1.0,FREQUENT,0
EMP-SYNTH-1335,Product & Design,HYBRID,CONTRACT,6,11.1,3,2.93,56.59,0.0,6,2,2.62,4,1,0.25,OCCASIONAL,0
EMP-SYNTH-1336,Product & Design,HYBRID,FULL_TIME,7,7.0,4,3.74,75.87,1.0,6,2,0.83,7,4,0.57,NONE,0
EMP-SYNTH-1337,Growth & Marketing,REMOTE,CONTRACT,5,0.7,4,4.34,88.8,-0.5,1,0,0.14,5,4,0.8,OCCASIONAL,0
EMP-SYNTH-1338,Human Resources,HYBRID,PART_TIME,9,7.9,4,4.08,85.94,-1.0,1,0,0.31,0,0,0.0,NONE,0
EMP-SYNTH-1339,Engineering,HYBRID,FULL_TIME,2,10.4,4,3.98,77.61,0.5,2,0,0.86,6,2,0.33,OCCASIONAL,0
EMP-SYNTH-1340,Human Resources,OFFICE,FULL_TIME,1,1.0,3,2.93,56.64,-1.0,1,0,1.7,0,0,0.0,FREQUENT,1
EMP-SYNTH-1341,Product & Design,OFFICE,FULL_TIME,2,2.8,4,3.83,75.53,0.0,4,3,0.57,5,5,1.0,FREQUENT,0
EMP-SYNTH-1342,Growth & Marketing,REMOTE,FULL_TIME,10,7.5,5,4.76,93.8,0.0,1,1,2.09,6,3,0.5,NONE,0
EMP-SYNTH-1343,Engineering,OFFICE,FULL_TIME,9,6.8,1,1.0,23.9,-0.5,6,3,0.47,2,0,0.0,NONE,1
EMP-SYNTH-1344,Human Resources,REMOTE,CONTRACT,4,8.0,1,1.0,19.51,0.5,3,3,2.34,8,0,0.0,NONE,1
EMP-SYNTH-1345,Growth & Marketing,HYBRID,CONTRACT,3,7.0,3,3.25,69.59,-0.5,6,0,1.94,7,7,1.0,OCCASIONAL,0
EMP-SYNTH-1346,Engineering,REMOTE,FULL_TIME,6,1.2,3,3.29,69.15,-1.0,1,0,2.45,4,3,0.75,OCCASIONAL,0
EMP-SYNTH-1347,Product & Design,OFFICE,CONTRACT,6,8.9,4,4.26,82.19,-0.5,4,1,1.87,3,0,0.0,NONE,1
EMP-SYNTH-1348,Growth & Marketing,OFFICE,FULL_TIME,4,10.6,3,2.72,51.94,0.0,3,0,2.2,1,1,1.0,OCCASIONAL,0
EMP-SYNTH-1349,Product & Design,OFFICE,CONTRACT,7,2.1,3,3.11,64.71,0.0,1,0,0.52,5,1,0.2,NONE,0
EMP-SYNTH-1350,Human Resources,HYBRID,PART_TIME,9,9.4,4,3.67,68.69,0.0,5,1,0.14,8,4,0.5,OCCASIONAL,0
EMP-SYNTH-1351,Engineering,HYBRID,PART_TIME,1,1.5,4,4.46,90.82,-0.5,2,0,2.64,0,0,0.0,FREQUENT,0
EMP-SYNTH-1352,Growth & Marketing,REMOTE,PART_TIME,2,10.1,3,3.14,62.75,0.0,3,0,1.87,2,1,0.5,NONE,0
EMP-SYNTH-1353,Enterprise Sales,REMOTE,PART_TIME,9,3.1,4,3.94,81.69,0.0,5,1,1.02,1,0,0.0,NONE,0
EMP-SYNTH-1354,Growth & Marketing,HYBRID,CONTRACT,7,5.0,3,3.21,68.35,1.0,5,1,2.84,7,3,0.43,FREQUENT,0
EMP-SYNTH-1355,Human Resources,REMOTE,PART_TIME,2,9.6,2,1.58,36.39,-1.0,4,3,2.9,0,0,0.0,FREQUENT,1
EMP-SYNTH-1356,Enterprise Sales,HYBRID,PART_TIME,1,8.2,4,4.4,87.54,-1.0,6,3,0.87,0,0,0.0,FREQUENT,1
EMP-SYNTH-1357,Human Resources,REMOTE,FULL_TIME,10,11.7,4,4.19,80.58,0.0,5,0,1.48,2,0,0.0,NONE,0
EMP-SYNTH-1358,Product & Design,OFFICE,FULL_TIME,9,5.7,2,1.86,35.09,-0.5,0,0,0.0,2,1,0.5,FREQUENT,1
EMP-SYNTH-1359,Product & Design,HYBRID,CONTRACT,10,10.6,3,3.46,73.29,1.0,5,0,2.08,3,1,0.33,OCCASIONAL,0
EMP-SYNTH-1360,Engineering,REMOTE,PART_TIME,9,6.2,3,3.42,63.52,0.0,0,0,0.0,0,0,0.0,FREQUENT,0
EMP-SYNTH-1361,Enterprise Sales,HYBRID,PART_TIME,6,1.3,4,3.81,79.08,0.0,3,2,1.87,2,1,0.5,OCCASIONAL,0
EMP-SYNTH-1362,Growth & Marketing,HYBRID,CONTRACT,7,3.2,2,2.42,48.14,-0.5,1,1,1.7,0,0,0.0,NONE,1
EMP-SYNTH-1363,Enterprise Sales,REMOTE,PART_TIME,2,2.1,4,3.53,69.29,1.0,1,0,1.78,1,0,0.0,OCCASIONAL,0
EMP-SYNTH-1364,Enterprise Sales,OFFICE,FULL_TIME,3,7.3,3,3.16,64.02,-0.5,3,1,1.39,2,2,1.0,OCCASIONAL,0
EMP-SYNTH-1365,Human Resources,HYBRID,PART_TIME,5,8.1,5,4.54,89.57,0.0,5,2,1.87,0,0,0.0,NONE,0
EMP-SYNTH-1366,Human Resources,HYBRID,PART_TIME,1,1.0,3,3.35,64.24,-0.5,0,0,0.0,2,0,0.0,NONE,0
EMP-SYNTH-1367,Human Resources,OFFICE,CONTRACT,5,6.4,5,4.61,90.92,-0.5,6,3,1.63,8,7,0.88,OCCASIONAL,0
EMP-SYNTH-1368,Growth & Marketing,OFFICE,PART_TIME,6,3.5,3,2.89,62.69,-0.5,6,0,0.13,6,1,0.17,FREQUENT,1
EMP-SYNTH-1369,Growth & Marketing,REMOTE,CONTRACT,9,6.0,4,4.02,83.16,0.0,5,3,0.85,6,5,0.83,OCCASIONAL,0
EMP-SYNTH-1370,Enterprise Sales,HYBRID,FULL_TIME,4,3.9,2,2.11,44.35,0.0,6,1,0.54,3,1,0.33,NONE,0
EMP-SYNTH-1371,Product & Design,HYBRID,FULL_TIME,1,3.8,4,4.03,83.56,-1.0,2,2,1.46,8,1,0.12,NONE,0
EMP-SYNTH-1372,Human Resources,REMOTE,PART_TIME,10,7.3,4,4.08,81.87,1.0,1,0,0.33,8,0,0.0,NONE,0
EMP-SYNTH-1373,Human Resources,REMOTE,CONTRACT,7,0.7,4,3.67,68.42,-1.0,2,0,2.24,8,5,0.62,NONE,0
EMP-SYNTH-1374,Engineering,OFFICE,CONTRACT,1,4.3,2,1.74,35.09,-0.5,4,0,2.81,8,2,0.25,OCCASIONAL,1
EMP-SYNTH-1375,Growth & Marketing,OFFICE,PART_TIME,10,9.3,2,1.95,39.34,0.0,1,1,2.27,3,1,0.33,NONE,1
EMP-SYNTH-1376,Human Resources,HYBRID,PART_TIME,7,8.2,4,3.7,77.15,0.0,5,0,1.52,1,1,1.0,NONE,0
EMP-SYNTH-1377,Enterprise Sales,REMOTE,FULL_TIME,4,5.5,3,3.28,60.61,-1.0,1,0,1.99,2,0,0.0,NONE,0
EMP-SYNTH-1378,Growth & Marketing,HYBRID,PART_TIME,4,4.5,2,2.24,47.08,-1.0,4,3,0.98,0,0,0.0,OCCASIONAL,1
EMP-SYNTH-1379,Enterprise Sales,REMOTE,FULL_TIME,1,5.4,4,3.87,78.22,-1.0,5,0,2.57,4,1,0.25,NONE,0
EMP-SYNTH-1380,Enterprise Sales,REMOTE,FULL_TIME,8,11.1,4,3.85,77.93,0.5,6,1,1.62,4,2,0.5,FREQUENT,0
EMP-SYNTH-1381,Enterprise Sales,OFFICE,PART_TIME,1,11.9,4,3.65,71.91,0.0,5,3,1.6,2,2,1.0,OCCASIONAL,0
EMP-SYNTH-1382,Product & Design,REMOTE,FULL_TIME,5,7.6,3,3.39,64.43,0.0,1,1,2.01,0,0,0.0,FREQUENT,0
EMP-SYNTH-1383,Product & Design,OFFICE,PART_TIME,10,0.8,3,2.98,62.25,0.0,3,2,0.19,7,6,0.86,OCCASIONAL,0
EMP-SYNTH-1384,Growth & Marketing,REMOTE,CONTRACT,8,3.4,3,3.12,63.11,0.0,2,0,2.86,3,2,0.67,NONE,0
EMP-SYNTH-1385,Enterprise Sales,REMOTE,FULL_TIME,5,10.1,3,3.13,59.66,1.0,4,0,2.99,4,4,1.0,FREQUENT,0
EMP-SYNTH-1386,Engineering,HYBRID,FULL_TIME,9,9.8,4,3.83,73.31,-1.0,1,1,0.42,7,0,0.0,OCCASIONAL,1
EMP-SYNTH-1387,Enterprise Sales,REMOTE,PART_TIME,10,10.9,1,1.04,18.51,0.0,2,2,0.31,3,0,0.0,FREQUENT,1
EMP-SYNTH-1388,Human Resources,HYBRID,FULL_TIME,6,6.0,4,4.04,78.17,0.5,5,3,0.79,1,1,1.0,OCCASIONAL,0
EMP-SYNTH-1389,Human Resources,OFFICE,FULL_TIME,8,9.6,5,4.55,88.13,1.0,2,2,1.17,6,0,0.0,FREQUENT,1
EMP-SYNTH-1390,Product & Design,HYBRID,FULL_TIME,1,11.0,5,4.89,93.77,0.0,6,1,2.48,8,4,0.5,OCCASIONAL,0
EMP-SYNTH-1391,Enterprise Sales,HYBRID,FULL_TIME,9,9.3,5,5.0,101.54,0.5,3,1,1.24,0,0,0.0,NONE,0
EMP-SYNTH-1392,Product & Design,HYBRID,FULL_TIME,1,3.2,5,4.8,100.69,-0.5,4,0,1.18,4,2,0.5,OCCASIONAL,0
EMP-SYNTH-1393,Growth & Marketing,REMOTE,CONTRACT,3,4.0,1,1.0,22.78,-1.0,2,1,1.83,6,6,1.0,OCCASIONAL,1
EMP-SYNTH-1394,Human Resources,OFFICE,FULL_TIME,2,7.5,3,2.72,55.75,1.0,2,1,2.38,4,3,0.75,OCCASIONAL,0
EMP-SYNTH-1395,Enterprise Sales,REMOTE,CONTRACT,9,3.8,4,3.87,74.63,0.0,2,0,0.29,3,1,0.33,OCCASIONAL,0
EMP-SYNTH-1396,Human Resources,REMOTE,CONTRACT,6,3.0,2,2.33,50.59,-1.0,0,0,0.0,6,1,0.17,FREQUENT,1
EMP-SYNTH-1397,Human Resources,OFFICE,FULL_TIME,8,3.2,4,3.64,77.5,0.0,1,1,2.32,8,8,1.0,FREQUENT,0
EMP-SYNTH-1398,Product & Design,HYBRID,PART_TIME,6,6.9,2,2.08,39.65,1.0,6,2,0.42,5,0,0.0,OCCASIONAL,1
EMP-SYNTH-1399,Engineering,HYBRID,CONTRACT,8,4.7,2,1.57,29.76,-1.0,4,0,1.09,1,1,1.0,OCCASIONAL,0
EMP-SYNTH-1400,Human Resources,REMOTE,PART_TIME,4,4.6,2,1.94,39.09,1.0,6,2,0.34,7,1,0.14,OCCASIONAL,1
EMP-SYNTH-1401,Growth & Marketing,REMOTE,PART_TIME,10,5.8,3,3.35,68.03,-1.0,2,0,1.46,8,0,0.0,NONE,0
EMP-SYNTH-1402,Enterprise Sales,OFFICE,FULL_TIME,4,3.3,4,4.42,93.2,0.0,0,0,0.0,8,8,1.0,NONE,0
EMP-SYNTH-1403,Growth & Marketing,OFFICE,CONTRACT,3,6.0,3,2.51,53.47,0.0,1,1,2.05,5,1,0.2,NONE,0
EMP-SYNTH-1404,Product & Design,HYBRID,FULL_TIME,6,8.9,3,3.31,66.32,-1.0,4,0,1.07,7,3,0.43,OCCASIONAL,1
EMP-SYNTH-1405,Product & Design,REMOTE,CONTRACT,2,9.0,3,2.88,54.23,0.0,4,0,2.96,3,1,0.33,OCCASIONAL,0
EMP-SYNTH-1406,Product & Design,REMOTE,PART_TIME,7,3.5,5,4.55,91.88,0.5,6,0,2.07,1,0,0.0,FREQUENT,0
EMP-SYNTH-1407,Growth & Marketing,HYBRID,CONTRACT,8,3.1,1,1.41,31.53,1.0,5,2,0.49,1,1,1.0,FREQUENT,0
EMP-SYNTH-1408,Human Resources,HYBRID,CONTRACT,7,3.7,5,5.0,97.98,1.0,4,3,1.75,7,2,0.29,FREQUENT,0
EMP-SYNTH-1409,Product & Design,REMOTE,CONTRACT,10,4.5,3,3.45,71.42,0.5,0,0,0.0,2,0,0.0,OCCASIONAL,0
EMP-SYNTH-1410,Growth & Marketing,HYBRID,PART_TIME,2,9.9,3,3.04,62.19,0.0,0,0,0.0,0,0,0.0,FREQUENT,0
EMP-SYNTH-1411,Growth & Marketing,REMOTE,CONTRACT,6,9.8,4,4.29,82.86,0.0,6,1,1.57,6,4,0.67,NONE,0
EMP-SYNTH-1412,Engineering,OFFICE,PART_TIME,9,4.4,3,3.04,63.55,0.5,1,1,2.5,1,1,1.0,OCCASIONAL,0
EMP-SYNTH-1413,Growth & Marketing,OFFICE,FULL_TIME,10,8.1,4,4.34,87.53,-0.5,6,0,1.34,0,0,0.0,OCCASIONAL,1
EMP-SYNTH-1414,Enterprise Sales,HYBRID,FULL_TIME,4,10.0,3,3.13,64.17,1.0,4,0,2.26,7,0,0.0,FREQUENT,1
EMP-SYNTH-1415,Product & Design,OFFICE,FULL_TIME,7,0.7,4,3.62,69.81,0.5,0,0,0.0,3,1,0.33,FREQUENT,0
EMP-SYNTH-1416,Product & Design,REMOTE,FULL_TIME,4,8.8,1,1.0,20.31,0.5,6,0,2.57,1,0,0.0,OCCASIONAL,0
EMP-SYNTH-1417,Product & Design,OFFICE,FULL_TIME,5,2.9,3,2.9,62.06,1.0,6,3,0.62,6,1,0.17,OCCASIONAL,1
EMP-SYNTH-1418,Growth & Marketing,HYBRID,PART_TIME,7,7.0,3,2.74,55.99,1.0,0,0,0.0,8,5,0.62,OCCASIONAL,0
EMP-SYNTH-1419,Engineering,REMOTE,PART_TIME,5,5.7,3,3.15,66.61,0.0,1,1,1.7,5,2,0.4,NONE,0
EMP-SYNTH-1420,Enterprise Sales,HYBRID,PART_TIME,1,8.1,4,4.41,87.92,-0.5,3,0,2.57,8,6,0.75,FREQUENT,1
EMP-SYNTH-1421,Enterprise Sales,REMOTE,FULL_TIME,6,11.0,3,3.02,59.18,0.0,2,0,2.45,6,0,0.0,NONE,0
EMP-SYNTH-1422,Enterprise Sales,REMOTE,PART_TIME,4,4.3,4,4.13,80.6,0.0,0,0,0.0,1,0,0.0,NONE,0
EMP-SYNTH-1423,Growth & Marketing,HYBRID,FULL_TIME,3,6.1,3,2.76,55.07,-0.5,3,1,2.8,8,1,0.12,OCCASIONAL,0
EMP-SYNTH-1424,Enterprise Sales,OFFICE,PART_TIME,10,3.1,3,2.71,49.42,0.0,4,0,1.26,6,2,0.33,FREQUENT,0
EMP-SYNTH-1425,Growth & Marketing,HYBRID,PART_TIME,1,7.1,2,2.04,44.38,0.5,4,3,2.3,5,2,0.4,NONE,0
EMP-SYNTH-1426,Product & Design,HYBRID,PART_TIME,8,2.1,3,2.95,62.88,-1.0,5,3,2.42,8,1,0.12,NONE,1
EMP-SYNTH-1427,Enterprise Sales,REMOTE,PART_TIME,1,2.8,5,5.0,102.6,-1.0,4,3,0.62,7,7,1.0,FREQUENT,0
EMP-SYNTH-1428,Human Resources,HYBRID,FULL_TIME,4,5.2,4,3.95,82.29,-1.0,1,0,1.82,1,1,1.0,NONE,0
EMP-SYNTH-1429,Growth & Marketing,HYBRID,CONTRACT,1,2.6,2,1.63,30.25,-0.5,0,0,0.0,1,0,0.0,NONE,1
EMP-SYNTH-1430,Product & Design,REMOTE,CONTRACT,3,0.6,4,3.57,66.97,1.0,3,2,0.3,3,1,0.33,OCCASIONAL,0
EMP-SYNTH-1431,Product & Design,OFFICE,PART_TIME,2,1.2,3,3.12,58.39,1.0,1,0,2.25,8,7,0.88,NONE,0
EMP-SYNTH-1432,Enterprise Sales,OFFICE,PART_TIME,7,11.8,4,4.07,78.45,-0.5,2,0,2.98,4,1,0.25,NONE,0
EMP-SYNTH-1433,Product & Design,OFFICE,CONTRACT,4,2.5,2,2.03,41.82,-1.0,1,1,1.15,6,0,0.0,FREQUENT,1
EMP-SYNTH-1434,Engineering,OFFICE,PART_TIME,7,5.7,4,3.56,75.5,-1.0,0,0,0.0,3,3,1.0,OCCASIONAL,0
EMP-SYNTH-1435,Human Resources,OFFICE,PART_TIME,6,2.8,5,5.0,95.1,0.0,3,2,0.09,1,1,1.0,NONE,0
EMP-SYNTH-1436,Growth & Marketing,OFFICE,FULL_TIME,8,3.0,3,2.69,56.59,1.0,3,1,0.48,1,0,0.0,FREQUENT,1
EMP-SYNTH-1437,Enterprise Sales,HYBRID,FULL_TIME,9,5.9,2,1.89,34.23,-1.0,0,0,0.0,5,5,1.0,OCCASIONAL,0
EMP-SYNTH-1438,Enterprise Sales,OFFICE,PART_TIME,3,6.8,5,4.57,94.74,0.0,2,1,0.73,0,0,0.0,NONE,0
EMP-SYNTH-1439,Product & Design,REMOTE,FULL_TIME,3,4.6,2,1.9,34.44,-0.5,1,1,2.27,2,2,1.0,FREQUENT,1
EMP-SYNTH-1440,Product & Design,HYBRID,CONTRACT,8,10.7,3,2.52,52.14,0.0,5,2,0.95,3,1,0.33,OCCASIONAL,0
EMP-SYNTH-1441,Enterprise Sales,OFFICE,PART_TIME,8,7.4,3,3.06,65.91,1.0,1,1,2.84,5,4,0.8,FREQUENT,0
EMP-SYNTH-1442,Human Resources,OFFICE,FULL_TIME,10,8.2,3,3.43,69.41,-1.0,1,1,1.62,6,6,1.0,FREQUENT,1
EMP-SYNTH-1443,Product & Design,HYBRID,PART_TIME,9,10.7,3,3.06,64.11,0.5,5,3,0.38,7,6,0.86,NONE,0
EMP-SYNTH-1444,Product & Design,REMOTE,CONTRACT,5,0.8,4,3.94,80.37,-1.0,4,0,1.72,7,4,0.57,FREQUENT,0
EMP-SYNTH-1445,Growth & Marketing,OFFICE,FULL_TIME,7,4.0,2,2.07,43.66,0.5,6,1,1.18,2,0,0.0,OCCASIONAL,1
EMP-SYNTH-1446,Product & Design,HYBRID,CONTRACT,5,5.7,5,5.0,96.17,0.5,4,3,0.96,6,1,0.17,NONE,0
EMP-SYNTH-1447,Engineering,OFFICE,FULL_TIME,3,2.8,4,4.19,86.23,-1.0,2,1,0.0,3,1,0.33,NONE,0
EMP-SYNTH-1448,Growth & Marketing,REMOTE,FULL_TIME,5,9.1,5,4.95,99.94,0.5,0,0,0.0,8,8,1.0,FREQUENT,0
EMP-SYNTH-1449,Growth & Marketing,OFFICE,FULL_TIME,5,1.9,4,3.52,74.95,-1.0,3,1,2.46,2,2,1.0,OCCASIONAL,0
EMP-SYNTH-1450,Growth & Marketing,HYBRID,PART_TIME,10,8.9,4,4.12,81.28,0.5,6,2,0.9,1,1,1.0,OCCASIONAL,0
EMP-SYNTH-1451,Product & Design,REMOTE,FULL_TIME,1,1.1,5,5.0,104.72,0.5,2,2,0.66,6,0,0.0,NONE,0
EMP-SYNTH-1452,Enterprise Sales,OFFICE,FULL_TIME,9,10.6,3,3.16,63.75,0.0,5,2,0.99,2,2,1.0,OCCASIONAL,0
EMP-SYNTH-1453,Human Resources,OFFICE,FULL_TIME,5,9.8,4,3.57,68.43,-0.5,2,1,1.23,7,5,0.71,OCCASIONAL,1
EMP-SYNTH-1454,Product & Design,REMOTE,PART_TIME,5,10.4,3,2.65,48.54,-1.0,4,1,0.8,0,0,0.0,FREQUENT,1
EMP-SYNTH-1455,Growth & Marketing,OFFICE,PART_TIME,9,2.3,2,1.72,33.87,0.0,0,0,0.0,6,1,0.17,NONE,0
EMP-SYNTH-1456,Engineering,REMOTE,CONTRACT,6,10.9,3,3.29,64.39,-0.5,3,2,0.48,3,2,0.67,OCCASIONAL,1
EMP-SYNTH-1457,Engineering,OFFICE,CONTRACT,2,2.3,2,2.27,49.9,0.5,5,2,0.32,1,1,1.0,NONE,0
EMP-SYNTH-1458,Product & Design,REMOTE,PART_TIME,1,3.8,4,3.9,81.83,-1.0,3,1,0.66,4,3,0.75,OCCASIONAL,0
EMP-SYNTH-1459,Engineering,OFFICE,FULL_TIME,3,7.0,3,2.96,54.5,1.0,5,1,0.6,2,2,1.0,FREQUENT,0
EMP-SYNTH-1460,Engineering,REMOTE,FULL_TIME,3,0.8,5,5.0,102.15,-1.0,3,3,1.31,5,1,0.2,FREQUENT,1
EMP-SYNTH-1461,Product & Design,REMOTE,CONTRACT,1,11.7,3,2.68,50.04,0.0,3,1,2.56,4,3,0.75,NONE,0
EMP-SYNTH-1462,Human Resources,OFFICE,CONTRACT,8,8.8,4,4.48,94.24,0.0,3,1,0.78,5,4,0.8,OCCASIONAL,0
EMP-SYNTH-1463,Engineering,REMOTE,CONTRACT,9,2.4,5,5.0,102.49,-0.5,6,3,2.0,2,1,0.5,OCCASIONAL,0
EMP-SYNTH-1464,Enterprise Sales,HYBRID,CONTRACT,6,11.2,4,4.45,92.56,0.0,0,0,0.0,6,6,1.0,FREQUENT,0
EMP-SYNTH-1465,Enterprise Sales,HYBRID,CONTRACT,10,3.9,3,2.58,48.2,-1.0,5,1,1.08,0,0,0.0,NONE,1
EMP-SYNTH-1466,Growth & Marketing,REMOTE,CONTRACT,3,1.9,3,2.77,52.49,-1.0,2,2,1.26,6,4,0.67,NONE,0
EMP-SYNTH-1467,Engineering,OFFICE,FULL_TIME,6,9.6,3,2.75,57.38,0.0,1,1,0.77,2,0,0.0,OCCASIONAL,0
EMP-SYNTH-1468,Product & Design,HYBRID,FULL_TIME,2,1.7,4,3.99,76.76,0.5,0,0,0.0,7,3,0.43,NONE,0
EMP-SYNTH-1469,Enterprise Sales,OFFICE,CONTRACT,4,4.4,3,2.79,59.54,0.5,6,1,2.17,8,8,1.0,OCCASIONAL,0
EMP-SYNTH-1470,Engineering,REMOTE,CONTRACT,5,10.5,1,1.35,30.17,-1.0,1,0,0.48,5,2,0.4,NONE,1
EMP-SYNTH-1471,Product & Design,OFFICE,PART_TIME,3,3.3,1,1.21,19.71,0.5,5,3,0.01,3,3,1.0,NONE,1
EMP-SYNTH-1472,Growth & Marketing,REMOTE,FULL_TIME,1,2.8,2,2.2,40.05,0.0,4,0,0.24,4,0,0.0,NONE,1
EMP-SYNTH-1473,Human Resources,REMOTE,CONTRACT,2,3.3,4,4.0,75.99,0.0,6,3,0.14,1,1,1.0,NONE,0
EMP-SYNTH-1474,Growth & Marketing,OFFICE,PART_TIME,9,3.5,3,2.78,60.38,0.0,6,2,2.6,0,0,0.0,NONE,0
EMP-SYNTH-1475,Human Resources,REMOTE,CONTRACT,4,4.4,2,1.62,32.13,-0.5,4,3,1.57,0,0,0.0,NONE,1
EMP-SYNTH-1476,Engineering,HYBRID,FULL_TIME,8,1.8,3,2.93,59.13,0.5,0,0,0.0,2,0,0.0,NONE,0
EMP-SYNTH-1477,Growth & Marketing,HYBRID,PART_TIME,7,3.4,3,2.62,49.38,0.0,6,1,0.12,6,4,0.67,NONE,0
EMP-SYNTH-1478,Product & Design,HYBRID,FULL_TIME,9,4.7,3,3.37,67.41,-1.0,1,1,2.01,4,1,0.25,NONE,0
EMP-SYNTH-1479,Human Resources,REMOTE,FULL_TIME,3,11.7,2,2.09,44.69,0.0,4,3,1.65,7,4,0.57,OCCASIONAL,0
EMP-SYNTH-1480,Enterprise Sales,HYBRID,PART_TIME,6,1.3,4,3.62,73.18,0.0,5,1,0.27,0,0,0.0,OCCASIONAL,0
EMP-SYNTH-1481,Product & Design,OFFICE,CONTRACT,2,0.6,5,4.72,93.04,1.0,4,2,2.68,2,1,0.5,NONE,0
EMP-SYNTH-1482,Growth & Marketing,HYBRID,FULL_TIME,10,2.1,3,2.79,51.46,-1.0,0,0,0.0,1,1,1.0,FREQUENT,0
EMP-SYNTH-1483,Engineering,OFFICE,CONTRACT,4,1.0,2,2.41,46.97,1.0,2,2,1.65,6,5,0.83,OCCASIONAL,0
EMP-SYNTH-1484,Human Resources,HYBRID,PART_TIME,6,3.2,3,2.59,50.06,-1.0,6,2,2.74,6,2,0.33,NONE,1
EMP-SYNTH-1485,Enterprise Sales,HYBRID,PART_TIME,7,10.3,2,1.97,39.92,0.0,5,0,0.41,1,1,1.0,OCCASIONAL,0
EMP-SYNTH-1486,Human Resources,HYBRID,CONTRACT,10,6.2,2,1.86,33.75,1.0,0,0,0.0,2,0,0.0,FREQUENT,1
EMP-SYNTH-1487,Enterprise Sales,OFFICE,FULL_TIME,5,9.5,3,3.24,69.71,0.0,3,3,1.41,0,0,0.0,NONE,0
EMP-SYNTH-1488,Human Resources,OFFICE,PART_TIME,8,1.9,3,2.76,56.72,0.5,5,1,1.44,0,0,0.0,NONE,0
EMP-SYNTH-1489,Enterprise Sales,REMOTE,CONTRACT,4,6.6,4,4.39,85.77,-1.0,6,2,1.51,5,5,1.0,OCCASIONAL,0
EMP-SYNTH-1490,Human Resources,HYBRID,FULL_TIME,6,3.5,4,4.19,82.83,-0.5,3,1,1.67,4,0,0.0,OCCASIONAL,0
EMP-SYNTH-1491,Enterprise Sales,REMOTE,CONTRACT,3,0.6,4,3.88,74.67,0.0,0,0,0.0,5,1,0.2,FREQUENT,0
EMP-SYNTH-1492,Enterprise Sales,REMOTE,PART_TIME,3,4.6,2,2.39,47.11,0.5,6,3,1.82,6,5,0.83,FREQUENT,0
EMP-SYNTH-1493,Engineering,REMOTE,PART_TIME,9,11.9,3,2.73,50.18,0.0,6,2,2.33,4,0,0.0,OCCASIONAL,1
EMP-SYNTH-1494,Growth & Marketing,OFFICE,CONTRACT,4,7.1,4,4.46,87.47,0.0,3,2,2.33,5,1,0.2,FREQUENT,0
EMP-SYNTH-1495,Product & Design,REMOTE,CONTRACT,1,9.0,3,3.38,67.6,0.0,2,1,0.48,1,0,0.0,NONE,0
EMP-SYNTH-1496,Human Resources,OFFICE,CONTRACT,4,10.4,4,3.63,74.89,-0.5,0,0,0.0,2,2,1.0,NONE,0
EMP-SYNTH-1497,Enterprise Sales,OFFICE,FULL_TIME,2,10.1,4,4.15,82.9,0.5,0,0,0.0,1,1,1.0,NONE,0
EMP-SYNTH-1498,Growth & Marketing,HYBRID,CONTRACT,2,3.8,4,3.9,78.53,-1.0,2,0,2.82,6,4,0.67,NONE,0
EMP-SYNTH-1499,Human Resources,HYBRID,FULL_TIME,3,0.8,2,1.91,42.81,0.5,6,0,0.29,4,1,0.25,FREQUENT,1
EMP-SYNTH-1500,Engineering,OFFICE,CONTRACT,9,0.8,2,1.96,43.07,-1.0,1,0,1.2,3,3,1.0,NONE,1
EMP-SYNTH-1501,Product & Design,HYBRID,FULL_TIME,1,3.8,2,1.68,36.95,-0.5,2,1,1.13,3,0,0.0,OCCASIONAL,1
EMP-SYNTH-1502,Enterprise Sales,REMOTE,FULL_TIME,9,0.6,3,3.06,63.61,0.0,2,0,0.47,5,4,0.8,FREQUENT,0
EMP-SYNTH-1503,Growth & Marketing,HYBRID,CONTRACT,2,8.5,3,3.1,58.27,1.0,1,1,0.54,1,0,0.0,FREQUENT,0
EMP-SYNTH-1504,Product & Design,HYBRID,FULL_TIME,5,11.7,3,2.93,54.85,0.0,5,3,1.36,5,1,0.2,OCCASIONAL,1
EMP-SYNTH-1505,Human Resources,HYBRID,PART_TIME,5,4.6,3,2.99,61.03,1.0,4,2,0.07,0,0,0.0,OCCASIONAL,1
EMP-SYNTH-1506,Enterprise Sales,REMOTE,CONTRACT,1,2.5,3,3.17,67.62,0.5,6,1,1.79,2,0,0.0,NONE,0
EMP-SYNTH-1507,Product & Design,REMOTE,FULL_TIME,10,0.9,3,3.07,56.75,-0.5,1,0,1.05,3,1,0.33,NONE,0
EMP-SYNTH-1508,Human Resources,REMOTE,FULL_TIME,1,2.3,3,3.15,61.31,-1.0,0,0,0.0,5,2,0.4,OCCASIONAL,1
EMP-SYNTH-1509,Engineering,OFFICE,CONTRACT,10,6.3,3,3.06,63.15,-0.5,4,1,2.27,3,1,0.33,NONE,0
EMP-SYNTH-1510,Human Resources,HYBRID,CONTRACT,3,0.6,3,2.85,59.47,0.5,5,1,0.37,4,2,0.5,NONE,0
EMP-SYNTH-1511,Human Resources,HYBRID,FULL_TIME,8,9.5,4,3.89,81.88,0.5,4,1,2.85,1,0,0.0,NONE,0
EMP-SYNTH-1512,Engineering,REMOTE,CONTRACT,5,7.3,3,2.57,46.55,-0.5,4,2,1.92,3,3,1.0,OCCASIONAL,0
EMP-SYNTH-1513,Growth & Marketing,OFFICE,PART_TIME,3,2.6,3,3.2,60.0,0.0,1,1,0.38,6,6,1.0,OCCASIONAL,0
EMP-SYNTH-1514,Growth & Marketing,HYBRID,CONTRACT,5,4.9,4,3.64,68.05,0.5,3,0,1.35,3,0,0.0,NONE,0
EMP-SYNTH-1515,Growth & Marketing,HYBRID,FULL_TIME,9,10.9,3,2.64,48.41,-0.5,5,0,0.19,3,2,0.67,OCCASIONAL,1
EMP-SYNTH-1516,Human Resources,HYBRID,FULL_TIME,2,7.2,2,1.74,38.21,0.5,6,3,1.46,7,2,0.29,OCCASIONAL,1
EMP-SYNTH-1517,Enterprise Sales,HYBRID,FULL_TIME,6,8.5,3,2.63,57.31,0.5,4,1,2.12,4,2,0.5,FREQUENT,1
EMP-SYNTH-1518,Growth & Marketing,OFFICE,PART_TIME,1,4.0,3,2.99,59.11,1.0,3,1,2.88,3,1,0.33,FREQUENT,0
EMP-SYNTH-1519,Growth & Marketing,HYBRID,CONTRACT,6,1.6,4,4.44,85.46,0.0,5,2,2.88,4,0,0.0,FREQUENT,0
EMP-SYNTH-1520,Product & Design,HYBRID,PART_TIME,9,2.7,4,3.67,76.15,1.0,3,3,0.4,2,0,0.0,FREQUENT,1
EMP-SYNTH-1521,Growth & Marketing,REMOTE,CONTRACT,8,1.9,3,2.67,51.45,-0.5,6,2,2.21,1,1,1.0,NONE,0
EMP-SYNTH-1522,Product & Design,OFFICE,FULL_TIME,9,2.6,4,4.16,84.56,-0.5,6,2,1.34,8,6,0.75,NONE,0
EMP-SYNTH-1523,Growth & Marketing,REMOTE,FULL_TIME,1,1.5,5,5.0,97.46,0.0,0,0,0.0,2,2,1.0,NONE,0
EMP-SYNTH-1524,Enterprise Sales,REMOTE,FULL_TIME,8,1.0,3,2.5,54.19,0.0,6,0,2.89,5,3,0.6,NONE,0
EMP-SYNTH-1525,Human Resources,OFFICE,CONTRACT,5,7.9,1,1.0,15.75,1.0,6,0,1.72,3,2,0.67,NONE,0
EMP-SYNTH-1526,Human Resources,REMOTE,CONTRACT,2,1.5,3,2.88,52.66,-1.0,3,0,2.8,2,1,0.5,OCCASIONAL,0
EMP-SYNTH-1527,Engineering,REMOTE,CONTRACT,5,5.1,5,5.0,103.31,-1.0,3,3,2.61,6,2,0.33,NONE,0
EMP-SYNTH-1528,Product & Design,OFFICE,FULL_TIME,10,4.2,3,2.7,53.24,0.0,6,3,1.98,3,0,0.0,NONE,0
EMP-SYNTH-1529,Human Resources,REMOTE,FULL_TIME,1,7.9,4,3.76,77.33,0.0,2,0,2.82,1,1,1.0,OCCASIONAL,0
EMP-SYNTH-1530,Engineering,HYBRID,FULL_TIME,8,2.6,3,3.39,68.03,0.0,3,0,1.27,3,2,0.67,FREQUENT,0
EMP-SYNTH-1531,Product & Design,OFFICE,PART_TIME,1,9.9,4,4.31,85.93,0.0,0,0,0.0,0,0,0.0,OCCASIONAL,0
EMP-SYNTH-1532,Human Resources,REMOTE,PART_TIME,3,1.0,2,2.06,40.65,0.0,6,2,0.23,7,2,0.29,NONE,1
EMP-SYNTH-1533,Product & Design,REMOTE,CONTRACT,6,9.7,3,2.89,55.36,0.5,6,0,0.5,4,4,1.0,OCCASIONAL,0
EMP-SYNTH-1534,Human Resources,REMOTE,PART_TIME,10,1.0,4,3.67,73.56,1.0,5,2,0.19,0,0,0.0,FREQUENT,0
EMP-SYNTH-1535,Product & Design,OFFICE,PART_TIME,6,7.7,3,3.24,62.48,-1.0,3,2,0.7,0,0,0.0,FREQUENT,1
EMP-SYNTH-1536,Engineering,REMOTE,PART_TIME,7,1.1,3,3.15,62.11,-1.0,2,0,1.37,8,4,0.5,OCCASIONAL,0
EMP-SYNTH-1537,Human Resources,REMOTE,FULL_TIME,7,8.9,2,2.25,48.43,0.0,3,2,2.69,7,2,0.29,FREQUENT,1
EMP-SYNTH-1538,Enterprise Sales,HYBRID,FULL_TIME,6,8.1,4,3.59,70.53,0.5,5,0,2.82,2,1,0.5,OCCASIONAL,0
EMP-SYNTH-1539,Human Resources,HYBRID,FULL_TIME,1,9.4,3,2.54,50.34,0.5,3,0,0.87,3,2,0.67,OCCASIONAL,0
EMP-SYNTH-1540,Product & Design,OFFICE,FULL_TIME,4,5.6,5,5.0,97.46,-1.0,3,3,1.93,3,0,0.0,OCCASIONAL,0
EMP-SYNTH-1541,Enterprise Sales,HYBRID,FULL_TIME,9,11.2,2,1.68,32.7,0.0,4,2,2.33,0,0,0.0,FREQUENT,1
EMP-SYNTH-1542,Human Resources,HYBRID,CONTRACT,10,9.8,1,1.0,17.05,0.0,1,1,2.04,2,2,1.0,FREQUENT,0
EMP-SYNTH-1543,Growth & Marketing,HYBRID,CONTRACT,7,0.8,4,4.3,87.38,-1.0,6,2,1.71,2,0,0.0,FREQUENT,1
EMP-SYNTH-1544,Growth & Marketing,REMOTE,PART_TIME,2,6.8,3,3.22,59.7,0.0,1,0,2.52,1,1,1.0,NONE,0
EMP-SYNTH-1545,Growth & Marketing,HYBRID,FULL_TIME,8,2.7,4,4.08,84.27,0.5,6,0,2.02,8,2,0.25,OCCASIONAL,0
EMP-SYNTH-1546,Product & Design,OFFICE,FULL_TIME,8,1.5,4,4.42,88.74,0.0,4,2,0.51,4,1,0.25,NONE,0
EMP-SYNTH-1547,Human Resources,HYBRID,PART_TIME,10,6.7,5,4.73,98.44,1.0,6,1,2.87,4,4,1.0,FREQUENT,0
EMP-SYNTH-1548,Growth & Marketing,HYBRID,CONTRACT,8,0.8,3,2.68,54.77,0.5,3,1,0.01,4,4,1.0,FREQUENT,0
EMP-SYNTH-1549,Human Resources,REMOTE,FULL_TIME,9,11.0,4,3.78,78.46,-1.0,5,1,2.35,1,1,1.0,FREQUENT,0
EMP-SYNTH-1550,Growth & Marketing,OFFICE,CONTRACT,7,11.5,3,2.72,50.54,1.0,4,0,0.31,4,4,1.0,FREQUENT,0
EMP-SYNTH-1551,Human Resources,HYBRID,PART_TIME,2,4.3,2,1.95,34.46,0.0,0,0,0.0,6,5,0.83,OCCASIONAL,1
EMP-SYNTH-1552,Human Resources,OFFICE,PART_TIME,9,0.9,4,4.37,90.99,0.0,1,1,0.45,2,2,1.0,OCCASIONAL,0
EMP-SYNTH-1553,Growth & Marketing,OFFICE,PART_TIME,5,10.1,4,3.83,81.07,1.0,6,0,1.37,8,8,1.0,FREQUENT,0
EMP-SYNTH-1554,Growth & Marketing,OFFICE,PART_TIME,8,7.8,2,1.92,33.42,0.5,5,0,2.16,6,6,1.0,NONE,0
EMP-SYNTH-1555,Human Resources,REMOTE,CONTRACT,7,2.0,3,3.03,64.01,-0.5,4,0,1.37,2,1,0.5,NONE,0
EMP-SYNTH-1556,Product & Design,REMOTE,FULL_TIME,6,9.7,3,3.15,64.42,0.0,4,3,2.7,1,0,0.0,NONE,0
EMP-SYNTH-1557,Product & Design,HYBRID,PART_TIME,3,3.9,4,3.87,76.48,-1.0,4,0,2.82,2,0,0.0,OCCASIONAL,0
EMP-SYNTH-1558,Growth & Marketing,REMOTE,PART_TIME,8,5.2,4,4.2,81.5,0.0,5,3,0.0,4,1,0.25,OCCASIONAL,0
EMP-SYNTH-1559,Product & Design,OFFICE,PART_TIME,5,1.0,3,3.2,63.25,0.5,6,0,2.1,7,5,0.71,OCCASIONAL,0
EMP-SYNTH-1560,Enterprise Sales,HYBRID,CONTRACT,9,6.8,2,2.37,48.1,0.0,1,1,0.83,6,3,0.5,NONE,0
EMP-SYNTH-1561,Human Resources,OFFICE,FULL_TIME,7,0.9,3,2.96,61.95,0.5,3,2,1.76,2,1,0.5,FREQUENT,0
EMP-SYNTH-1562,Human Resources,OFFICE,PART_TIME,1,11.4,2,2.02,37.25,0.0,4,1,0.03,6,3,0.5,NONE,1
EMP-SYNTH-1563,Enterprise Sales,HYBRID,PART_TIME,7,2.5,4,3.88,82.45,0.5,5,1,1.76,8,3,0.38,NONE,0
EMP-SYNTH-1564,Enterprise Sales,REMOTE,PART_TIME,9,5.8,3,3.11,60.92,0.0,0,0,0.0,1,0,0.0,OCCASIONAL,0
EMP-SYNTH-1565,Growth & Marketing,OFFICE,FULL_TIME,9,11.4,4,4.4,91.13,-1.0,2,0,1.81,3,0,0.0,NONE,1
EMP-SYNTH-1566,Engineering,OFFICE,FULL_TIME,5,3.9,4,4.16,82.86,0.0,1,0,2.87,4,1,0.25,NONE,0
EMP-SYNTH-1567,Product & Design,HYBRID,PART_TIME,2,3.0,2,1.7,37.12,0.0,2,0,2.7,8,7,0.88,NONE,0
EMP-SYNTH-1568,Enterprise Sales,HYBRID,CONTRACT,7,3.9,4,4.17,85.37,0.0,0,0,0.0,2,0,0.0,FREQUENT,0
EMP-SYNTH-1569,Human Resources,OFFICE,CONTRACT,4,0.9,5,5.0,99.28,-1.0,4,2,1.68,6,1,0.17,FREQUENT,1
EMP-SYNTH-1570,Growth & Marketing,OFFICE,PART_TIME,6,5.1,2,1.5,29.74,0.0,1,0,1.35,6,3,0.5,NONE,0
EMP-SYNTH-1571,Growth & Marketing,REMOTE,PART_TIME,6,11.7,2,2.26,49.35,1.0,6,2,2.55,0,0,0.0,NONE,1
EMP-SYNTH-1572,Product & Design,OFFICE,PART_TIME,3,4.2,5,5.0,99.82,0.5,2,1,0.29,0,0,0.0,OCCASIONAL,0
EMP-SYNTH-1573,Enterprise Sales,OFFICE,PART_TIME,3,1.3,5,4.85,94.26,-1.0,6,1,2.9,2,2,1.0,OCCASIONAL,0
EMP-SYNTH-1574,Growth & Marketing,HYBRID,PART_TIME,2,7.3,3,2.69,53.4,-0.5,2,2,0.55,4,2,0.5,OCCASIONAL,0
EMP-SYNTH-1575,Enterprise Sales,REMOTE,PART_TIME,10,0.5,3,2.93,58.04,0.5,3,1,2.32,5,0,0.0,NONE,0
EMP-SYNTH-1576,Product & Design,OFFICE,PART_TIME,2,9.5,4,4.48,91.48,0.0,0,0,0.0,3,1,0.33,FREQUENT,0
EMP-SYNTH-1577,Growth & Marketing,REMOTE,FULL_TIME,5,4.5,2,1.76,36.25,-1.0,4,2,1.53,5,2,0.4,FREQUENT,1
EMP-SYNTH-1578,Engineering,REMOTE,CONTRACT,5,3.6,4,3.89,76.46,0.5,5,0,2.77,0,0,0.0,OCCASIONAL,0
EMP-SYNTH-1579,Engineering,OFFICE,CONTRACT,1,7.3,4,4.3,88.17,0.0,2,0,1.62,0,0,0.0,FREQUENT,0
EMP-SYNTH-1580,Human Resources,OFFICE,FULL_TIME,9,0.8,3,2.88,60.29,1.0,5,0,0.72,5,4,0.8,FREQUENT,0
EMP-SYNTH-1581,Enterprise Sales,HYBRID,CONTRACT,1,8.1,3,2.51,49.12,-0.5,4,2,0.27,6,2,0.33,FREQUENT,1
EMP-SYNTH-1582,Human Resources,HYBRID,FULL_TIME,6,8.8,2,1.56,28.1,0.0,2,1,2.55,8,8,1.0,NONE,0
EMP-SYNTH-1583,Enterprise Sales,REMOTE,FULL_TIME,9,8.8,4,3.98,84.29,0.5,1,0,2.94,1,0,0.0,FREQUENT,0
EMP-SYNTH-1584,Product & Design,OFFICE,FULL_TIME,2,2.8,4,3.65,71.9,-1.0,0,0,0.0,8,4,0.5,FREQUENT,0
EMP-SYNTH-1585,Product & Design,HYBRID,FULL_TIME,6,2.4,3,2.69,49.99,0.5,5,3,0.1,7,2,0.29,NONE,1
EMP-SYNTH-1586,Enterprise Sales,HYBRID,FULL_TIME,8,6.0,3,3.21,62.16,1.0,5,0,2.59,2,2,1.0,NONE,0
EMP-SYNTH-1587,Engineering,REMOTE,FULL_TIME,5,5.0,2,2.12,40.79,-0.5,4,2,1.26,7,6,0.86,OCCASIONAL,1
EMP-SYNTH-1588,Human Resources,REMOTE,PART_TIME,10,4.8,1,1.0,15.14,1.0,3,0,2.22,4,0,0.0,NONE,0
EMP-SYNTH-1589,Product & Design,REMOTE,PART_TIME,8,0.6,5,5.0,95.48,-1.0,3,1,0.12,6,1,0.17,OCCASIONAL,0
EMP-SYNTH-1590,Human Resources,HYBRID,PART_TIME,2,7.9,3,3.34,68.04,0.5,0,0,0.0,3,0,0.0,FREQUENT,0
EMP-SYNTH-1591,Engineering,OFFICE,FULL_TIME,4,7.8,2,1.64,33.88,0.0,1,0,2.3,7,5,0.71,FREQUENT,0
EMP-SYNTH-1592,Human Resources,OFFICE,PART_TIME,3,11.6,1,1.12,22.73,-1.0,1,1,1.05,7,4,0.57,FREQUENT,1
EMP-SYNTH-1593,Product & Design,REMOTE,CONTRACT,10,11.4,1,1.0,20.57,0.5,2,2,0.86,5,1,0.2,FREQUENT,1
EMP-SYNTH-1594,Growth & Marketing,OFFICE,PART_TIME,9,7.3,3,2.85,54.11,0.0,6,2,1.19,6,1,0.17,NONE,1
EMP-SYNTH-1595,Growth & Marketing,HYBRID,CONTRACT,3,1.9,4,3.55,72.99,0.0,0,0,0.0,6,0,0.0,OCCASIONAL,0
EMP-SYNTH-1596,Enterprise Sales,OFFICE,CONTRACT,1,3.9,4,3.65,72.22,0.0,0,0,0.0,3,2,0.67,NONE,0
EMP-SYNTH-1597,Product & Design,HYBRID,CONTRACT,1,1.3,5,5.0,95.68,-0.5,5,0,1.27,1,1,1.0,OCCASIONAL,0
EMP-SYNTH-1598,Growth & Marketing,OFFICE,CONTRACT,3,2.6,3,2.71,55.11,0.0,3,2,0.17,6,2,0.33,FREQUENT,0
EMP-SYNTH-1599,Product & Design,OFFICE,FULL_TIME,6,8.5,5,4.97,94.94,1.0,3,0,1.72,1,1,1.0,OCCASIONAL,0
EMP-SYNTH-1600,Enterprise Sales,HYBRID,FULL_TIME,7,4.3,4,4.05,77.95,0.0,5,3,0.79,8,7,0.88,OCCASIONAL,0
EMP-SYNTH-1601,Growth & Marketing,OFFICE,CONTRACT,8,1.1,2,1.74,37.26,0.0,6,3,2.4,1,1,1.0,NONE,1
EMP-SYNTH-1602,Engineering,HYBRID,FULL_TIME,3,0.8,3,2.99,56.97,-0.5,5,3,0.64,2,0,0.0,FREQUENT,1
EMP-SYNTH-1603,Enterprise Sales,REMOTE,CONTRACT,1,2.6,3,2.63,50.0,-0.5,6,3,2.8,7,6,0.86,FREQUENT,1
EMP-SYNTH-1604,Product & Design,OFFICE,CONTRACT,8,11.1,4,4.21,81.44,0.5,6,2,1.96,0,0,0.0,NONE,0
EMP-SYNTH-1605,Human Resources,OFFICE,PART_TIME,2,3.4,5,4.57,92.57,-0.5,6,1,1.55,4,1,0.25,NONE,1
EMP-SYNTH-1606,Engineering,HYBRID,PART_TIME,9,2.2,4,4.3,85.83,0.0,6,0,0.98,4,2,0.5,NONE,0
EMP-SYNTH-1607,Enterprise Sales,OFFICE,CONTRACT,6,5.5,4,4.12,79.42,-0.5,0,0,0.0,0,0,0.0,OCCASIONAL,0
EMP-SYNTH-1608,Human Resources,OFFICE,CONTRACT,3,11.0,3,2.97,56.58,-1.0,3,0,2.86,6,2,0.33,FREQUENT,1
EMP-SYNTH-1609,Enterprise Sales,OFFICE,CONTRACT,1,2.9,3,2.74,57.78,0.0,4,2,0.51,8,4,0.5,NONE,0
EMP-SYNTH-1610,Engineering,HYBRID,CONTRACT,5,8.9,2,2.0,35.19,1.0,6,3,1.42,5,4,0.8,NONE,0
EMP-SYNTH-1611,Enterprise Sales,REMOTE,CONTRACT,3,4.8,5,5.0,99.3,-0.5,0,0,0.0,3,3,1.0,NONE,0
EMP-SYNTH-1612,Product & Design,HYBRID,CONTRACT,5,11.4,4,3.78,75.08,0.0,4,3,1.94,3,0,0.0,FREQUENT,0
EMP-SYNTH-1613,Human Resources,HYBRID,PART_TIME,10,8.3,4,4.34,88.88,0.5,6,0,0.77,8,6,0.75,NONE,0
EMP-SYNTH-1614,Product & Design,REMOTE,FULL_TIME,5,7.4,4,3.71,77.44,0.0,2,0,0.38,3,2,0.67,OCCASIONAL,0
EMP-SYNTH-1615,Engineering,OFFICE,FULL_TIME,3,8.8,3,3.43,68.94,1.0,0,0,0.0,5,4,0.8,OCCASIONAL,0
EMP-SYNTH-1616,Product & Design,OFFICE,FULL_TIME,2,2.6,3,3.24,69.68,-0.5,1,0,2.45,8,4,0.5,OCCASIONAL,0
EMP-SYNTH-1617,Product & Design,OFFICE,PART_TIME,3,4.4,4,4.25,86.96,-1.0,6,1,2.73,2,0,0.0,OCCASIONAL,0
EMP-SYNTH-1618,Enterprise Sales,OFFICE,CONTRACT,9,11.7,3,2.89,53.29,1.0,0,0,0.0,4,4,1.0,FREQUENT,0
EMP-SYNTH-1619,Product & Design,REMOTE,CONTRACT,8,9.1,3,3.04,64.5,0.0,3,0,2.26,5,4,0.8,OCCASIONAL,0
EMP-SYNTH-1620,Growth & Marketing,REMOTE,FULL_TIME,9,3.3,1,1.12,26.58,-0.5,1,1,2.41,0,0,0.0,FREQUENT,1
EMP-SYNTH-1621,Human Resources,REMOTE,FULL_TIME,7,5.1,1,1.0,18.56,0.0,5,3,2.05,6,2,0.33,OCCASIONAL,0
EMP-SYNTH-1622,Enterprise Sales,REMOTE,CONTRACT,6,10.7,3,3.49,66.52,0.0,3,2,0.02,0,0,0.0,FREQUENT,1
EMP-SYNTH-1623,Enterprise Sales,REMOTE,PART_TIME,7,9.8,4,3.79,71.37,-1.0,3,3,1.06,5,0,0.0,NONE,1
EMP-SYNTH-1624,Product & Design,REMOTE,FULL_TIME,9,7.3,3,2.8,52.44,-0.5,1,1,2.74,6,0,0.0,FREQUENT,1
EMP-SYNTH-1625,Human Resources,REMOTE,CONTRACT,1,8.9,3,3.46,68.28,-1.0,4,2,2.43,4,1,0.25,NONE,1
EMP-SYNTH-1626,Human Resources,OFFICE,PART_TIME,6,8.9,3,3.24,62.03,0.5,6,2,2.24,3,2,0.67,FREQUENT,0
EMP-SYNTH-1627,Growth & Marketing,OFFICE,PART_TIME,7,7.8,4,3.98,79.45,0.5,3,1,2.52,5,1,0.2,FREQUENT,0
EMP-SYNTH-1628,Enterprise Sales,HYBRID,CONTRACT,9,0.7,3,2.54,47.85,0.0,6,3,0.9,8,0,0.0,FREQUENT,1
EMP-SYNTH-1629,Product & Design,REMOTE,PART_TIME,4,7.1,4,4.39,88.64,1.0,6,0,0.42,6,0,0.0,NONE,0
EMP-SYNTH-1630,Human Resources,HYBRID,FULL_TIME,4,11.6,3,3.03,65.35,-0.5,2,2,0.84,0,0,0.0,NONE,1
EMP-SYNTH-1631,Product & Design,OFFICE,FULL_TIME,4,1.6,4,4.16,82.91,0.5,3,3,1.09,5,0,0.0,FREQUENT,0
EMP-SYNTH-1632,Enterprise Sales,HYBRID,CONTRACT,9,8.8,3,3.0,62.55,-0.5,6,2,2.36,8,6,0.75,FREQUENT,1
EMP-SYNTH-1633,Growth & Marketing,REMOTE,FULL_TIME,10,5.3,3,3.27,62.08,0.0,0,0,0.0,8,6,0.75,FREQUENT,0
EMP-SYNTH-1634,Enterprise Sales,REMOTE,CONTRACT,5,11.2,3,3.35,66.43,1.0,0,0,0.0,6,1,0.17,FREQUENT,0
EMP-SYNTH-1635,Human Resources,HYBRID,PART_TIME,2,4.8,5,5.0,103.94,-1.0,3,1,0.88,2,1,0.5,OCCASIONAL,0
EMP-SYNTH-1636,Enterprise Sales,HYBRID,PART_TIME,10,10.1,5,5.0,97.36,0.0,5,1,0.66,7,1,0.14,OCCASIONAL,0
EMP-SYNTH-1637,Growth & Marketing,HYBRID,PART_TIME,1,11.8,4,3.73,76.39,0.5,0,0,0.0,6,2,0.33,OCCASIONAL,0
EMP-SYNTH-1638,Enterprise Sales,OFFICE,PART_TIME,9,3.7,3,2.95,57.23,0.0,0,0,0.0,6,3,0.5,OCCASIONAL,0
EMP-SYNTH-1639,Product & Design,OFFICE,PART_TIME,9,1.4,4,4.36,87.61,1.0,0,0,0.0,3,3,1.0,FREQUENT,0
EMP-SYNTH-1640,Product & Design,REMOTE,PART_TIME,1,6.9,3,3.01,61.29,1.0,5,3,0.5,8,3,0.38,FREQUENT,0
EMP-SYNTH-1641,Product & Design,HYBRID,PART_TIME,8,5.2,3,3.36,71.79,1.0,3,3,0.24,3,3,1.0,FREQUENT,0
EMP-SYNTH-1642,Growth & Marketing,OFFICE,PART_TIME,6,9.0,3,3.31,62.2,0.5,5,3,2.54,1,0,0.0,NONE,0
EMP-SYNTH-1643,Enterprise Sales,OFFICE,CONTRACT,7,8.7,4,4.1,85.73,-1.0,3,1,0.66,2,2,1.0,FREQUENT,1
EMP-SYNTH-1644,Human Resources,OFFICE,CONTRACT,9,8.1,4,4.16,84.27,0.0,0,0,0.0,5,0,0.0,OCCASIONAL,0
EMP-SYNTH-1645,Enterprise Sales,REMOTE,CONTRACT,9,7.6,4,4.28,89.25,-0.5,2,1,2.07,0,0,0.0,OCCASIONAL,0
EMP-SYNTH-1646,Human Resources,HYBRID,FULL_TIME,2,4.2,3,2.54,54.24,0.0,3,0,1.07,1,1,1.0,FREQUENT,0
EMP-SYNTH-1647,Growth & Marketing,HYBRID,PART_TIME,4,6.4,4,3.78,71.05,0.0,4,1,0.31,1,1,1.0,NONE,0
EMP-SYNTH-1648,Engineering,HYBRID,PART_TIME,2,9.2,5,5.0,102.93,-1.0,1,1,1.61,7,1,0.14,OCCASIONAL,1
EMP-SYNTH-1649,Enterprise Sales,HYBRID,PART_TIME,2,9.1,3,2.94,62.53,0.5,3,0,2.62,2,0,0.0,FREQUENT,0
EMP-SYNTH-1650,Product & Design,REMOTE,CONTRACT,9,3.9,3,2.97,62.5,-1.0,6,1,2.46,6,5,0.83,OCCASIONAL,0
EMP-SYNTH-1651,Product & Design,OFFICE,FULL_TIME,7,3.0,2,1.82,33.59,0.0,4,1,2.61,5,4,0.8,OCCASIONAL,0
EMP-SYNTH-1652,Human Resources,HYBRID,PART_TIME,3,8.1,3,3.01,64.82,1.0,1,0,0.41,1,1,1.0,FREQUENT,0
EMP-SYNTH-1653,Product & Design,HYBRID,PART_TIME,5,7.9,5,4.73,91.35,-1.0,3,2,0.21,5,5,1.0,FREQUENT,0
EMP-SYNTH-1654,Enterprise Sales,REMOTE,FULL_TIME,8,11.0,3,3.29,69.27,1.0,2,1,0.53,1,1,1.0,FREQUENT,0
EMP-SYNTH-1655,Growth & Marketing,REMOTE,PART_TIME,5,8.0,5,4.99,102.21,0.5,0,0,0.0,1,1,1.0,NONE,0
EMP-SYNTH-1656,Human Resources,OFFICE,PART_TIME,2,5.2,3,3.15,67.43,-1.0,1,1,2.51,7,6,0.86,FREQUENT,1
EMP-SYNTH-1657,Engineering,HYBRID,PART_TIME,5,9.9,3,2.99,59.3,-1.0,5,1,1.77,2,2,1.0,OCCASIONAL,0
EMP-SYNTH-1658,Human Resources,OFFICE,FULL_TIME,3,5.4,4,3.85,81.33,-1.0,4,3,2.12,2,0,0.0,FREQUENT,1
EMP-SYNTH-1659,Human Resources,REMOTE,CONTRACT,8,5.8,3,2.88,56.75,0.0,0,0,0.0,2,1,0.5,FREQUENT,0
EMP-SYNTH-1660,Human Resources,OFFICE,FULL_TIME,3,2.0,4,3.72,75.54,0.5,0,0,0.0,3,3,1.0,OCCASIONAL,0
EMP-SYNTH-1661,Growth & Marketing,OFFICE,CONTRACT,8,4.6,4,3.59,75.44,0.5,0,0,0.0,2,2,1.0,OCCASIONAL,0
EMP-SYNTH-1662,Product & Design,REMOTE,FULL_TIME,10,2.4,3,3.36,62.83,0.0,6,3,2.72,6,2,0.33,NONE,0
EMP-SYNTH-1663,Enterprise Sales,OFFICE,FULL_TIME,9,4.9,3,2.63,49.78,0.5,4,2,2.21,6,4,0.67,FREQUENT,0
EMP-SYNTH-1664,Human Resources,HYBRID,FULL_TIME,8,8.4,3,3.38,70.72,0.0,4,0,0.08,8,5,0.62,NONE,0
EMP-SYNTH-1665,Human Resources,HYBRID,CONTRACT,6,1.2,4,3.71,78.57,0.0,6,2,2.78,4,4,1.0,OCCASIONAL,0
EMP-SYNTH-1666,Growth & Marketing,OFFICE,PART_TIME,1,4.0,4,4.46,84.86,0.0,2,1,2.19,1,1,1.0,FREQUENT,0
EMP-SYNTH-1667,Enterprise Sales,REMOTE,PART_TIME,4,2.2,2,1.76,38.02,0.0,4,3,1.77,5,1,0.2,NONE,1
EMP-SYNTH-1668,Product & Design,OFFICE,PART_TIME,6,3.8,3,3.15,62.25,0.5,1,0,2.1,5,4,0.8,NONE,0
EMP-SYNTH-1669,Engineering,OFFICE,PART_TIME,9,6.0,3,2.81,57.02,0.0,0,0,0.0,4,1,0.25,OCCASIONAL,0
EMP-SYNTH-1670,Engineering,OFFICE,CONTRACT,9,1.4,3,2.55,52.71,1.0,4,2,1.27,2,1,0.5,OCCASIONAL,0
EMP-SYNTH-1671,Engineering,REMOTE,PART_TIME,9,8.0,1,1.36,30.42,1.0,1,0,2.77,1,1,1.0,OCCASIONAL,0
EMP-SYNTH-1672,Engineering,REMOTE,FULL_TIME,1,2.6,2,2.46,48.52,0.0,5,2,2.73,0,0,0.0,NONE,1
EMP-SYNTH-1673,Human Resources,REMOTE,PART_TIME,2,1.6,4,3.53,69.69,-1.0,0,0,0.0,1,1,1.0,OCCASIONAL,0
EMP-SYNTH-1674,Engineering,OFFICE,CONTRACT,7,10.8,3,3.24,61.21,-0.5,6,1,0.83,0,0,0.0,NONE,1
EMP-SYNTH-1675,Growth & Marketing,OFFICE,FULL_TIME,3,1.0,3,3.16,59.16,1.0,5,0,2.55,1,0,0.0,OCCASIONAL,0
EMP-SYNTH-1676,Growth & Marketing,OFFICE,FULL_TIME,4,7.9,3,3.02,64.95,-1.0,6,1,0.47,4,2,0.5,OCCASIONAL,0
EMP-SYNTH-1677,Product & Design,REMOTE,FULL_TIME,4,4.0,3,2.8,59.04,0.5,3,3,2.38,2,1,0.5,FREQUENT,0
EMP-SYNTH-1678,Product & Design,OFFICE,PART_TIME,1,8.9,3,2.86,56.57,0.0,5,3,1.88,3,2,0.67,FREQUENT,0
EMP-SYNTH-1679,Growth & Marketing,HYBRID,PART_TIME,6,2.5,3,2.73,53.65,-1.0,2,2,0.53,6,3,0.5,OCCASIONAL,0
EMP-SYNTH-1680,Engineering,REMOTE,CONTRACT,7,11.5,3,2.75,56.4,-1.0,4,3,1.25,1,1,1.0,OCCASIONAL,0
EMP-SYNTH-1681,Product & Design,OFFICE,FULL_TIME,7,10.3,4,3.66,76.98,0.0,6,3,1.3,5,5,1.0,NONE,0
EMP-SYNTH-1682,Enterprise Sales,OFFICE,PART_TIME,10,6.8,3,2.75,52.9,1.0,6,3,1.48,2,1,0.5,NONE,0
EMP-SYNTH-1683,Product & Design,REMOTE,FULL_TIME,3,7.9,4,4.2,83.18,-0.5,5,1,0.97,3,2,0.67,OCCASIONAL,0
EMP-SYNTH-1684,Enterprise Sales,OFFICE,PART_TIME,10,0.8,4,3.89,78.18,0.0,4,3,1.77,3,0,0.0,OCCASIONAL,0
EMP-SYNTH-1685,Engineering,REMOTE,FULL_TIME,9,1.5,3,3.28,67.16,1.0,3,0,0.09,0,0,0.0,NONE,0
EMP-SYNTH-1686,Enterprise Sales,HYBRID,FULL_TIME,1,11.3,3,3.11,65.35,0.5,5,0,1.67,2,1,0.5,FREQUENT,0
EMP-SYNTH-1687,Product & Design,HYBRID,FULL_TIME,2,2.0,2,1.79,38.64,0.5,6,2,2.35,7,6,0.86,NONE,0
EMP-SYNTH-1688,Human Resources,HYBRID,PART_TIME,3,5.0,4,3.84,75.85,-0.5,4,0,1.38,4,0,0.0,NONE,0
EMP-SYNTH-1689,Enterprise Sales,HYBRID,CONTRACT,9,10.2,2,2.17,40.22,0.0,5,3,2.16,7,1,0.14,FREQUENT,1
EMP-SYNTH-1690,Engineering,REMOTE,PART_TIME,9,3.1,3,3.1,57.33,0.0,0,0,0.0,5,4,0.8,NONE,0
EMP-SYNTH-1691,Engineering,REMOTE,PART_TIME,4,7.0,3,3.09,64.41,-1.0,1,0,0.69,4,1,0.25,OCCASIONAL,0
EMP-SYNTH-1692,Enterprise Sales,HYBRID,FULL_TIME,5,6.6,2,1.55,31.63,1.0,2,0,2.19,1,1,1.0,OCCASIONAL,0
EMP-SYNTH-1693,Growth & Marketing,OFFICE,FULL_TIME,2,11.9,5,4.59,90.8,0.0,4,0,2.31,0,0,0.0,FREQUENT,0
EMP-SYNTH-1694,Engineering,OFFICE,PART_TIME,9,10.1,3,2.92,54.59,0.5,0,0,0.0,0,0,0.0,OCCASIONAL,0
EMP-SYNTH-1695,Human Resources,OFFICE,FULL_TIME,5,6.3,4,3.83,77.14,-0.5,0,0,0.0,5,1,0.2,NONE,0
EMP-SYNTH-1696,Growth & Marketing,HYBRID,FULL_TIME,8,10.1,5,4.6,96.21,0.0,0,0,0.0,5,3,0.6,NONE,0
EMP-SYNTH-1697,Engineering,REMOTE,FULL_TIME,4,10.6,4,3.6,73.82,-1.0,1,1,2.72,0,0,0.0,FREQUENT,1
EMP-SYNTH-1698,Product & Design,OFFICE,FULL_TIME,3,10.2,3,3.13,60.77,0.0,5,0,2.32,3,3,1.0,OCCASIONAL,0
EMP-SYNTH-1699,Growth & Marketing,REMOTE,CONTRACT,7,3.9,3,3.11,59.59,-1.0,0,0,0.0,4,4,1.0,NONE,0
EMP-SYNTH-1700,Growth & Marketing,REMOTE,FULL_TIME,4,7.9,2,1.78,31.08,1.0,1,0,2.76,3,2,0.67,NONE,0
EMP-SYNTH-1701,Enterprise Sales,HYBRID,PART_TIME,7,11.6,2,1.57,31.88,0.0,2,0,3.0,2,2,1.0,OCCASIONAL,0
EMP-SYNTH-1702,Engineering,OFFICE,PART_TIME,6,3.8,4,3.57,73.48,0.5,4,2,1.56,5,3,0.6,OCCASIONAL,0
EMP-SYNTH-1703,Growth & Marketing,REMOTE,PART_TIME,10,11.8,3,3.48,64.91,-1.0,4,2,1.3,5,5,1.0,OCCASIONAL,1
EMP-SYNTH-1704,Growth & Marketing,REMOTE,FULL_TIME,3,5.7,4,3.96,78.1,-0.5,6,2,1.22,0,0,0.0,OCCASIONAL,1
EMP-SYNTH-1705,Engineering,REMOTE,FULL_TIME,1,1.5,4,4.15,80.74,-0.5,0,0,0.0,8,6,0.75,NONE,0
EMP-SYNTH-1706,Growth & Marketing,REMOTE,FULL_TIME,1,0.5,4,4.31,85.29,0.5,0,0,0.0,1,1,1.0,NONE,0
EMP-SYNTH-1707,Growth & Marketing,OFFICE,FULL_TIME,8,5.2,2,2.22,40.62,1.0,1,0,0.69,8,2,0.25,NONE,0
EMP-SYNTH-1708,Engineering,HYBRID,CONTRACT,8,4.3,2,1.69,38.8,0.5,4,2,0.1,4,0,0.0,NONE,1
EMP-SYNTH-1709,Growth & Marketing,REMOTE,CONTRACT,10,9.7,3,3.39,63.82,-1.0,1,1,2.0,5,1,0.2,OCCASIONAL,1
EMP-SYNTH-1710,Human Resources,OFFICE,PART_TIME,9,7.3,5,4.51,94.49,0.0,0,0,0.0,7,0,0.0,FREQUENT,0
EMP-SYNTH-1711,Enterprise Sales,HYBRID,FULL_TIME,1,2.0,3,3.35,62.24,0.0,0,0,0.0,5,1,0.2,OCCASIONAL,0
EMP-SYNTH-1712,Human Resources,HYBRID,FULL_TIME,5,3.8,3,3.3,63.88,1.0,1,0,0.53,8,8,1.0,FREQUENT,0
EMP-SYNTH-1713,Human Resources,OFFICE,CONTRACT,4,9.2,3,3.41,69.62,-1.0,5,1,1.39,1,0,0.0,NONE,1
EMP-SYNTH-1714,Enterprise Sales,REMOTE,FULL_TIME,7,7.4,1,1.31,26.73,0.0,3,2,1.78,4,0,0.0,FREQUENT,1
EMP-SYNTH-1715,Product & Design,OFFICE,PART_TIME,1,10.1,4,3.93,79.98,1.0,2,1,2.68,8,8,1.0,OCCASIONAL,0
EMP-SYNTH-1716,Engineering,REMOTE,CONTRACT,7,5.8,3,3.26,63.91,-1.0,0,0,0.0,5,1,0.2,OCCASIONAL,0
EMP-SYNTH-1717,Enterprise Sales,OFFICE,FULL_TIME,7,8.1,2,2.09,42.32,-0.5,2,0,1.91,8,4,0.5,NONE,1
EMP-SYNTH-1718,Growth & Marketing,OFFICE,PART_TIME,10,10.3,3,2.8,58.74,0.0,6,1,0.97,0,0,0.0,FREQUENT,1
EMP-SYNTH-1719,Human Resources,OFFICE,PART_TIME,3,10.9,2,1.8,31.05,-1.0,2,0,1.36,2,1,0.5,NONE,1
EMP-SYNTH-1720,Enterprise Sales,HYBRID,FULL_TIME,6,6.6,3,2.78,60.17,-1.0,3,1,2.5,6,0,0.0,NONE,0
EMP-SYNTH-1721,Product & Design,OFFICE,CONTRACT,8,1.2,5,4.71,95.77,0.5,6,2,2.03,4,2,0.5,NONE,0
EMP-SYNTH-1722,Product & Design,HYBRID,PART_TIME,3,6.5,3,2.78,59.72,-0.5,4,3,1.18,1,1,1.0,NONE,0
EMP-SYNTH-1723,Engineering,REMOTE,CONTRACT,3,7.4,4,3.53,66.47,0.0,4,1,2.72,5,5,1.0,NONE,0
EMP-SYNTH-1724,Enterprise Sales,HYBRID,FULL_TIME,8,10.4,4,3.9,82.86,0.0,6,0,2.91,1,0,0.0,FREQUENT,0
EMP-SYNTH-1725,Human Resources,HYBRID,FULL_TIME,5,6.6,5,4.86,94.05,-1.0,3,0,2.01,0,0,0.0,FREQUENT,0
EMP-SYNTH-1726,Product & Design,HYBRID,FULL_TIME,8,7.4,2,1.56,26.78,-1.0,1,1,1.29,6,1,0.17,NONE,1
EMP-SYNTH-1727,Product & Design,REMOTE,PART_TIME,5,8.6,2,2.24,43.34,0.5,2,0,2.18,2,0,0.0,NONE,0
EMP-SYNTH-1728,Human Resources,OFFICE,PART_TIME,4,1.5,3,3.13,62.25,0.5,6,0,0.85,6,2,0.33,OCCASIONAL,0
EMP-SYNTH-1729,Product & Design,OFFICE,CONTRACT,1,9.5,2,1.8,38.57,-0.5,5,0,2.76,7,7,1.0,OCCASIONAL,1
EMP-SYNTH-1730,Product & Design,OFFICE,CONTRACT,3,8.1,4,4.26,80.87,-1.0,6,1,1.66,5,3,0.6,FREQUENT,1
EMP-SYNTH-1731,Engineering,REMOTE,PART_TIME,2,9.7,4,3.66,70.66,1.0,0,0,0.0,7,7,1.0,NONE,0
EMP-SYNTH-1732,Enterprise Sales,OFFICE,CONTRACT,4,2.1,2,1.99,40.19,0.5,1,0,2.61,6,6,1.0,FREQUENT,1
EMP-SYNTH-1733,Growth & Marketing,HYBRID,CONTRACT,9,4.7,3,3.0,55.83,-0.5,4,2,0.58,0,0,0.0,FREQUENT,1
EMP-SYNTH-1734,Human Resources,HYBRID,PART_TIME,10,10.9,2,1.74,36.77,-0.5,1,1,1.31,8,6,0.75,OCCASIONAL,1
EMP-SYNTH-1735,Growth & Marketing,OFFICE,FULL_TIME,8,9.2,3,2.76,55.11,0.5,1,1,1.24,1,1,1.0,NONE,0
EMP-SYNTH-1736,Engineering,OFFICE,CONTRACT,1,9.9,4,3.66,72.48,0.0,1,1,1.34,3,2,0.67,NONE,0
EMP-SYNTH-1737,Human Resources,REMOTE,FULL_TIME,5,4.1,3,3.46,73.3,0.0,6,2,2.02,5,3,0.6,FREQUENT,0
EMP-SYNTH-1738,Growth & Marketing,REMOTE,PART_TIME,5,7.3,2,1.78,38.62,0.0,5,2,2.49,0,0,0.0,OCCASIONAL,1
EMP-SYNTH-1739,Human Resources,REMOTE,FULL_TIME,7,7.2,5,4.92,97.23,0.0,6,0,0.43,0,0,0.0,NONE,0
EMP-SYNTH-1740,Enterprise Sales,OFFICE,PART_TIME,4,9.0,4,4.11,83.04,-0.5,2,2,2.63,2,0,0.0,NONE,0
EMP-SYNTH-1741,Growth & Marketing,OFFICE,CONTRACT,7,10.5,4,4.4,84.86,-0.5,2,1,1.38,0,0,0.0,OCCASIONAL,1
EMP-SYNTH-1742,Enterprise Sales,OFFICE,CONTRACT,2,10.4,3,3.16,62.79,-0.5,1,0,0.28,7,2,0.29,NONE,0
EMP-SYNTH-1743,Human Resources,REMOTE,PART_TIME,3,8.5,5,5.0,97.7,-1.0,5,3,1.46,7,0,0.0,OCCASIONAL,1
EMP-SYNTH-1744,Human Resources,HYBRID,CONTRACT,4,0.5,2,1.64,35.74,-0.5,0,0,0.0,8,4,0.5,FREQUENT,1
EMP-SYNTH-1745,Product & Design,OFFICE,CONTRACT,5,9.4,4,3.7,78.93,-0.5,3,3,2.03,6,0,0.0,FREQUENT,1
EMP-SYNTH-1746,Growth & Marketing,HYBRID,CONTRACT,8,8.8,4,4.2,82.81,0.0,5,2,1.82,4,3,0.75,FREQUENT,1
EMP-SYNTH-1747,Human Resources,OFFICE,PART_TIME,6,11.0,3,3.22,59.92,-0.5,1,1,1.86,1,0,0.0,OCCASIONAL,1
EMP-SYNTH-1748,Engineering,OFFICE,FULL_TIME,6,3.9,2,1.84,40.8,1.0,5,0,1.62,0,0,0.0,FREQUENT,1
EMP-SYNTH-1749,Growth & Marketing,HYBRID,PART_TIME,1,3.8,4,3.56,66.81,-0.5,0,0,0.0,6,3,0.5,FREQUENT,0
EMP-SYNTH-1750,Product & Design,OFFICE,PART_TIME,2,3.7,4,3.98,79.18,0.0,4,0,0.59,0,0,0.0,OCCASIONAL,0
EMP-SYNTH-1751,Growth & Marketing,REMOTE,CONTRACT,5,5.6,3,3.32,66.89,-1.0,0,0,0.0,2,1,0.5,FREQUENT,1
EMP-SYNTH-1752,Growth & Marketing,HYBRID,PART_TIME,4,6.1,2,1.59,30.46,0.0,3,3,0.34,7,6,0.86,OCCASIONAL,1
EMP-SYNTH-1753,Product & Design,HYBRID,PART_TIME,9,2.8,2,1.91,37.96,-1.0,5,2,2.59,5,4,0.8,NONE,0
EMP-SYNTH-1754,Growth & Marketing,OFFICE,PART_TIME,6,5.4,3,2.65,51.7,0.0,1,0,1.74,8,2,0.25,OCCASIONAL,0
EMP-SYNTH-1755,Human Resources,REMOTE,CONTRACT,3,1.6,5,5.0,98.35,-1.0,0,0,0.0,8,4,0.5,OCCASIONAL,0
EMP-SYNTH-1756,Human Resources,OFFICE,FULL_TIME,1,2.2,3,2.7,58.01,0.0,1,1,2.26,6,4,0.67,FREQUENT,0
EMP-SYNTH-1757,Human Resources,REMOTE,CONTRACT,2,7.8,4,4.21,80.85,-0.5,6,2,2.83,6,0,0.0,NONE,1
EMP-SYNTH-1758,Human Resources,OFFICE,PART_TIME,10,11.1,2,2.22,39.48,0.0,6,1,1.67,2,1,0.5,OCCASIONAL,0
EMP-SYNTH-1759,Enterprise Sales,REMOTE,PART_TIME,2,1.9,4,3.79,73.99,1.0,5,3,1.96,6,1,0.17,NONE,0
EMP-SYNTH-1760,Enterprise Sales,OFFICE,FULL_TIME,2,1.1,2,2.36,43.61,0.0,5,2,1.47,0,0,0.0,FREQUENT,1
EMP-SYNTH-1761,Enterprise Sales,HYBRID,PART_TIME,8,11.8,2,2.12,46.68,1.0,3,0,2.03,7,1,0.14,OCCASIONAL,0
EMP-SYNTH-1762,Product & Design,REMOTE,CONTRACT,8,5.2,1,1.11,24.01,0.5,6,1,0.58,4,0,0.0,NONE,1
EMP-SYNTH-1763,Growth & Marketing,HYBRID,CONTRACT,3,2.4,4,3.78,71.98,1.0,3,2,0.59,7,3,0.43,FREQUENT,0
EMP-SYNTH-1764,Growth & Marketing,OFFICE,CONTRACT,4,11.8,4,3.96,77.82,0.0,3,1,1.26,1,1,1.0,OCCASIONAL,0
EMP-SYNTH-1765,Growth & Marketing,OFFICE,FULL_TIME,6,0.9,4,3.54,69.77,-0.5,3,0,0.09,0,0,0.0,OCCASIONAL,0
EMP-SYNTH-1766,Human Resources,HYBRID,CONTRACT,8,11.0,3,3.36,71.39,-0.5,1,1,0.87,8,3,0.38,OCCASIONAL,1
EMP-SYNTH-1767,Enterprise Sales,OFFICE,PART_TIME,3,1.7,3,2.97,55.31,0.0,3,1,2.91,8,6,0.75,FREQUENT,0
EMP-SYNTH-1768,Human Resources,OFFICE,FULL_TIME,4,1.6,5,4.99,96.19,1.0,3,3,1.09,8,2,0.25,OCCASIONAL,0
EMP-SYNTH-1769,Enterprise Sales,HYBRID,CONTRACT,5,10.4,3,2.67,55.61,1.0,1,1,0.01,0,0,0.0,NONE,0
EMP-SYNTH-1770,Engineering,REMOTE,PART_TIME,7,9.6,3,3.09,62.39,0.0,2,0,2.47,7,1,0.14,OCCASIONAL,0
EMP-SYNTH-1771,Human Resources,HYBRID,FULL_TIME,4,11.9,3,2.92,59.95,-0.5,3,1,2.44,1,0,0.0,NONE,1
EMP-SYNTH-1772,Growth & Marketing,HYBRID,PART_TIME,4,1.3,3,2.61,47.24,0.0,6,0,0.52,3,2,0.67,FREQUENT,0
EMP-SYNTH-1773,Product & Design,OFFICE,CONTRACT,9,10.6,4,3.68,75.43,0.5,5,1,0.15,4,1,0.25,FREQUENT,0
EMP-SYNTH-1774,Human Resources,REMOTE,CONTRACT,3,6.6,4,4.01,83.31,-0.5,1,1,1.56,5,4,0.8,OCCASIONAL,0
EMP-SYNTH-1775,Enterprise Sales,HYBRID,CONTRACT,8,10.2,4,4.41,85.4,-1.0,0,0,0.0,8,3,0.38,FREQUENT,1
EMP-SYNTH-1776,Growth & Marketing,REMOTE,CONTRACT,4,7.5,4,3.79,72.2,0.5,4,0,2.24,2,2,1.0,OCCASIONAL,0
EMP-SYNTH-1777,Growth & Marketing,OFFICE,CONTRACT,7,8.9,3,2.53,52.88,0.0,6,3,1.28,1,1,1.0,OCCASIONAL,0
EMP-SYNTH-1778,Growth & Marketing,HYBRID,FULL_TIME,7,11.2,3,3.03,62.25,0.0,0,0,0.0,6,6,1.0,FREQUENT,0
EMP-SYNTH-1779,Human Resources,REMOTE,CONTRACT,3,7.3,2,1.93,38.04,1.0,4,0,1.71,3,3,1.0,FREQUENT,0
EMP-SYNTH-1780,Product & Design,OFFICE,FULL_TIME,9,11.0,4,4.39,88.18,0.5,0,0,0.0,4,4,1.0,FREQUENT,0
EMP-SYNTH-1781,Human Resources,REMOTE,PART_TIME,9,1.7,3,3.12,62.2,-0.5,3,2,2.92,7,6,0.86,OCCASIONAL,1
EMP-SYNTH-1782,Growth & Marketing,REMOTE,PART_TIME,9,0.8,1,1.0,22.11,0.0,0,0,0.0,1,1,1.0,OCCASIONAL,0
EMP-SYNTH-1783,Enterprise Sales,HYBRID,PART_TIME,4,7.1,5,4.64,97.37,0.0,6,3,1.05,1,1,1.0,NONE,0
EMP-SYNTH-1784,Product & Design,HYBRID,CONTRACT,1,1.1,4,4.27,80.44,0.5,1,1,0.81,2,2,1.0,OCCASIONAL,0
EMP-SYNTH-1785,Growth & Marketing,REMOTE,CONTRACT,8,11.9,4,4.14,85.54,0.5,1,0,0.37,2,1,0.5,FREQUENT,0
EMP-SYNTH-1786,Enterprise Sales,HYBRID,FULL_TIME,8,3.7,3,3.47,68.42,1.0,4,2,0.45,2,0,0.0,NONE,0
EMP-SYNTH-1787,Human Resources,REMOTE,PART_TIME,4,9.9,4,3.52,67.08,-1.0,0,0,0.0,3,0,0.0,NONE,0
EMP-SYNTH-1788,Enterprise Sales,HYBRID,PART_TIME,7,2.1,4,4.07,80.03,0.0,6,2,2.98,5,3,0.6,FREQUENT,0
EMP-SYNTH-1789,Engineering,HYBRID,CONTRACT,5,5.0,4,4.1,86.01,1.0,6,3,0.77,6,4,0.67,OCCASIONAL,0
EMP-SYNTH-1790,Product & Design,REMOTE,CONTRACT,4,3.4,4,3.78,77.15,0.5,4,3,1.06,8,3,0.38,FREQUENT,0
EMP-SYNTH-1791,Product & Design,HYBRID,FULL_TIME,5,7.0,4,4.16,87.47,1.0,4,3,1.89,6,6,1.0,OCCASIONAL,0
EMP-SYNTH-1792,Product & Design,HYBRID,CONTRACT,4,2.3,4,4.31,85.93,0.5,3,0,2.77,4,1,0.25,NONE,0
EMP-SYNTH-1793,Enterprise Sales,HYBRID,PART_TIME,4,8.1,4,3.8,79.71,1.0,3,2,2.6,0,0,0.0,NONE,0
EMP-SYNTH-1794,Product & Design,OFFICE,CONTRACT,1,7.4,3,2.9,54.65,-1.0,0,0,0.0,3,2,0.67,NONE,0
EMP-SYNTH-1795,Growth & Marketing,OFFICE,PART_TIME,1,8.5,3,3.41,68.1,-0.5,6,2,0.81,5,5,1.0,FREQUENT,1
EMP-SYNTH-1796,Growth & Marketing,OFFICE,FULL_TIME,7,2.1,3,2.85,55.54,1.0,1,0,0.9,5,0,0.0,FREQUENT,0
EMP-SYNTH-1797,Human Resources,HYBRID,FULL_TIME,5,2.9,3,2.56,55.29,0.5,2,2,2.06,3,1,0.33,OCCASIONAL,0
EMP-SYNTH-1798,Product & Design,OFFICE,FULL_TIME,2,1.8,3,2.85,52.29,-0.5,3,2,0.55,7,4,0.57,NONE,0
EMP-SYNTH-1799,Growth & Marketing,REMOTE,PART_TIME,7,10.9,4,3.84,78.72,0.5,2,1,0.67,3,2,0.67,OCCASIONAL,0
EMP-SYNTH-1800,Product & Design,HYBRID,CONTRACT,1,9.7,4,4.13,83.45,0.0,0,0,0.0,7,4,0.57,OCCASIONAL,0
EMP-SYNTH-1801,Product & Design,REMOTE,PART_TIME,4,8.4,4,4.42,87.58,0.0,1,0,1.25,3,1,0.33,OCCASIONAL,0
EMP-SYNTH-1802,Human Resources,OFFICE,PART_TIME,6,10.1,3,2.92,60.62,1.0,1,1,0.77,1,0,0.0,OCCASIONAL,0
EMP-SYNTH-1803,Engineering,HYBRID,CONTRACT,9,1.9,5,5.0,98.92,-1.0,4,0,1.27,3,0,0.0,FREQUENT,1
EMP-SYNTH-1804,Human Resources,HYBRID,PART_TIME,6,11.4,3,2.99,55.39,0.0,0,0,0.0,8,2,0.25,NONE,0
EMP-SYNTH-1805,Enterprise Sales,REMOTE,FULL_TIME,2,11.4,5,4.72,97.22,0.5,4,0,0.93,5,0,0.0,FREQUENT,0
EMP-SYNTH-1806,Human Resources,REMOTE,PART_TIME,4,5.1,3,3.36,63.65,-0.5,6,1,0.32,4,1,0.25,OCCASIONAL,1
EMP-SYNTH-1807,Product & Design,REMOTE,CONTRACT,7,5.9,4,3.56,73.38,0.0,4,0,2.25,4,1,0.25,NONE,0
EMP-SYNTH-1808,Product & Design,OFFICE,CONTRACT,10,4.8,5,4.58,86.98,1.0,6,1,1.99,7,7,1.0,NONE,0
EMP-SYNTH-1809,Engineering,REMOTE,FULL_TIME,7,2.2,3,3.45,73.36,0.5,1,1,2.71,5,0,0.0,OCCASIONAL,0
EMP-SYNTH-1810,Engineering,REMOTE,FULL_TIME,10,1.5,2,2.0,37.29,0.5,1,0,0.29,8,3,0.38,OCCASIONAL,0
EMP-SYNTH-1811,Growth & Marketing,OFFICE,CONTRACT,8,3.0,3,3.28,61.74,-1.0,2,0,1.69,7,7,1.0,NONE,0
EMP-SYNTH-1812,Growth & Marketing,HYBRID,PART_TIME,2,4.8,2,1.75,33.18,-1.0,6,1,0.02,6,5,0.83,FREQUENT,1
EMP-SYNTH-1813,Human Resources,HYBRID,CONTRACT,9,7.5,4,4.24,82.9,0.0,0,0,0.0,5,4,0.8,OCCASIONAL,0
EMP-SYNTH-1814,Human Resources,HYBRID,FULL_TIME,5,0.6,4,4.29,83.53,1.0,5,3,2.04,4,0,0.0,FREQUENT,0
EMP-SYNTH-1815,Human Resources,OFFICE,CONTRACT,9,6.3,1,1.39,31.1,1.0,1,1,0.52,0,0,0.0,NONE,0
EMP-SYNTH-1816,Engineering,OFFICE,PART_TIME,5,2.3,1,1.0,21.58,-0.5,2,0,0.52,8,3,0.38,FREQUENT,1
EMP-SYNTH-1817,Engineering,HYBRID,CONTRACT,9,1.9,4,3.91,77.35,-1.0,1,0,1.95,7,3,0.43,FREQUENT,0
EMP-SYNTH-1818,Growth & Marketing,HYBRID,PART_TIME,5,8.0,3,2.68,49.03,0.0,1,0,0.77,1,0,0.0,OCCASIONAL,0
EMP-SYNTH-1819,Engineering,REMOTE,FULL_TIME,7,3.3,3,3.37,62.68,1.0,5,2,0.31,3,3,1.0,NONE,0
EMP-SYNTH-1820,Engineering,HYBRID,FULL_TIME,10,3.5,4,3.86,81.55,0.0,4,3,0.43,6,2,0.33,OCCASIONAL,0
EMP-SYNTH-1821,Enterprise Sales,OFFICE,PART_TIME,3,5.7,3,2.74,54.26,1.0,6,0,2.06,8,8,1.0,OCCASIONAL,0
EMP-SYNTH-1822,Human Resources,HYBRID,CONTRACT,7,1.7,4,4.26,84.02,0.0,4,1,2.82,5,2,0.4,OCCASIONAL,0
EMP-SYNTH-1823,Human Resources,REMOTE,FULL_TIME,4,6.8,4,3.98,77.46,-1.0,1,0,0.65,4,3,0.75,NONE,0
EMP-SYNTH-1824,Enterprise Sales,OFFICE,CONTRACT,7,2.9,3,2.8,57.8,-1.0,6,3,1.25,1,1,1.0,NONE,1
EMP-SYNTH-1825,Engineering,REMOTE,FULL_TIME,5,6.4,2,1.9,38.32,0.0,1,1,0.79,0,0,0.0,OCCASIONAL,0
EMP-SYNTH-1826,Growth & Marketing,REMOTE,PART_TIME,9,10.9,5,4.72,94.91,-0.5,0,0,0.0,4,4,1.0,NONE,0
EMP-SYNTH-1827,Enterprise Sales,HYBRID,PART_TIME,4,5.1,3,3.34,69.46,0.5,1,0,2.34,1,0,0.0,OCCASIONAL,0
EMP-SYNTH-1828,Growth & Marketing,OFFICE,CONTRACT,2,1.0,3,2.88,61.97,-0.5,4,0,0.25,7,2,0.29,NONE,0
EMP-SYNTH-1829,Growth & Marketing,OFFICE,CONTRACT,8,1.9,2,1.59,27.94,1.0,4,3,1.96,7,5,0.71,FREQUENT,0
EMP-SYNTH-1830,Growth & Marketing,HYBRID,CONTRACT,10,6.0,3,3.11,63.44,-1.0,2,0,2.79,2,0,0.0,OCCASIONAL,0
EMP-SYNTH-1831,Engineering,OFFICE,CONTRACT,9,10.3,4,4.49,88.36,1.0,0,0,0.0,0,0,0.0,NONE,0
EMP-SYNTH-1832,Product & Design,REMOTE,FULL_TIME,2,11.9,3,2.59,52.76,0.0,6,2,1.35,2,2,1.0,OCCASIONAL,0
EMP-SYNTH-1833,Engineering,REMOTE,PART_TIME,5,7.5,3,3.41,68.27,-1.0,4,1,1.58,0,0,0.0,FREQUENT,1
EMP-SYNTH-1834,Engineering,OFFICE,FULL_TIME,1,6.2,3,2.99,56.69,1.0,5,1,0.34,3,1,0.33,OCCASIONAL,0
EMP-SYNTH-1835,Engineering,OFFICE,FULL_TIME,8,7.6,3,2.77,50.77,-1.0,2,2,1.81,0,0,0.0,OCCASIONAL,1
EMP-SYNTH-1836,Product & Design,REMOTE,PART_TIME,6,6.3,3,2.92,63.08,-0.5,5,0,0.46,4,1,0.25,FREQUENT,0
EMP-SYNTH-1837,Human Resources,OFFICE,CONTRACT,6,1.7,4,3.57,72.4,1.0,1,1,1.67,1,1,1.0,OCCASIONAL,0
EMP-SYNTH-1838,Engineering,HYBRID,FULL_TIME,4,5.2,1,1.2,22.95,0.5,4,2,1.07,1,0,0.0,FREQUENT,1
EMP-SYNTH-1839,Growth & Marketing,REMOTE,CONTRACT,4,1.6,3,3.28,66.63,-1.0,6,3,1.79,8,5,0.62,FREQUENT,1
EMP-SYNTH-1840,Product & Design,REMOTE,PART_TIME,9,5.8,4,4.41,83.52,1.0,4,1,2.11,7,7,1.0,FREQUENT,0
EMP-SYNTH-1841,Human Resources,REMOTE,PART_TIME,2,5.3,3,2.57,48.46,0.5,3,1,2.8,7,0,0.0,OCCASIONAL,0
EMP-SYNTH-1842,Human Resources,HYBRID,CONTRACT,1,8.6,2,1.63,29.32,-0.5,5,2,0.28,8,3,0.38,NONE,1
EMP-SYNTH-1843,Enterprise Sales,HYBRID,FULL_TIME,3,8.9,3,2.81,51.34,0.5,0,0,0.0,4,2,0.5,NONE,0
EMP-SYNTH-1844,Product & Design,OFFICE,PART_TIME,1,2.3,3,3.31,68.74,-1.0,5,2,1.32,5,5,1.0,NONE,1
EMP-SYNTH-1845,Engineering,HYBRID,PART_TIME,9,5.4,2,1.84,41.7,-1.0,4,2,0.31,7,5,0.71,NONE,0
EMP-SYNTH-1846,Engineering,OFFICE,CONTRACT,1,4.2,4,3.63,75.99,-1.0,5,0,1.53,2,1,0.5,NONE,0
EMP-SYNTH-1847,Engineering,OFFICE,PART_TIME,4,4.2,3,2.77,57.89,0.5,1,0,1.9,2,0,0.0,OCCASIONAL,0
EMP-SYNTH-1848,Growth & Marketing,HYBRID,CONTRACT,10,2.5,2,1.85,34.32,0.0,0,0,0.0,1,0,0.0,FREQUENT,1
EMP-SYNTH-1849,Growth & Marketing,OFFICE,PART_TIME,1,10.1,4,4.28,83.66,0.0,5,1,0.88,6,3,0.5,FREQUENT,0
EMP-SYNTH-1850,Product & Design,REMOTE,FULL_TIME,4,9.8,4,4.04,78.1,-0.5,2,0,1.42,1,1,1.0,OCCASIONAL,0
EMP-SYNTH-1851,Growth & Marketing,REMOTE,PART_TIME,1,6.3,4,3.86,75.08,0.0,1,0,1.15,2,2,1.0,OCCASIONAL,0
EMP-SYNTH-1852,Human Resources,REMOTE,FULL_TIME,10,10.4,2,2.26,45.79,0.5,6,2,1.83,7,0,0.0,NONE,1
EMP-SYNTH-1853,Growth & Marketing,REMOTE,PART_TIME,7,3.8,3,3.1,65.4,0.0,3,2,0.13,7,1,0.14,FREQUENT,1
EMP-SYNTH-1854,Growth & Marketing,HYBRID,CONTRACT,5,2.1,3,2.96,63.55,0.0,5,3,2.0,8,6,0.75,OCCASIONAL,0
EMP-SYNTH-1855,Enterprise Sales,HYBRID,PART_TIME,10,7.2,3,2.91,54.26,1.0,6,0,2.62,6,4,0.67,NONE,0
EMP-SYNTH-1856,Enterprise Sales,OFFICE,FULL_TIME,1,11.6,3,3.02,63.36,1.0,3,0,1.01,7,5,0.71,OCCASIONAL,0
EMP-SYNTH-1857,Enterprise Sales,HYBRID,CONTRACT,1,8.0,2,2.23,43.82,-1.0,5,0,1.15,4,2,0.5,FREQUENT,1
EMP-SYNTH-1858,Human Resources,REMOTE,PART_TIME,4,11.7,3,3.39,72.63,0.5,4,2,0.06,4,2,0.5,NONE,0
EMP-SYNTH-1859,Product & Design,REMOTE,CONTRACT,10,9.6,3,2.84,52.26,1.0,5,2,2.7,8,6,0.75,NONE,0
EMP-SYNTH-1860,Growth & Marketing,OFFICE,CONTRACT,8,1.9,5,5.0,98.3,1.0,6,1,1.62,7,6,0.86,FREQUENT,0
EMP-SYNTH-1861,Human Resources,REMOTE,CONTRACT,9,11.9,2,1.91,40.76,0.5,5,2,1.72,6,6,1.0,FREQUENT,1
EMP-SYNTH-1862,Human Resources,REMOTE,PART_TIME,6,3.0,4,3.58,74.3,-0.5,3,3,1.8,1,0,0.0,NONE,0
EMP-SYNTH-1863,Product & Design,HYBRID,PART_TIME,6,2.2,4,4.21,83.8,0.5,3,3,0.15,3,3,1.0,OCCASIONAL,0
EMP-SYNTH-1864,Human Resources,HYBRID,CONTRACT,4,3.4,4,3.71,75.15,0.0,4,3,2.24,3,1,0.33,NONE,0
EMP-SYNTH-1865,Growth & Marketing,OFFICE,PART_TIME,3,2.8,3,3.18,59.49,1.0,6,0,1.35,3,0,0.0,OCCASIONAL,0
EMP-SYNTH-1866,Enterprise Sales,REMOTE,CONTRACT,3,8.3,4,3.89,82.23,0.0,4,2,2.09,8,8,1.0,FREQUENT,0
EMP-SYNTH-1867,Enterprise Sales,REMOTE,CONTRACT,8,11.6,4,4.11,84.04,1.0,1,1,2.52,5,1,0.2,FREQUENT,0
EMP-SYNTH-1868,Enterprise Sales,REMOTE,FULL_TIME,4,6.0,3,3.06,59.01,0.0,6,1,0.07,7,6,0.86,OCCASIONAL,0
EMP-SYNTH-1869,Product & Design,OFFICE,CONTRACT,10,5.6,2,1.59,29.97,0.0,6,1,1.96,3,0,0.0,FREQUENT,1
EMP-SYNTH-1870,Engineering,HYBRID,CONTRACT,1,9.7,3,2.86,57.26,-0.5,5,2,2.17,5,1,0.2,FREQUENT,1
EMP-SYNTH-1871,Product & Design,HYBRID,PART_TIME,7,4.7,3,2.68,50.6,1.0,1,1,1.29,0,0,0.0,NONE,0
EMP-SYNTH-1872,Growth & Marketing,HYBRID,FULL_TIME,2,1.2,3,2.81,61.1,1.0,2,1,0.23,8,6,0.75,OCCASIONAL,0
EMP-SYNTH-1873,Engineering,OFFICE,PART_TIME,2,8.4,3,2.72,59.02,0.0,3,3,0.23,4,3,0.75,OCCASIONAL,0
EMP-SYNTH-1874,Enterprise Sales,HYBRID,CONTRACT,1,3.7,3,3.08,60.6,1.0,6,3,1.64,2,2,1.0,FREQUENT,0
EMP-SYNTH-1875,Engineering,HYBRID,CONTRACT,3,4.7,3,3.1,60.75,0.5,5,0,0.83,2,2,1.0,NONE,0
EMP-SYNTH-1876,Human Resources,HYBRID,PART_TIME,3,6.2,5,5.0,98.16,0.0,5,1,1.87,6,1,0.17,NONE,0
EMP-SYNTH-1877,Engineering,REMOTE,FULL_TIME,6,1.3,4,4.03,79.36,0.0,3,2,1.35,3,1,0.33,FREQUENT,0
EMP-SYNTH-1878,Enterprise Sales,HYBRID,PART_TIME,9,4.4,3,2.8,54.02,-0.5,0,0,0.0,5,4,0.8,OCCASIONAL,0
EMP-SYNTH-1879,Product & Design,OFFICE,FULL_TIME,3,11.0,3,3.0,61.45,0.0,0,0,0.0,6,2,0.33,OCCASIONAL,0
EMP-SYNTH-1880,Engineering,OFFICE,CONTRACT,2,6.3,2,1.64,32.94,-0.5,2,1,2.32,8,1,0.12,OCCASIONAL,1
EMP-SYNTH-1881,Human Resources,HYBRID,PART_TIME,9,4.7,2,1.62,32.9,0.0,2,2,2.42,0,0,0.0,FREQUENT,1
EMP-SYNTH-1882,Engineering,OFFICE,PART_TIME,7,4.3,4,4.34,91.53,-1.0,3,3,1.04,2,0,0.0,FREQUENT,1
EMP-SYNTH-1883,Human Resources,OFFICE,PART_TIME,4,4.1,4,4.07,81.88,1.0,6,0,2.2,3,0,0.0,OCCASIONAL,0
EMP-SYNTH-1884,Human Resources,HYBRID,PART_TIME,3,4.1,2,2.19,47.56,0.5,3,1,2.93,0,0,0.0,NONE,0
EMP-SYNTH-1885,Engineering,HYBRID,CONTRACT,3,5.9,2,1.59,27.67,1.0,3,0,0.59,1,1,1.0,FREQUENT,0
EMP-SYNTH-1886,Engineering,OFFICE,CONTRACT,4,0.9,2,1.81,31.3,0.0,4,0,2.02,1,0,0.0,FREQUENT,1
EMP-SYNTH-1887,Enterprise Sales,REMOTE,PART_TIME,9,4.0,4,3.82,75.47,1.0,3,1,2.25,4,2,0.5,OCCASIONAL,0
EMP-SYNTH-1888,Human Resources,HYBRID,PART_TIME,2,2.1,5,5.0,100.98,0.0,1,0,1.25,1,0,0.0,NONE,0
EMP-SYNTH-1889,Enterprise Sales,OFFICE,PART_TIME,7,11.8,3,3.12,57.57,1.0,5,1,0.48,4,1,0.25,FREQUENT,1
EMP-SYNTH-1890,Enterprise Sales,HYBRID,FULL_TIME,3,8.4,4,4.0,84.28,0.0,1,1,2.51,6,1,0.17,NONE,0
EMP-SYNTH-1891,Growth & Marketing,OFFICE,PART_TIME,5,6.2,4,4.21,86.66,-1.0,2,2,0.69,5,3,0.6,NONE,0
EMP-SYNTH-1892,Enterprise Sales,OFFICE,PART_TIME,4,2.3,1,1.46,30.81,0.0,4,2,1.85,2,1,0.5,NONE,0
EMP-SYNTH-1893,Growth & Marketing,REMOTE,FULL_TIME,3,7.5,2,1.83,40.61,-1.0,2,2,2.99,0,0,0.0,FREQUENT,1
EMP-SYNTH-1894,Enterprise Sales,OFFICE,CONTRACT,9,0.8,4,4.33,84.22,0.0,6,2,2.54,7,4,0.57,OCCASIONAL,0
EMP-SYNTH-1895,Enterprise Sales,HYBRID,PART_TIME,6,1.0,3,2.76,51.03,0.5,5,2,1.31,4,1,0.25,NONE,1
EMP-SYNTH-1896,Product & Design,REMOTE,FULL_TIME,4,6.4,3,3.01,60.3,1.0,3,2,1.28,3,0,0.0,NONE,1
EMP-SYNTH-1897,Enterprise Sales,HYBRID,FULL_TIME,7,7.9,4,3.64,73.72,-1.0,0,0,0.0,8,6,0.75,NONE,0
EMP-SYNTH-1898,Growth & Marketing,REMOTE,PART_TIME,8,10.9,2,2.08,36.75,0.5,0,0,0.0,5,0,0.0,FREQUENT,0
EMP-SYNTH-1899,Product & Design,HYBRID,PART_TIME,6,8.9,3,3.45,69.7,0.0,0,0,0.0,4,3,0.75,FREQUENT,0
EMP-SYNTH-1900,Human Resources,REMOTE,CONTRACT,3,6.9,3,3.38,72.17,0.0,3,1,1.92,5,5,1.0,NONE,0
EMP-SYNTH-1901,Human Resources,HYBRID,PART_TIME,7,6.2,4,3.76,75.31,0.5,3,3,2.5,5,3,0.6,FREQUENT,0
EMP-SYNTH-1902,Human Resources,REMOTE,PART_TIME,9,8.1,4,3.66,77.26,1.0,4,0,2.28,1,0,0.0,NONE,0
EMP-SYNTH-1903,Human Resources,REMOTE,FULL_TIME,1,5.5,3,2.84,57.15,0.0,5,3,1.45,6,5,0.83,OCCASIONAL,0
EMP-SYNTH-1904,Enterprise Sales,REMOTE,CONTRACT,9,3.0,5,5.0,100.75,0.5,3,2,0.44,3,2,0.67,FREQUENT,0
EMP-SYNTH-1905,Human Resources,OFFICE,CONTRACT,6,10.8,4,4.21,85.2,-0.5,4,3,0.82,7,4,0.57,NONE,1
EMP-SYNTH-1906,Product & Design,HYBRID,CONTRACT,3,5.4,3,2.62,54.88,-1.0,6,3,1.27,5,1,0.2,OCCASIONAL,1
EMP-SYNTH-1907,Growth & Marketing,REMOTE,CONTRACT,6,1.3,3,3.14,60.91,-1.0,4,3,1.32,6,1,0.17,FREQUENT,1
EMP-SYNTH-1908,Growth & Marketing,OFFICE,CONTRACT,9,9.9,2,1.61,35.04,-1.0,0,0,0.0,7,2,0.29,NONE,1
EMP-SYNTH-1909,Product & Design,OFFICE,FULL_TIME,9,3.7,3,3.25,63.05,1.0,4,1,1.44,6,4,0.67,NONE,0
EMP-SYNTH-1910,Product & Design,REMOTE,PART_TIME,1,11.5,4,4.37,92.11,0.0,0,0,0.0,3,2,0.67,FREQUENT,0
EMP-SYNTH-1911,Engineering,OFFICE,CONTRACT,4,5.5,3,3.29,66.07,0.0,5,3,0.31,5,2,0.4,OCCASIONAL,0
EMP-SYNTH-1912,Product & Design,OFFICE,PART_TIME,3,10.8,1,1.39,27.65,0.0,5,3,1.9,2,1,0.5,NONE,1
EMP-SYNTH-1913,Engineering,HYBRID,CONTRACT,4,5.0,4,4.29,87.04,-1.0,0,0,0.0,8,5,0.62,OCCASIONAL,0
EMP-SYNTH-1914,Human Resources,HYBRID,CONTRACT,1,2.5,2,2.38,46.17,0.0,5,1,1.67,0,0,0.0,OCCASIONAL,1
EMP-SYNTH-1915,Product & Design,REMOTE,PART_TIME,3,1.5,2,1.68,31.2,0.5,2,1,1.43,8,4,0.5,OCCASIONAL,0
EMP-SYNTH-1916,Growth & Marketing,HYBRID,FULL_TIME,8,10.0,2,2.28,46.23,0.5,0,0,0.0,7,7,1.0,OCCASIONAL,0
EMP-SYNTH-1917,Product & Design,OFFICE,FULL_TIME,10,8.3,3,2.6,50.07,-0.5,2,0,2.02,6,2,0.33,FREQUENT,0
EMP-SYNTH-1918,Human Resources,HYBRID,PART_TIME,6,8.1,3,2.94,58.14,0.0,6,2,1.75,0,0,0.0,NONE,0
EMP-SYNTH-1919,Product & Design,REMOTE,CONTRACT,10,3.5,4,3.71,77.55,-0.5,6,3,1.61,7,1,0.14,OCCASIONAL,1
EMP-SYNTH-1920,Human Resources,OFFICE,PART_TIME,1,10.0,3,3.11,66.18,0.0,3,1,0.9,1,1,1.0,NONE,0
EMP-SYNTH-1921,Product & Design,HYBRID,CONTRACT,8,1.9,2,1.55,27.23,0.0,5,2,1.39,3,2,0.67,FREQUENT,1
EMP-SYNTH-1922,Engineering,HYBRID,CONTRACT,9,6.1,2,2.44,48.48,0.5,2,1,0.76,3,2,0.67,OCCASIONAL,0
EMP-SYNTH-1923,Enterprise Sales,REMOTE,FULL_TIME,7,6.6,4,3.87,74.54,1.0,2,0,0.71,2,2,1.0,OCCASIONAL,0
EMP-SYNTH-1924,Engineering,HYBRID,PART_TIME,10,9.5,4,3.99,80.78,0.0,2,2,0.29,6,3,0.5,NONE,0
EMP-SYNTH-1925,Human Resources,HYBRID,CONTRACT,2,9.4,3,2.74,57.22,1.0,6,2,1.33,4,0,0.0,OCCASIONAL,1
EMP-SYNTH-1926,Growth & Marketing,REMOTE,PART_TIME,2,3.4,5,5.0,99.89,1.0,1,1,0.37,5,5,1.0,OCCASIONAL,0
EMP-SYNTH-1927,Growth & Marketing,REMOTE,FULL_TIME,9,8.7,3,2.78,57.74,0.0,0,0,0.0,7,0,0.0,NONE,0
EMP-SYNTH-1928,Engineering,OFFICE,CONTRACT,6,7.6,1,1.35,29.58,0.0,5,0,2.82,7,4,0.57,FREQUENT,1
EMP-SYNTH-1929,Engineering,REMOTE,PART_TIME,7,8.6,2,2.03,38.74,-1.0,3,1,0.33,5,4,0.8,NONE,0
EMP-SYNTH-1930,Growth & Marketing,REMOTE,CONTRACT,7,8.3,3,2.7,53.28,-0.5,2,2,2.39,8,6,0.75,NONE,0
EMP-SYNTH-1931,Enterprise Sales,OFFICE,CONTRACT,3,2.0,3,2.77,51.25,-0.5,1,1,2.46,3,0,0.0,NONE,0
EMP-SYNTH-1932,Enterprise Sales,REMOTE,FULL_TIME,8,7.8,5,4.73,93.65,1.0,1,1,1.44,6,3,0.5,NONE,0
EMP-SYNTH-1933,Product & Design,HYBRID,FULL_TIME,4,8.6,4,4.39,82.91,-1.0,3,1,2.41,6,6,1.0,OCCASIONAL,0
EMP-SYNTH-1934,Engineering,HYBRID,FULL_TIME,6,2.6,5,4.92,102.37,0.0,6,2,2.12,1,0,0.0,FREQUENT,0
EMP-SYNTH-1935,Growth & Marketing,REMOTE,CONTRACT,10,1.7,4,4.17,87.97,-0.5,0,0,0.0,2,1,0.5,NONE,0
EMP-SYNTH-1936,Engineering,HYBRID,CONTRACT,9,7.0,5,5.0,103.1,0.0,3,2,1.35,4,2,0.5,OCCASIONAL,0
EMP-SYNTH-1937,Product & Design,HYBRID,FULL_TIME,3,4.8,4,3.78,79.85,-1.0,4,0,2.39,8,5,0.62,NONE,0
EMP-SYNTH-1938,Human Resources,HYBRID,FULL_TIME,6,2.2,3,3.33,68.03,-1.0,5,1,1.33,6,4,0.67,OCCASIONAL,1
EMP-SYNTH-1939,Engineering,HYBRID,CONTRACT,8,11.3,3,3.17,60.06,-1.0,2,2,1.57,3,1,0.33,OCCASIONAL,1
EMP-SYNTH-1940,Engineering,OFFICE,FULL_TIME,8,2.4,3,2.89,54.76,0.5,3,3,2.76,7,7,1.0,NONE,0
EMP-SYNTH-1941,Growth & Marketing,OFFICE,CONTRACT,8,5.5,5,4.74,94.45,-0.5,5,2,0.01,6,5,0.83,OCCASIONAL,0
EMP-SYNTH-1942,Enterprise Sales,OFFICE,FULL_TIME,8,2.2,3,3.02,60.56,0.5,0,0,0.0,1,1,1.0,FREQUENT,0
EMP-SYNTH-1943,Human Resources,OFFICE,FULL_TIME,3,5.0,3,2.83,55.61,0.5,3,3,0.9,1,1,1.0,NONE,0
EMP-SYNTH-1944,Human Resources,HYBRID,PART_TIME,1,4.9,5,5.0,100.69,0.5,5,3,1.94,3,2,0.67,NONE,0
EMP-SYNTH-1945,Product & Design,HYBRID,FULL_TIME,10,5.7,2,2.05,43.37,0.0,4,0,0.56,8,2,0.25,FREQUENT,0
EMP-SYNTH-1946,Enterprise Sales,REMOTE,FULL_TIME,2,11.5,5,4.57,88.89,0.0,5,1,2.34,5,1,0.2,OCCASIONAL,1
EMP-SYNTH-1947,Engineering,OFFICE,FULL_TIME,2,5.4,4,4.26,85.7,0.5,3,2,2.38,8,0,0.0,NONE,1
EMP-SYNTH-1948,Human Resources,OFFICE,CONTRACT,9,3.2,3,2.8,57.82,0.5,5,0,0.01,5,3,0.6,NONE,0
EMP-SYNTH-1949,Product & Design,OFFICE,CONTRACT,5,4.4,3,3.07,64.11,1.0,2,0,0.08,2,2,1.0,NONE,0
EMP-SYNTH-1950,Engineering,OFFICE,PART_TIME,4,2.7,3,2.87,61.92,0.5,5,3,1.7,0,0,0.0,OCCASIONAL,1
EMP-SYNTH-1951,Growth & Marketing,REMOTE,FULL_TIME,8,11.2,2,1.99,35.07,-1.0,2,1,1.5,0,0,0.0,NONE,1
EMP-SYNTH-1952,Enterprise Sales,OFFICE,CONTRACT,2,11.6,3,3.31,68.81,1.0,4,2,0.63,7,6,0.86,FREQUENT,0
EMP-SYNTH-1953,Product & Design,OFFICE,PART_TIME,8,9.3,3,2.96,60.87,-1.0,0,0,0.0,4,1,0.25,OCCASIONAL,0
EMP-SYNTH-1954,Growth & Marketing,HYBRID,CONTRACT,4,10.2,4,3.97,76.76,-0.5,1,0,0.79,6,5,0.83,FREQUENT,1
EMP-SYNTH-1955,Enterprise Sales,REMOTE,CONTRACT,5,11.9,3,3.28,63.62,0.0,4,0,1.76,7,3,0.43,NONE,0
EMP-SYNTH-1956,Enterprise Sales,OFFICE,CONTRACT,5,2.4,2,2.09,45.29,0.0,6,2,2.41,6,6,1.0,NONE,0
EMP-SYNTH-1957,Engineering,OFFICE,FULL_TIME,8,11.5,3,2.89,61.61,0.0,2,2,2.23,6,2,0.33,OCCASIONAL,0
EMP-SYNTH-1958,Enterprise Sales,OFFICE,FULL_TIME,7,8.4,3,3.01,57.88,1.0,0,0,0.0,0,0,0.0,FREQUENT,0
EMP-SYNTH-1959,Enterprise Sales,HYBRID,CONTRACT,7,0.6,3,3.22,66.69,-0.5,6,3,0.2,8,2,0.25,OCCASIONAL,1
EMP-SYNTH-1960,Growth & Marketing,REMOTE,CONTRACT,8,5.5,3,2.54,52.34,0.5,4,3,0.43,3,3,1.0,OCCASIONAL,0
EMP-SYNTH-1961,Growth & Marketing,OFFICE,PART_TIME,8,1.3,4,3.56,70.58,-0.5,2,0,0.39,6,1,0.17,NONE,0
EMP-SYNTH-1962,Growth & Marketing,HYBRID,FULL_TIME,5,2.8,3,3.18,66.36,-1.0,6,1,0.65,3,2,0.67,OCCASIONAL,0
EMP-SYNTH-1963,Enterprise Sales,OFFICE,CONTRACT,1,10.1,5,4.88,102.45,0.0,5,1,2.04,0,0,0.0,FREQUENT,0
EMP-SYNTH-1964,Product & Design,REMOTE,PART_TIME,7,4.2,2,1.81,32.57,0.0,1,1,2.15,0,0,0.0,OCCASIONAL,1
EMP-SYNTH-1965,Product & Design,REMOTE,PART_TIME,9,4.4,3,3.28,64.01,-1.0,0,0,0.0,4,1,0.25,OCCASIONAL,0
EMP-SYNTH-1966,Human Resources,HYBRID,FULL_TIME,6,3.3,3,3.26,63.23,-0.5,2,1,2.4,7,6,0.86,FREQUENT,0
EMP-SYNTH-1967,Growth & Marketing,HYBRID,CONTRACT,9,5.1,4,3.54,73.02,-0.5,1,0,0.75,1,1,1.0,NONE,0
EMP-SYNTH-1968,Product & Design,HYBRID,CONTRACT,7,11.1,5,5.0,101.62,0.5,6,3,1.7,7,2,0.29,FREQUENT,0
EMP-SYNTH-1969,Enterprise Sales,OFFICE,PART_TIME,2,3.4,2,1.81,34.82,0.0,1,0,1.42,6,2,0.33,OCCASIONAL,0
EMP-SYNTH-1970,Human Resources,OFFICE,PART_TIME,9,6.3,3,2.52,46.19,-1.0,1,1,0.94,1,0,0.0,NONE,1
EMP-SYNTH-1971,Human Resources,HYBRID,FULL_TIME,1,1.4,4,3.86,75.87,0.0,0,0,0.0,4,4,1.0,OCCASIONAL,0
EMP-SYNTH-1972,Engineering,OFFICE,CONTRACT,7,5.3,4,3.82,78.8,-1.0,2,0,1.22,7,4,0.57,OCCASIONAL,0
EMP-SYNTH-1973,Human Resources,OFFICE,FULL_TIME,7,1.1,3,3.27,63.32,0.5,6,1,0.6,5,4,0.8,OCCASIONAL,0
EMP-SYNTH-1974,Growth & Marketing,OFFICE,CONTRACT,9,8.6,1,1.0,15.88,0.0,2,1,2.93,2,0,0.0,NONE,1
EMP-SYNTH-1975,Enterprise Sales,REMOTE,FULL_TIME,5,9.0,3,3.0,56.0,1.0,3,0,0.29,0,0,0.0,FREQUENT,0
EMP-SYNTH-1976,Enterprise Sales,HYBRID,FULL_TIME,1,7.6,3,3.07,56.86,0.5,1,1,0.38,3,1,0.33,FREQUENT,0
EMP-SYNTH-1977,Enterprise Sales,OFFICE,CONTRACT,10,7.9,2,1.98,38.0,-0.5,4,0,1.03,5,2,0.4,NONE,1
EMP-SYNTH-1978,Growth & Marketing,HYBRID,CONTRACT,2,3.7,2,1.52,33.28,0.0,6,3,0.91,1,1,1.0,NONE,1
EMP-SYNTH-1979,Product & Design,HYBRID,CONTRACT,4,7.2,2,1.63,33.61,0.5,4,1,2.08,2,1,0.5,FREQUENT,0
EMP-SYNTH-1980,Enterprise Sales,HYBRID,CONTRACT,4,9.2,4,4.21,83.81,-0.5,6,2,0.89,4,1,0.25,FREQUENT,1
EMP-SYNTH-1981,Product & Design,REMOTE,PART_TIME,8,6.5,2,2.47,48.16,0.0,0,0,0.0,6,6,1.0,FREQUENT,1
EMP-SYNTH-1982,Growth & Marketing,HYBRID,PART_TIME,1,10.1,4,4.07,84.03,-0.5,2,2,1.94,4,1,0.25,OCCASIONAL,1
EMP-SYNTH-1983,Enterprise Sales,HYBRID,CONTRACT,1,7.7,4,4.07,76.49,-1.0,3,2,1.45,7,6,0.86,NONE,0
EMP-SYNTH-1984,Enterprise Sales,HYBRID,PART_TIME,3,1.9,3,2.65,48.33,0.0,6,1,0.16,1,1,1.0,FREQUENT,0
EMP-SYNTH-1985,Engineering,OFFICE,PART_TIME,6,2.2,3,3.44,64.94,0.0,1,0,1.19,1,1,1.0,OCCASIONAL,0
EMP-SYNTH-1986,Growth & Marketing,OFFICE,FULL_TIME,2,6.5,2,2.11,39.43,0.0,4,2,1.35,4,1,0.25,NONE,1
EMP-SYNTH-1987,Growth & Marketing,HYBRID,PART_TIME,4,10.1,5,5.0,98.23,0.0,5,3,2.73,7,7,1.0,NONE,0
EMP-SYNTH-1988,Growth & Marketing,OFFICE,FULL_TIME,3,5.5,5,5.0,99.65,-0.5,3,2,0.03,3,1,0.33,FREQUENT,1
EMP-SYNTH-1989,Growth & Marketing,OFFICE,PART_TIME,1,8.6,4,3.93,82.02,0.0,0,0,0.0,4,1,0.25,OCCASIONAL,0
EMP-SYNTH-1990,Product & Design,REMOTE,CONTRACT,1,8.7,3,3.14,59.05,0.5,3,1,2.17,0,0,0.0,OCCASIONAL,0
EMP-SYNTH-1991,Product & Design,REMOTE,PART_TIME,4,7.7,3,2.73,55.35,0.5,0,0,0.0,5,1,0.2,FREQUENT,0
EMP-SYNTH-1992,Human Resources,HYBRID,CONTRACT,3,6.4,3,2.72,53.97,-0.5,6,0,2.68,3,0,0.0,OCCASIONAL,0
EMP-SYNTH-1993,Human Resources,REMOTE,CONTRACT,4,7.7,4,3.71,71.01,-0.5,3,2,0.3,2,0,0.0,OCCASIONAL,1
EMP-SYNTH-1994,Engineering,HYBRID,PART_TIME,9,4.8,4,3.96,74.75,-0.5,2,0,0.97,1,1,1.0,NONE,0
EMP-SYNTH-1995,Human Resources,OFFICE,FULL_TIME,6,1.6,1,1.21,22.86,0.0,2,2,2.58,0,0,0.0,FREQUENT,1
EMP-SYNTH-1996,Human Resources,OFFICE,PART_TIME,5,11.4,3,2.57,52.34,-0.5,2,1,2.57,2,1,0.5,NONE,0
EMP-SYNTH-1997,Growth & Marketing,OFFICE,CONTRACT,9,1.4,2,1.75,39.77,0.0,0,0,0.0,3,2,0.67,FREQUENT,1
EMP-SYNTH-1998,Engineering,HYBRID,PART_TIME,8,1.8,4,4.36,85.34,0.0,0,0,0.0,6,6,1.0,NONE,0
EMP-SYNTH-1999,Human Resources,HYBRID,PART_TIME,3,11.8,3,2.52,53.24,-1.0,5,3,0.4,1,1,1.0,FREQUENT,1
EMP-SYNTH-2000,Engineering,OFFICE,CONTRACT,7,11.3,3,2.79,51.35,0.5,4,3,1.5,5,5,1.0,FREQUENT,0
EMP-SYNTH-2001,Enterprise Sales,HYBRID,CONTRACT,8,10.6,3,3.19,65.73,0.0,0,0,0.0,0,0,0.0,NONE,0
EMP-SYNTH-2002,Enterprise Sales,HYBRID,FULL_TIME,1,8.9,3,2.99,59.93,0.5,4,0,1.61,3,0,0.0,OCCASIONAL,0
EMP-SYNTH-2003,Enterprise Sales,HYBRID,FULL_TIME,7,11.3,3,2.61,56.87,0.0,5,2,0.27,5,3,0.6,FREQUENT,1
EMP-SYNTH-2004,Engineering,HYBRID,PART_TIME,7,4.3,3,3.06,63.79,0.0,3,1,1.57,0,0,0.0,NONE,0
EMP-SYNTH-2005,Enterprise Sales,OFFICE,FULL_TIME,9,1.8,4,4.36,86.67,1.0,1,1,0.63,6,2,0.33,NONE,0
EMP-SYNTH-2006,Engineering,HYBRID,FULL_TIME,1,9.3,4,4.45,89.2,0.5,4,2,0.31,4,2,0.5,OCCASIONAL,0
EMP-SYNTH-2007,Growth & Marketing,HYBRID,FULL_TIME,7,5.8,2,1.89,35.43,-1.0,3,3,1.58,6,3,0.5,OCCASIONAL,1
EMP-SYNTH-2008,Enterprise Sales,OFFICE,FULL_TIME,7,4.0,3,2.85,58.08,0.0,6,3,0.62,4,1,0.25,NONE,1
EMP-SYNTH-2009,Growth & Marketing,OFFICE,PART_TIME,8,2.9,5,4.52,85.72,0.0,4,2,1.29,3,1,0.33,OCCASIONAL,0
EMP-SYNTH-2010,Human Resources,OFFICE,PART_TIME,4,1.6,3,3.06,57.28,-0.5,6,3,0.32,4,4,1.0,OCCASIONAL,0
EMP-SYNTH-2011,Human Resources,OFFICE,FULL_TIME,3,3.5,2,2.45,53.55,0.0,2,1,0.07,0,0,0.0,OCCASIONAL,1
EMP-SYNTH-2012,Engineering,HYBRID,PART_TIME,10,11.1,4,4.07,81.36,1.0,3,1,1.56,7,2,0.29,OCCASIONAL,0
EMP-SYNTH-2013,Enterprise Sales,OFFICE,CONTRACT,4,0.7,4,4.27,82.89,-0.5,6,0,0.08,1,1,1.0,NONE,0
EMP-SYNTH-2014,Growth & Marketing,OFFICE,FULL_TIME,8,8.5,4,3.61,77.12,0.5,5,3,0.94,4,3,0.75,OCCASIONAL,0
EMP-SYNTH-2015,Human Resources,HYBRID,PART_TIME,8,8.5,3,3.02,63.38,-0.5,1,1,0.47,5,5,1.0,OCCASIONAL,0
EMP-SYNTH-2016,Human Resources,OFFICE,FULL_TIME,4,10.8,3,2.87,59.84,0.0,6,0,0.55,1,1,1.0,FREQUENT,0
EMP-SYNTH-2017,Growth & Marketing,HYBRID,FULL_TIME,5,1.7,3,3.13,65.32,0.5,0,0,0.0,1,1,1.0,OCCASIONAL,0
EMP-SYNTH-2018,Engineering,OFFICE,FULL_TIME,10,2.0,3,2.79,53.55,1.0,4,0,1.75,6,6,1.0,NONE,0
EMP-SYNTH-2019,Enterprise Sales,OFFICE,CONTRACT,3,5.9,4,4.33,89.7,0.0,2,1,0.47,2,0,0.0,OCCASIONAL,0
EMP-SYNTH-2020,Growth & Marketing,HYBRID,CONTRACT,4,8.8,3,2.96,58.82,0.0,2,0,0.68,1,0,0.0,FREQUENT,0
EMP-SYNTH-2021,Engineering,HYBRID,FULL_TIME,7,8.3,4,4.31,90.4,-1.0,4,1,2.01,6,0,0.0,OCCASIONAL,1
EMP-SYNTH-2022,Engineering,HYBRID,PART_TIME,2,10.1,4,4.3,87.16,1.0,2,1,2.87,2,1,0.5,FREQUENT,0
EMP-SYNTH-2023,Enterprise Sales,REMOTE,PART_TIME,9,8.2,3,2.56,46.65,0.0,0,0,0.0,1,0,0.0,NONE,0
EMP-SYNTH-2024,Growth & Marketing,HYBRID,FULL_TIME,5,0.6,5,5.0,101.97,-0.5,1,1,1.91,7,0,0.0,OCCASIONAL,0
EMP-SYNTH-2025,Product & Design,REMOTE,FULL_TIME,9,4.7,1,1.24,27.72,0.0,3,0,0.89,8,7,0.88,FREQUENT,0
EMP-SYNTH-2026,Engineering,REMOTE,CONTRACT,7,3.6,3,3.45,65.52,0.0,5,3,1.8,0,0,0.0,FREQUENT,1
EMP-SYNTH-2027,Product & Design,OFFICE,FULL_TIME,4,10.4,5,4.77,96.58,0.5,4,3,0.01,3,1,0.33,FREQUENT,0
EMP-SYNTH-2028,Growth & Marketing,REMOTE,FULL_TIME,3,9.9,3,2.8,51.04,0.0,0,0,0.0,2,1,0.5,OCCASIONAL,0
EMP-SYNTH-2029,Product & Design,OFFICE,FULL_TIME,9,1.0,3,3.45,66.41,1.0,6,0,0.24,8,6,0.75,FREQUENT,0
EMP-SYNTH-2030,Engineering,OFFICE,CONTRACT,4,5.1,3,2.79,51.41,0.0,2,2,1.2,4,4,1.0,OCCASIONAL,0
EMP-SYNTH-2031,Growth & Marketing,HYBRID,PART_TIME,5,6.4,3,2.97,63.38,-0.5,3,0,0.08,0,0,0.0,OCCASIONAL,0
EMP-SYNTH-2032,Enterprise Sales,OFFICE,PART_TIME,8,4.1,5,5.0,103.09,-1.0,3,0,0.33,1,1,1.0,NONE,0
EMP-SYNTH-2033,Growth & Marketing,HYBRID,CONTRACT,1,11.9,3,2.52,54.62,0.0,2,1,0.26,5,2,0.4,FREQUENT,0
EMP-SYNTH-2034,Human Resources,OFFICE,PART_TIME,9,4.0,3,2.91,60.21,0.0,2,0,0.69,1,1,1.0,FREQUENT,0
EMP-SYNTH-2035,Engineering,OFFICE,PART_TIME,4,4.6,5,5.0,102.57,0.0,4,1,1.15,6,2,0.33,NONE,0
EMP-SYNTH-2036,Growth & Marketing,REMOTE,PART_TIME,8,3.2,5,4.72,95.08,0.0,6,3,2.08,2,1,0.5,FREQUENT,0
EMP-SYNTH-2037,Enterprise Sales,HYBRID,PART_TIME,3,11.2,2,2.25,45.6,0.0,6,3,2.57,3,1,0.33,OCCASIONAL,0
EMP-SYNTH-2038,Enterprise Sales,HYBRID,FULL_TIME,5,8.6,5,5.0,97.73,-0.5,6,0,2.68,7,6,0.86,OCCASIONAL,0
EMP-SYNTH-2039,Engineering,REMOTE,FULL_TIME,6,4.7,4,3.98,76.89,0.0,3,1,0.36,1,1,1.0,NONE,0
EMP-SYNTH-2040,Growth & Marketing,HYBRID,PART_TIME,4,11.2,3,2.76,53.22,-0.5,6,3,0.05,4,2,0.5,OCCASIONAL,1
EMP-SYNTH-2041,Enterprise Sales,OFFICE,FULL_TIME,10,8.7,3,2.63,54.56,-1.0,5,3,1.19,2,1,0.5,OCCASIONAL,1
EMP-SYNTH-2042,Engineering,REMOTE,FULL_TIME,10,11.1,3,2.55,46.48,-1.0,6,0,2.0,0,0,0.0,OCCASIONAL,1
EMP-SYNTH-2043,Enterprise Sales,OFFICE,CONTRACT,2,10.2,3,3.06,64.08,1.0,4,0,0.42,1,0,0.0,NONE,0
EMP-SYNTH-2044,Growth & Marketing,OFFICE,PART_TIME,4,6.6,3,3.47,72.72,0.5,0,0,0.0,7,2,0.29,NONE,0
EMP-SYNTH-2045,Human Resources,OFFICE,FULL_TIME,5,8.2,3,2.99,63.69,0.0,5,1,1.88,6,6,1.0,OCCASIONAL,0
EMP-SYNTH-2046,Engineering,HYBRID,FULL_TIME,3,11.9,4,4.03,76.96,-0.5,0,0,0.0,3,0,0.0,FREQUENT,1
EMP-SYNTH-2047,Enterprise Sales,REMOTE,FULL_TIME,8,4.9,4,4.13,84.78,-1.0,1,0,1.24,1,1,1.0,FREQUENT,0
EMP-SYNTH-2048,Product & Design,HYBRID,PART_TIME,10,1.3,4,3.93,73.75,-0.5,1,0,2.34,1,0,0.0,FREQUENT,1
EMP-SYNTH-2049,Human Resources,REMOTE,FULL_TIME,9,2.2,4,4.31,89.25,-1.0,1,1,2.66,3,3,1.0,FREQUENT,0
EMP-SYNTH-2050,Growth & Marketing,REMOTE,FULL_TIME,3,4.1,5,4.91,95.77,0.0,5,2,2.28,3,3,1.0,FREQUENT,0
EMP-SYNTH-2051,Growth & Marketing,REMOTE,PART_TIME,2,10.5,4,3.57,74.23,-0.5,1,0,1.28,0,0,0.0,OCCASIONAL,0
EMP-SYNTH-2052,Product & Design,REMOTE,PART_TIME,6,7.3,4,4.19,86.51,0.0,5,1,2.34,8,7,0.88,FREQUENT,0
EMP-SYNTH-2053,Engineering,OFFICE,CONTRACT,10,1.6,2,2.21,41.86,0.0,1,1,0.5,6,1,0.17,FREQUENT,1
EMP-SYNTH-2054,Engineering,OFFICE,FULL_TIME,4,4.2,3,3.04,55.87,0.5,2,1,1.97,7,7,1.0,NONE,0
EMP-SYNTH-2055,Enterprise Sales,HYBRID,FULL_TIME,10,10.1,5,5.0,98.16,0.0,0,0,0.0,4,3,0.75,OCCASIONAL,0
EMP-SYNTH-2056,Enterprise Sales,HYBRID,FULL_TIME,7,11.6,3,2.72,54.68,-0.5,2,1,2.87,7,6,0.86,NONE,0
EMP-SYNTH-2057,Engineering,OFFICE,CONTRACT,9,3.9,4,3.71,69.51,-1.0,4,0,1.08,3,0,0.0,FREQUENT,1
EMP-SYNTH-2058,Growth & Marketing,OFFICE,PART_TIME,5,11.9,3,3.01,57.43,-0.5,6,0,0.12,7,3,0.43,NONE,0
EMP-SYNTH-2059,Human Resources,HYBRID,CONTRACT,4,8.7,5,5.0,97.91,0.0,1,0,0.01,2,0,0.0,NONE,0
EMP-SYNTH-2060,Growth & Marketing,REMOTE,FULL_TIME,9,5.9,4,3.57,73.22,-0.5,3,3,2.29,3,3,1.0,OCCASIONAL,0
EMP-SYNTH-2061,Engineering,OFFICE,PART_TIME,6,4.6,2,2.21,39.38,0.0,0,0,0.0,8,1,0.12,FREQUENT,1
EMP-SYNTH-2062,Product & Design,HYBRID,FULL_TIME,3,5.4,2,2.19,38.93,0.0,0,0,0.0,2,0,0.0,NONE,0
EMP-SYNTH-2063,Product & Design,OFFICE,FULL_TIME,9,3.2,4,3.69,71.52,-0.5,6,2,0.59,7,5,0.71,NONE,0
EMP-SYNTH-2064,Growth & Marketing,OFFICE,PART_TIME,1,10.4,2,1.92,37.36,-1.0,3,3,1.84,8,7,0.88,FREQUENT,1
EMP-SYNTH-2065,Product & Design,OFFICE,FULL_TIME,4,10.4,3,2.78,53.13,-1.0,3,0,1.31,4,4,1.0,OCCASIONAL,1
EMP-SYNTH-2066,Product & Design,REMOTE,PART_TIME,6,6.9,2,2.23,40.55,0.0,2,0,1.74,6,6,1.0,FREQUENT,0
EMP-SYNTH-2067,Human Resources,HYBRID,FULL_TIME,10,2.0,2,1.86,35.38,-1.0,5,3,1.85,6,0,0.0,FREQUENT,1
EMP-SYNTH-2068,Product & Design,OFFICE,PART_TIME,6,4.8,4,4.2,80.33,0.5,0,0,0.0,8,8,1.0,NONE,0
EMP-SYNTH-2069,Enterprise Sales,HYBRID,CONTRACT,5,3.2,5,5.0,104.55,1.0,2,1,2.99,2,1,0.5,FREQUENT,0
EMP-SYNTH-2070,Product & Design,OFFICE,FULL_TIME,2,1.8,3,2.66,51.45,0.5,5,3,2.5,7,7,1.0,FREQUENT,0
EMP-SYNTH-2071,Growth & Marketing,HYBRID,PART_TIME,3,5.1,3,3.48,67.36,0.5,0,0,0.0,0,0,0.0,OCCASIONAL,0
EMP-SYNTH-2072,Growth & Marketing,OFFICE,PART_TIME,10,5.9,4,3.93,81.59,0.0,6,1,0.53,3,2,0.67,FREQUENT,0
EMP-SYNTH-2073,Product & Design,HYBRID,CONTRACT,6,7.4,2,1.83,39.53,0.5,3,3,0.96,7,1,0.14,NONE,1
EMP-SYNTH-2074,Growth & Marketing,HYBRID,FULL_TIME,1,8.6,4,3.97,84.12,0.0,6,2,0.98,1,0,0.0,OCCASIONAL,0
EMP-SYNTH-2075,Engineering,HYBRID,PART_TIME,6,11.6,3,3.41,63.59,-1.0,2,2,2.79,2,0,0.0,NONE,1
EMP-SYNTH-2076,Growth & Marketing,HYBRID,CONTRACT,1,0.6,3,2.77,54.73,1.0,0,0,0.0,8,8,1.0,FREQUENT,0
EMP-SYNTH-2077,Growth & Marketing,HYBRID,FULL_TIME,1,8.4,5,4.78,99.63,1.0,0,0,0.0,7,2,0.29,OCCASIONAL,0
EMP-SYNTH-2078,Product & Design,HYBRID,CONTRACT,1,11.0,4,3.72,74.61,0.0,5,2,2.65,2,2,1.0,OCCASIONAL,0
EMP-SYNTH-2079,Growth & Marketing,HYBRID,PART_TIME,7,6.4,2,2.27,42.98,-0.5,4,3,1.19,3,0,0.0,FREQUENT,1
EMP-SYNTH-2080,Engineering,REMOTE,FULL_TIME,8,7.3,4,4.48,93.1,1.0,5,2,2.35,5,3,0.6,FREQUENT,0
EMP-SYNTH-2081,Product & Design,REMOTE,CONTRACT,2,10.3,1,1.0,24.06,-0.5,5,3,0.41,5,2,0.4,FREQUENT,1
EMP-SYNTH-2082,Product & Design,HYBRID,FULL_TIME,7,0.9,4,3.76,73.61,1.0,4,1,2.76,8,5,0.62,FREQUENT,0
EMP-SYNTH-2083,Growth & Marketing,HYBRID,FULL_TIME,8,9.8,4,4.07,80.69,0.5,6,2,1.35,3,3,1.0,OCCASIONAL,0
EMP-SYNTH-2084,Growth & Marketing,OFFICE,CONTRACT,8,6.6,5,4.72,92.47,-1.0,3,1,0.17,7,1,0.14,FREQUENT,1
EMP-SYNTH-2085,Enterprise Sales,REMOTE,CONTRACT,2,10.6,4,4.36,85.36,-1.0,5,0,1.48,8,3,0.38,OCCASIONAL,0
EMP-SYNTH-2086,Human Resources,HYBRID,PART_TIME,9,4.2,1,1.4,27.09,0.5,4,2,0.39,8,5,0.62,FREQUENT,1
EMP-SYNTH-2087,Engineering,HYBRID,FULL_TIME,4,1.5,5,4.64,96.01,0.0,2,0,0.48,3,2,0.67,FREQUENT,0
EMP-SYNTH-2088,Engineering,REMOTE,PART_TIME,8,2.3,3,2.55,47.4,-0.5,1,1,1.45,1,1,1.0,OCCASIONAL,0
EMP-SYNTH-2089,Growth & Marketing,REMOTE,FULL_TIME,10,3.3,3,2.87,59.35,-1.0,1,0,0.12,1,1,1.0,OCCASIONAL,0
EMP-SYNTH-2090,Product & Design,REMOTE,CONTRACT,10,3.7,3,2.89,60.46,-1.0,4,1,2.78,1,0,0.0,OCCASIONAL,1
EMP-SYNTH-2091,Engineering,REMOTE,CONTRACT,1,5.5,3,3.41,64.89,-0.5,4,1,1.97,0,0,0.0,OCCASIONAL,1
EMP-SYNTH-2092,Product & Design,OFFICE,PART_TIME,1,11.3,3,2.82,60.8,0.5,2,0,0.38,6,1,0.17,FREQUENT,0
EMP-SYNTH-2093,Product & Design,REMOTE,FULL_TIME,8,6.2,4,4.11,83.92,-0.5,1,0,1.46,3,0,0.0,OCCASIONAL,0
EMP-SYNTH-2094,Engineering,HYBRID,FULL_TIME,4,5.1,3,3.16,66.4,-0.5,3,0,0.55,2,0,0.0,NONE,0
EMP-SYNTH-2095,Growth & Marketing,REMOTE,CONTRACT,6,8.3,3,2.96,60.25,0.0,5,3,0.07,1,1,1.0,FREQUENT,0
EMP-SYNTH-2096,Human Resources,HYBRID,FULL_TIME,5,4.1,1,1.0,19.76,-0.5,0,0,0.0,2,2,1.0,NONE,0
EMP-SYNTH-2097,Growth & Marketing,HYBRID,FULL_TIME,4,9.2,4,4.09,83.15,-1.0,5,1,1.73,6,6,1.0,FREQUENT,0
EMP-SYNTH-2098,Product & Design,OFFICE,FULL_TIME,8,1.5,2,1.92,42.06,0.5,1,0,1.53,7,7,1.0,FREQUENT,0
EMP-SYNTH-2099,Product & Design,OFFICE,CONTRACT,1,4.1,4,3.82,78.75,0.5,3,1,2.67,2,0,0.0,OCCASIONAL,0
EMP-SYNTH-2100,Growth & Marketing,HYBRID,PART_TIME,1,11.5,5,4.67,98.16,0.5,0,0,0.0,4,3,0.75,FREQUENT,0
EMP-SYNTH-2101,Enterprise Sales,REMOTE,PART_TIME,10,4.2,4,3.77,74.48,0.5,3,0,1.94,4,3,0.75,NONE,0
EMP-SYNTH-2102,Product & Design,OFFICE,CONTRACT,8,3.0,3,3.19,63.49,0.5,4,2,0.04,0,0,0.0,OCCASIONAL,0
EMP-SYNTH-2103,Product & Design,REMOTE,CONTRACT,8,9.4,2,1.93,35.02,0.5,4,3,2.86,2,2,1.0,OCCASIONAL,0
EMP-SYNTH-2104,Growth & Marketing,OFFICE,PART_TIME,3,10.8,4,3.57,72.84,0.0,2,0,1.31,0,0,0.0,NONE,0
EMP-SYNTH-2105,Enterprise Sales,OFFICE,PART_TIME,9,11.3,1,1.0,22.17,0.5,4,0,2.38,1,1,1.0,OCCASIONAL,0
EMP-SYNTH-2106,Growth & Marketing,REMOTE,PART_TIME,2,2.2,3,2.69,50.03,-0.5,6,2,0.4,5,1,0.2,OCCASIONAL,1
EMP-SYNTH-2107,Product & Design,OFFICE,CONTRACT,1,1.5,4,4.48,90.16,0.0,4,0,1.57,0,0,0.0,OCCASIONAL,0
EMP-SYNTH-2108,Enterprise Sales,REMOTE,FULL_TIME,6,2.5,3,3.15,65.25,-1.0,3,2,0.17,3,1,0.33,OCCASIONAL,0
EMP-SYNTH-2109,Growth & Marketing,HYBRID,CONTRACT,8,7.4,3,2.65,57.12,0.0,0,0,0.0,5,0,0.0,NONE,0
EMP-SYNTH-2110,Engineering,OFFICE,PART_TIME,8,1.1,2,2.06,39.82,1.0,1,0,1.12,2,1,0.5,FREQUENT,1
EMP-SYNTH-2111,Product & Design,HYBRID,CONTRACT,3,8.4,5,4.73,96.43,-0.5,0,0,0.0,0,0,0.0,FREQUENT,1
EMP-SYNTH-2112,Growth & Marketing,HYBRID,CONTRACT,5,8.0,4,4.15,86.6,0.0,5,1,2.6,6,2,0.33,FREQUENT,0
EMP-SYNTH-2113,Enterprise Sales,HYBRID,CONTRACT,5,10.1,2,1.65,34.63,1.0,4,2,2.01,2,0,0.0,OCCASIONAL,1
EMP-SYNTH-2114,Product & Design,HYBRID,FULL_TIME,8,3.9,5,5.0,103.51,-1.0,1,0,1.38,3,3,1.0,OCCASIONAL,0
EMP-SYNTH-2115,Enterprise Sales,HYBRID,PART_TIME,10,5.6,3,3.24,68.81,-1.0,6,2,1.03,1,1,1.0,OCCASIONAL,0
EMP-SYNTH-2116,Product & Design,HYBRID,CONTRACT,10,8.8,3,2.58,49.33,0.5,0,0,0.0,3,2,0.67,FREQUENT,0
EMP-SYNTH-2117,Enterprise Sales,OFFICE,CONTRACT,1,8.2,3,2.77,50.67,0.5,4,3,0.63,4,2,0.5,NONE,0
EMP-SYNTH-2118,Growth & Marketing,OFFICE,FULL_TIME,2,1.5,5,5.0,100.18,1.0,6,0,2.89,4,3,0.75,FREQUENT,1
EMP-SYNTH-2119,Enterprise Sales,HYBRID,PART_TIME,9,8.2,4,4.1,85.19,-1.0,1,1,2.48,6,0,0.0,FREQUENT,1
EMP-SYNTH-2120,Enterprise Sales,HYBRID,PART_TIME,4,8.0,4,4.35,82.08,-1.0,1,0,1.97,6,2,0.33,NONE,0
EMP-SYNTH-2121,Product & Design,HYBRID,CONTRACT,3,0.6,4,3.8,79.26,0.5,4,3,2.76,8,1,0.12,FREQUENT,0
EMP-SYNTH-2122,Product & Design,REMOTE,PART_TIME,5,7.5,3,2.95,57.87,0.0,1,0,2.81,1,1,1.0,FREQUENT,0
EMP-SYNTH-2123,Growth & Marketing,REMOTE,PART_TIME,8,11.8,4,3.58,70.9,0.0,1,1,1.01,0,0,0.0,OCCASIONAL,0
EMP-SYNTH-2124,Human Resources,REMOTE,CONTRACT,7,7.6,3,3.15,62.55,0.5,4,3,2.82,5,2,0.4,OCCASIONAL,0
EMP-SYNTH-2125,Product & Design,HYBRID,CONTRACT,8,9.2,5,4.74,89.84,0.5,1,0,1.25,0,0,0.0,FREQUENT,0
EMP-SYNTH-2126,Product & Design,HYBRID,FULL_TIME,10,2.9,3,2.75,56.03,-1.0,1,1,2.52,8,4,0.5,OCCASIONAL,0
EMP-SYNTH-2127,Enterprise Sales,HYBRID,FULL_TIME,7,8.8,4,3.91,82.41,-1.0,2,1,1.66,6,1,0.17,FREQUENT,1
EMP-SYNTH-2128,Engineering,REMOTE,FULL_TIME,7,4.4,3,2.53,48.76,-0.5,0,0,0.0,0,0,0.0,FREQUENT,1
EMP-SYNTH-2129,Human Resources,REMOTE,PART_TIME,5,3.3,2,2.34,51.4,-0.5,6,3,0.2,6,5,0.83,FREQUENT,1
EMP-SYNTH-2130,Product & Design,REMOTE,FULL_TIME,2,9.7,2,2.13,39.7,1.0,0,0,0.0,8,2,0.25,FREQUENT,1
EMP-SYNTH-2131,Enterprise Sales,HYBRID,FULL_TIME,7,5.3,3,3.38,66.07,0.5,2,2,1.2,3,2,0.67,OCCASIONAL,0
EMP-SYNTH-2132,Engineering,HYBRID,FULL_TIME,3,7.7,3,3.02,58.79,-1.0,1,1,1.3,0,0,0.0,FREQUENT,1
EMP-SYNTH-2133,Product & Design,REMOTE,PART_TIME,10,6.5,3,3.04,64.71,1.0,6,2,1.35,0,0,0.0,NONE,0
EMP-SYNTH-2134,Human Resources,HYBRID,FULL_TIME,10,6.7,4,3.96,82.13,-0.5,1,0,2.75,3,3,1.0,OCCASIONAL,0
EMP-SYNTH-2135,Growth & Marketing,REMOTE,CONTRACT,3,9.6,5,5.0,100.45,-0.5,3,2,0.56,2,2,1.0,OCCASIONAL,0
EMP-SYNTH-2136,Human Resources,OFFICE,FULL_TIME,9,11.9,3,3.06,64.51,0.0,0,0,0.0,6,1,0.17,FREQUENT,0
EMP-SYNTH-2137,Growth & Marketing,OFFICE,FULL_TIME,5,7.8,3,3.37,69.97,1.0,5,2,1.44,5,3,0.6,NONE,0
EMP-SYNTH-2138,Enterprise Sales,REMOTE,PART_TIME,1,1.1,3,2.84,55.36,0.5,3,1,0.18,2,1,0.5,NONE,0
EMP-SYNTH-2139,Human Resources,OFFICE,PART_TIME,6,9.9,4,4.42,83.63,1.0,1,1,0.13,2,1,0.5,OCCASIONAL,0
EMP-SYNTH-2140,Growth & Marketing,HYBRID,PART_TIME,4,11.8,4,4.39,92.63,1.0,0,0,0.0,1,0,0.0,OCCASIONAL,0
EMP-SYNTH-2141,Enterprise Sales,HYBRID,PART_TIME,2,4.6,3,3.14,66.44,0.0,6,3,0.7,6,6,1.0,OCCASIONAL,0
EMP-SYNTH-2142,Product & Design,HYBRID,PART_TIME,5,9.1,3,3.25,62.07,1.0,1,0,2.89,2,1,0.5,FREQUENT,0
EMP-SYNTH-2143,Growth & Marketing,REMOTE,CONTRACT,9,5.9,4,3.53,72.19,0.0,1,0,2.03,4,2,0.5,FREQUENT,0
EMP-SYNTH-2144,Product & Design,OFFICE,CONTRACT,5,0.9,3,3.14,63.75,-0.5,0,0,0.0,2,2,1.0,NONE,0
EMP-SYNTH-2145,Human Resources,OFFICE,PART_TIME,9,0.8,2,2.22,44.45,-1.0,6,3,0.43,3,1,0.33,OCCASIONAL,1
EMP-SYNTH-2146,Product & Design,HYBRID,FULL_TIME,1,6.7,1,1.0,23.19,-0.5,3,2,2.51,3,2,0.67,OCCASIONAL,1
EMP-SYNTH-2147,Enterprise Sales,OFFICE,FULL_TIME,8,6.1,3,2.96,64.18,0.0,2,2,1.29,5,3,0.6,FREQUENT,1
EMP-SYNTH-2148,Product & Design,REMOTE,CONTRACT,6,7.0,4,3.87,76.08,0.0,2,2,0.72,6,1,0.17,FREQUENT,0
EMP-SYNTH-2149,Engineering,REMOTE,FULL_TIME,5,6.4,4,4.46,87.06,-1.0,4,1,1.87,2,2,1.0,OCCASIONAL,0
EMP-SYNTH-2150,Product & Design,OFFICE,FULL_TIME,8,10.8,4,4.15,83.01,-1.0,3,2,0.29,1,0,0.0,NONE,1
EMP-SYNTH-2151,Product & Design,REMOTE,CONTRACT,5,8.7,3,2.56,48.25,1.0,1,1,1.89,4,3,0.75,NONE,0
EMP-SYNTH-2152,Growth & Marketing,OFFICE,CONTRACT,1,2.7,4,4.18,81.02,1.0,0,0,0.0,4,2,0.5,NONE,0
EMP-SYNTH-2153,Human Resources,HYBRID,FULL_TIME,7,3.2,4,4.29,81.02,0.0,0,0,0.0,1,0,0.0,OCCASIONAL,0
EMP-SYNTH-2154,Product & Design,REMOTE,PART_TIME,6,7.2,2,1.53,34.85,0.0,4,2,0.27,3,1,0.33,OCCASIONAL,0
EMP-SYNTH-2155,Product & Design,REMOTE,FULL_TIME,2,6.9,3,3.45,71.82,-0.5,6,2,2.22,3,2,0.67,FREQUENT,1
EMP-SYNTH-2156,Human Resources,OFFICE,PART_TIME,10,5.5,2,1.96,39.67,-1.0,1,1,0.72,2,0,0.0,NONE,1
EMP-SYNTH-2157,Human Resources,OFFICE,FULL_TIME,10,1.5,4,3.7,69.84,-0.5,0,0,0.0,4,4,1.0,OCCASIONAL,0
EMP-SYNTH-2158,Growth & Marketing,HYBRID,FULL_TIME,9,6.8,3,2.57,50.2,0.0,2,1,0.47,1,0,0.0,FREQUENT,0
EMP-SYNTH-2159,Growth & Marketing,HYBRID,FULL_TIME,9,2.3,4,3.69,72.73,0.5,5,1,0.28,2,0,0.0,OCCASIONAL,0
EMP-SYNTH-2160,Enterprise Sales,OFFICE,CONTRACT,2,11.0,2,2.36,44.38,0.5,4,0,1.86,8,7,0.88,OCCASIONAL,0
EMP-SYNTH-2161,Engineering,REMOTE,FULL_TIME,2,3.3,3,2.66,55.83,-0.5,2,1,1.78,6,0,0.0,OCCASIONAL,1
EMP-SYNTH-2162,Enterprise Sales,REMOTE,CONTRACT,1,10.0,3,2.85,59.03,0.0,5,3,0.46,1,1,1.0,FREQUENT,0
EMP-SYNTH-2163,Human Resources,OFFICE,CONTRACT,1,10.1,4,4.46,89.24,-1.0,0,0,0.0,5,5,1.0,OCCASIONAL,1
EMP-SYNTH-2164,Human Resources,HYBRID,PART_TIME,7,10.4,3,2.92,62.1,-1.0,0,0,0.0,4,3,0.75,FREQUENT,1
EMP-SYNTH-2165,Enterprise Sales,REMOTE,PART_TIME,10,3.3,4,4.49,87.28,1.0,3,0,0.09,1,1,1.0,FREQUENT,0
EMP-SYNTH-2166,Growth & Marketing,REMOTE,FULL_TIME,5,8.0,3,2.7,50.83,0.0,1,0,2.4,6,2,0.33,FREQUENT,0
EMP-SYNTH-2167,Enterprise Sales,REMOTE,CONTRACT,9,8.5,3,3.12,63.91,-0.5,3,2,1.8,0,0,0.0,NONE,1
EMP-SYNTH-2168,Product & Design,HYBRID,PART_TIME,3,8.4,3,2.84,54.54,0.0,6,0,0.63,1,1,1.0,NONE,0
EMP-SYNTH-2169,Human Resources,REMOTE,PART_TIME,3,9.5,3,3.0,60.61,-0.5,4,3,0.59,3,1,0.33,NONE,1
EMP-SYNTH-2170,Human Resources,REMOTE,CONTRACT,8,4.7,3,2.92,61.4,0.5,3,3,2.83,4,0,0.0,OCCASIONAL,0
EMP-SYNTH-2171,Human Resources,REMOTE,FULL_TIME,3,0.9,3,2.96,57.65,-0.5,4,3,1.44,0,0,0.0,OCCASIONAL,1
EMP-SYNTH-2172,Growth & Marketing,OFFICE,FULL_TIME,5,3.4,2,1.94,39.24,1.0,2,2,0.64,6,0,0.0,NONE,1
EMP-SYNTH-2173,Enterprise Sales,HYBRID,CONTRACT,2,1.7,3,2.53,47.58,0.0,0,0,0.0,8,2,0.25,OCCASIONAL,0
EMP-SYNTH-2174,Product & Design,REMOTE,CONTRACT,5,4.9,3,2.76,57.62,0.5,1,1,1.52,4,1,0.25,OCCASIONAL,0
EMP-SYNTH-2175,Enterprise Sales,OFFICE,CONTRACT,1,2.8,4,4.18,84.92,0.0,2,1,2.54,5,5,1.0,OCCASIONAL,0
EMP-SYNTH-2176,Human Resources,OFFICE,FULL_TIME,2,7.4,3,3.48,66.12,-0.5,1,1,2.4,7,4,0.57,FREQUENT,0
EMP-SYNTH-2177,Human Resources,HYBRID,FULL_TIME,8,9.1,4,3.89,78.1,0.5,2,2,2.36,0,0,0.0,FREQUENT,0
EMP-SYNTH-2178,Growth & Marketing,OFFICE,CONTRACT,1,9.5,4,3.59,73.63,0.0,0,0,0.0,1,0,0.0,OCCASIONAL,0
EMP-SYNTH-2179,Product & Design,OFFICE,FULL_TIME,5,9.9,4,4.06,78.09,1.0,3,3,0.1,6,1,0.17,OCCASIONAL,0
EMP-SYNTH-2180,Growth & Marketing,REMOTE,PART_TIME,2,4.0,2,2.45,46.55,0.5,5,3,1.28,5,2,0.4,NONE,0
EMP-SYNTH-2181,Engineering,HYBRID,PART_TIME,8,10.2,4,3.85,76.35,0.0,2,0,1.5,0,0,0.0,OCCASIONAL,0
EMP-SYNTH-2182,Engineering,HYBRID,CONTRACT,4,3.6,3,3.16,61.05,0.0,4,1,0.7,1,1,1.0,FREQUENT,0
EMP-SYNTH-2183,Human Resources,HYBRID,FULL_TIME,3,5.4,5,5.0,99.86,-1.0,5,0,0.16,7,0,0.0,OCCASIONAL,0
EMP-SYNTH-2184,Human Resources,HYBRID,PART_TIME,10,3.8,4,3.95,83.52,1.0,5,1,0.12,4,4,1.0,OCCASIONAL,0
EMP-SYNTH-2185,Growth & Marketing,REMOTE,FULL_TIME,5,2.5,4,4.14,86.7,-0.5,2,2,1.05,2,2,1.0,NONE,0
EMP-SYNTH-2186,Growth & Marketing,REMOTE,PART_TIME,6,10.4,4,4.07,81.95,1.0,1,0,2.75,6,2,0.33,OCCASIONAL,0
EMP-SYNTH-2187,Product & Design,HYBRID,CONTRACT,8,1.6,2,2.02,36.7,1.0,5,0,2.51,7,0,0.0,FREQUENT,1
EMP-SYNTH-2188,Product & Design,OFFICE,PART_TIME,1,6.1,3,2.62,51.57,-1.0,2,1,0.77,6,5,0.83,FREQUENT,0
EMP-SYNTH-2189,Engineering,OFFICE,PART_TIME,9,3.3,4,3.96,82.2,-0.5,5,2,2.62,7,3,0.43,FREQUENT,1
EMP-SYNTH-2190,Growth & Marketing,HYBRID,CONTRACT,3,3.3,5,5.0,104.7,0.5,5,3,1.38,0,0,0.0,FREQUENT,0
EMP-SYNTH-2191,Growth & Marketing,OFFICE,PART_TIME,3,4.4,2,2.43,45.17,1.0,5,0,1.65,2,0,0.0,OCCASIONAL,0
EMP-SYNTH-2192,Engineering,HYBRID,CONTRACT,7,5.2,1,1.04,19.41,1.0,6,1,1.65,3,2,0.67,OCCASIONAL,0
EMP-SYNTH-2193,Engineering,REMOTE,CONTRACT,7,9.2,4,3.63,68.68,1.0,0,0,0.0,3,3,1.0,NONE,0
EMP-SYNTH-2194,Engineering,REMOTE,FULL_TIME,4,6.1,4,4.03,80.72,1.0,3,3,2.25,3,1,0.33,NONE,0
EMP-SYNTH-2195,Enterprise Sales,HYBRID,FULL_TIME,10,11.6,4,3.73,74.65,0.5,1,1,1.48,4,4,1.0,OCCASIONAL,0
EMP-SYNTH-2196,Human Resources,HYBRID,CONTRACT,6,1.2,3,2.79,59.43,0.0,3,2,1.32,6,3,0.5,OCCASIONAL,0
EMP-SYNTH-2197,Product & Design,HYBRID,CONTRACT,2,9.4,3,3.0,59.47,0.5,2,1,1.43,5,0,0.0,NONE,0
EMP-SYNTH-2198,Human Resources,OFFICE,FULL_TIME,3,5.5,2,2.11,46.97,-1.0,1,0,2.54,6,5,0.83,OCCASIONAL,0
EMP-SYNTH-2199,Product & Design,OFFICE,CONTRACT,8,3.1,1,1.41,30.79,0.0,6,2,2.33,0,0,0.0,NONE,1
EMP-SYNTH-2200,Product & Design,OFFICE,PART_TIME,3,3.6,3,2.98,55.82,0.0,5,1,1.45,0,0,0.0,FREQUENT,1
EMP-SYNTH-2201,Product & Design,OFFICE,CONTRACT,7,7.4,3,2.64,52.14,-0.5,2,0,0.45,5,5,1.0,OCCASIONAL,0
EMP-SYNTH-2202,Growth & Marketing,OFFICE,CONTRACT,3,10.8,4,4.31,86.17,-0.5,1,1,2.25,3,0,0.0,NONE,1
EMP-SYNTH-2203,Human Resources,OFFICE,PART_TIME,8,10.0,4,4.21,79.73,0.5,5,2,0.43,3,2,0.67,NONE,0
EMP-SYNTH-2204,Product & Design,OFFICE,FULL_TIME,4,10.7,2,1.62,33.67,0.5,1,1,1.1,1,0,0.0,OCCASIONAL,1
EMP-SYNTH-2205,Enterprise Sales,HYBRID,PART_TIME,1,3.6,3,2.6,52.24,1.0,5,2,2.26,1,1,1.0,OCCASIONAL,0
EMP-SYNTH-2206,Engineering,HYBRID,PART_TIME,7,3.9,4,3.86,75.22,1.0,1,0,1.1,8,3,0.38,OCCASIONAL,0
EMP-SYNTH-2207,Growth & Marketing,HYBRID,FULL_TIME,7,3.8,3,3.21,65.49,0.0,1,1,1.57,5,4,0.8,NONE,0
EMP-SYNTH-2208,Growth & Marketing,HYBRID,FULL_TIME,10,0.9,4,4.11,83.27,1.0,5,1,2.03,1,1,1.0,NONE,0
EMP-SYNTH-2209,Human Resources,OFFICE,FULL_TIME,10,6.4,4,4.32,85.61,0.0,6,2,2.34,0,0,0.0,OCCASIONAL,1
EMP-SYNTH-2210,Growth & Marketing,REMOTE,PART_TIME,1,5.1,3,3.49,69.74,0.0,0,0,0.0,8,6,0.75,NONE,0
EMP-SYNTH-2211,Human Resources,HYBRID,PART_TIME,6,8.8,2,2.23,41.91,0.0,1,1,0.44,7,6,0.86,NONE,0
EMP-SYNTH-2212,Growth & Marketing,REMOTE,FULL_TIME,8,3.9,3,3.49,67.08,0.5,2,2,1.01,4,0,0.0,NONE,1
EMP-SYNTH-2213,Growth & Marketing,HYBRID,CONTRACT,6,9.6,3,2.86,59.99,1.0,2,0,0.22,0,0,0.0,NONE,0
EMP-SYNTH-2214,Engineering,OFFICE,PART_TIME,3,9.0,5,5.0,98.8,0.0,1,0,1.05,6,5,0.83,OCCASIONAL,0
EMP-SYNTH-2215,Human Resources,HYBRID,PART_TIME,3,2.5,4,3.79,75.85,0.0,4,1,1.8,1,1,1.0,FREQUENT,0
EMP-SYNTH-2216,Growth & Marketing,OFFICE,FULL_TIME,10,0.6,3,2.93,60.8,1.0,0,0,0.0,3,1,0.33,OCCASIONAL,0
EMP-SYNTH-2217,Product & Design,REMOTE,CONTRACT,9,10.7,4,3.7,73.69,0.0,4,2,1.89,4,0,0.0,OCCASIONAL,1
EMP-SYNTH-2218,Growth & Marketing,HYBRID,FULL_TIME,10,2.8,2,1.91,42.35,1.0,5,2,1.92,8,1,0.12,NONE,1
EMP-SYNTH-2219,Product & Design,REMOTE,CONTRACT,4,8.7,3,3.46,72.55,0.0,3,1,2.07,3,3,1.0,FREQUENT,0
EMP-SYNTH-2220,Product & Design,OFFICE,PART_TIME,10,0.8,3,2.94,62.98,-1.0,4,1,1.33,4,3,0.75,OCCASIONAL,0
EMP-SYNTH-2221,Engineering,HYBRID,PART_TIME,9,6.3,5,4.77,98.55,0.0,0,0,0.0,8,5,0.62,FREQUENT,0
EMP-SYNTH-2222,Human Resources,HYBRID,CONTRACT,1,2.2,1,1.36,28.65,1.0,3,2,1.18,2,1,0.5,NONE,0
EMP-SYNTH-2223,Product & Design,OFFICE,CONTRACT,5,6.6,3,2.68,49.72,-1.0,5,2,1.17,3,3,1.0,NONE,1
EMP-SYNTH-2224,Human Resources,REMOTE,CONTRACT,7,7.7,3,2.5,48.0,-1.0,1,1,1.21,7,4,0.57,OCCASIONAL,0
EMP-SYNTH-2225,Enterprise Sales,HYBRID,PART_TIME,2,8.1,4,3.93,75.46,-1.0,6,2,0.13,3,3,1.0,FREQUENT,1
EMP-SYNTH-2226,Enterprise Sales,HYBRID,PART_TIME,2,7.8,5,4.54,93.68,0.0,0,0,0.0,8,3,0.38,NONE,0
EMP-SYNTH-2227,Human Resources,REMOTE,FULL_TIME,9,5.3,4,3.9,74.0,-0.5,4,2,0.95,0,0,0.0,NONE,0
EMP-SYNTH-2228,Enterprise Sales,OFFICE,PART_TIME,1,1.7,4,3.53,67.44,0.0,6,2,2.57,1,0,0.0,OCCASIONAL,0
EMP-SYNTH-2229,Growth & Marketing,OFFICE,CONTRACT,2,7.4,4,4.27,81.56,0.0,5,2,0.11,5,2,0.4,NONE,0
EMP-SYNTH-2230,Growth & Marketing,OFFICE,PART_TIME,7,6.6,2,1.93,40.2,-1.0,3,0,1.61,4,4,1.0,NONE,0
EMP-SYNTH-2231,Growth & Marketing,OFFICE,PART_TIME,3,9.1,5,5.0,104.07,0.0,0,0,0.0,1,1,1.0,NONE,0
EMP-SYNTH-2232,Human Resources,OFFICE,FULL_TIME,4,3.7,3,3.46,64.62,0.0,0,0,0.0,3,3,1.0,FREQUENT,0
EMP-SYNTH-2233,Engineering,REMOTE,CONTRACT,6,6.5,3,2.65,52.49,0.5,0,0,0.0,6,0,0.0,NONE,0
EMP-SYNTH-2234,Human Resources,REMOTE,PART_TIME,3,8.8,4,4.42,93.35,0.5,6,2,2.83,6,2,0.33,OCCASIONAL,0
EMP-SYNTH-2235,Engineering,OFFICE,FULL_TIME,2,6.9,1,1.14,23.22,-1.0,5,1,2.59,3,1,0.33,NONE,1
EMP-SYNTH-2236,Growth & Marketing,HYBRID,PART_TIME,8,7.2,5,4.56,94.08,-0.5,0,0,0.0,5,4,0.8,OCCASIONAL,0
EMP-SYNTH-2237,Growth & Marketing,HYBRID,PART_TIME,9,8.6,5,5.0,103.46,0.5,5,3,1.9,6,6,1.0,FREQUENT,0
EMP-SYNTH-2238,Engineering,REMOTE,FULL_TIME,2,1.2,4,4.34,89.73,-1.0,4,0,1.21,4,0,0.0,FREQUENT,1
EMP-SYNTH-2239,Growth & Marketing,OFFICE,CONTRACT,5,9.1,4,4.34,90.56,1.0,0,0,0.0,1,1,1.0,NONE,0
EMP-SYNTH-2240,Human Resources,REMOTE,CONTRACT,10,4.2,3,3.38,62.9,0.0,0,0,0.0,8,0,0.0,OCCASIONAL,0
EMP-SYNTH-2241,Human Resources,HYBRID,CONTRACT,5,4.4,3,3.06,63.04,1.0,4,2,1.71,0,0,0.0,OCCASIONAL,1
EMP-SYNTH-2242,Engineering,REMOTE,FULL_TIME,10,8.1,3,2.86,61.5,1.0,3,3,0.54,3,2,0.67,OCCASIONAL,1
EMP-SYNTH-2243,Enterprise Sales,REMOTE,PART_TIME,2,10.6,4,3.7,69.96,0.0,3,1,1.57,6,0,0.0,OCCASIONAL,0
EMP-SYNTH-2244,Enterprise Sales,HYBRID,CONTRACT,10,10.9,2,2.28,47.46,-0.5,4,3,2.87,1,0,0.0,OCCASIONAL,1
EMP-SYNTH-2245,Enterprise Sales,OFFICE,PART_TIME,9,5.1,1,1.0,20.97,-0.5,2,1,2.63,6,3,0.5,FREQUENT,1
EMP-SYNTH-2246,Enterprise Sales,OFFICE,CONTRACT,8,9.9,3,2.66,57.17,0.0,1,0,0.26,2,1,0.5,NONE,0
EMP-SYNTH-2247,Product & Design,OFFICE,FULL_TIME,6,2.2,4,3.89,73.14,0.5,2,2,2.51,4,4,1.0,OCCASIONAL,0
EMP-SYNTH-2248,Engineering,REMOTE,FULL_TIME,6,9.4,1,1.0,22.32,-0.5,2,0,2.3,3,0,0.0,FREQUENT,1
EMP-SYNTH-2249,Product & Design,REMOTE,CONTRACT,1,4.3,5,5.0,97.88,-0.5,1,0,0.38,1,0,0.0,FREQUENT,0
EMP-SYNTH-2250,Growth & Marketing,REMOTE,CONTRACT,4,8.8,4,3.78,77.58,-1.0,2,0,2.42,8,7,0.88,FREQUENT,0
EMP-SYNTH-2251,Human Resources,REMOTE,PART_TIME,4,8.3,4,4.38,87.42,0.5,1,1,0.14,2,0,0.0,NONE,0
EMP-SYNTH-2252,Human Resources,OFFICE,FULL_TIME,8,7.7,3,3.18,66.06,-1.0,4,0,1.96,0,0,0.0,NONE,0
EMP-SYNTH-2253,Product & Design,OFFICE,CONTRACT,6,11.9,3,3.12,65.46,-0.5,5,2,1.08,7,7,1.0,OCCASIONAL,1
EMP-SYNTH-2254,Human Resources,REMOTE,FULL_TIME,5,6.3,5,4.64,95.29,0.0,6,1,0.94,4,1,0.25,NONE,0
EMP-SYNTH-2255,Product & Design,OFFICE,CONTRACT,2,1.3,3,3.03,61.17,-0.5,4,0,0.99,3,2,0.67,OCCASIONAL,0
EMP-SYNTH-2256,Growth & Marketing,OFFICE,PART_TIME,8,2.3,5,4.94,98.53,0.0,3,0,1.6,8,8,1.0,OCCASIONAL,0
EMP-SYNTH-2257,Product & Design,REMOTE,PART_TIME,9,5.6,4,3.63,73.86,0.0,1,0,2.05,3,3,1.0,FREQUENT,0
EMP-SYNTH-2258,Product & Design,HYBRID,FULL_TIME,7,2.0,4,3.53,74.01,1.0,0,0,0.0,4,1,0.25,NONE,0
EMP-SYNTH-2259,Engineering,OFFICE,CONTRACT,2,3.7,3,2.64,55.68,0.5,3,2,1.06,7,4,0.57,OCCASIONAL,0
EMP-SYNTH-2260,Growth & Marketing,HYBRID,CONTRACT,2,9.8,4,3.86,74.47,-0.5,2,2,2.8,2,2,1.0,OCCASIONAL,0
EMP-SYNTH-2261,Growth & Marketing,REMOTE,FULL_TIME,2,0.8,1,1.0,21.33,-0.5,2,1,1.8,7,5,0.71,FREQUENT,1
EMP-SYNTH-2262,Growth & Marketing,HYBRID,CONTRACT,2,8.9,3,2.59,56.13,0.5,3,0,2.84,2,0,0.0,OCCASIONAL,0
EMP-SYNTH-2263,Growth & Marketing,HYBRID,FULL_TIME,8,7.5,3,2.94,62.98,0.5,1,1,2.71,0,0,0.0,NONE,0
EMP-SYNTH-2264,Human Resources,HYBRID,CONTRACT,5,6.9,5,4.94,96.7,-0.5,5,0,2.94,8,3,0.38,OCCASIONAL,0
EMP-SYNTH-2265,Growth & Marketing,REMOTE,CONTRACT,8,5.9,4,3.76,74.79,-0.5,3,3,1.23,5,3,0.6,NONE,1
EMP-SYNTH-2266,Enterprise Sales,HYBRID,FULL_TIME,3,10.3,3,2.65,56.65,-0.5,6,1,0.36,3,3,1.0,FREQUENT,1
EMP-SYNTH-2267,Human Resources,REMOTE,PART_TIME,5,9.3,2,1.76,38.1,0.5,1,0,2.55,4,2,0.5,FREQUENT,0
EMP-SYNTH-2268,Growth & Marketing,OFFICE,PART_TIME,1,10.9,3,3.47,64.72,0.0,4,2,2.97,1,0,0.0,NONE,0
EMP-SYNTH-2269,Product & Design,HYBRID,CONTRACT,4,12.0,3,3.23,65.38,0.5,0,0,0.0,8,4,0.5,OCCASIONAL,0
EMP-SYNTH-2270,Product & Design,OFFICE,FULL_TIME,1,10.5,4,3.97,81.22,0.0,6,0,0.92,3,3,1.0,OCCASIONAL,0
EMP-SYNTH-2271,Growth & Marketing,OFFICE,FULL_TIME,7,8.9,3,3.43,70.98,0.5,6,2,1.72,4,1,0.25,NONE,0
EMP-SYNTH-2272,Human Resources,OFFICE,FULL_TIME,7,2.7,4,3.84,76.77,0.0,3,3,1.28,7,7,1.0,OCCASIONAL,0
EMP-SYNTH-2273,Product & Design,HYBRID,FULL_TIME,6,9.6,3,2.71,56.96,-1.0,3,2,3.0,1,1,1.0,NONE,1
EMP-SYNTH-2274,Engineering,HYBRID,PART_TIME,9,9.7,2,2.29,49.35,-0.5,1,0,2.04,7,6,0.86,NONE,0
EMP-SYNTH-2275,Product & Design,OFFICE,FULL_TIME,2,1.4,3,2.61,50.28,-1.0,2,1,0.55,3,3,1.0,OCCASIONAL,0
EMP-SYNTH-2276,Engineering,REMOTE,PART_TIME,10,0.6,1,1.23,29.11,-1.0,6,3,2.33,4,3,0.75,FREQUENT,1
EMP-SYNTH-2277,Growth & Marketing,OFFICE,CONTRACT,10,7.1,2,2.48,49.41,0.5,5,0,1.14,6,3,0.5,FREQUENT,1
EMP-SYNTH-2278,Engineering,HYBRID,PART_TIME,7,1.9,4,4.26,84.78,0.0,2,0,2.02,0,0,0.0,FREQUENT,0
EMP-SYNTH-2279,Enterprise Sales,HYBRID,PART_TIME,8,11.8,4,4.41,89.4,0.0,0,0,0.0,5,5,1.0,OCCASIONAL,0
EMP-SYNTH-2280,Enterprise Sales,REMOTE,FULL_TIME,2,1.8,3,3.18,59.56,0.0,5,3,0.62,2,2,1.0,OCCASIONAL,0
EMP-SYNTH-2281,Engineering,HYBRID,CONTRACT,9,4.4,3,3.19,67.47,1.0,4,3,2.26,0,0,0.0,FREQUENT,0
EMP-SYNTH-2282,Product & Design,HYBRID,CONTRACT,8,10.4,4,4.33,84.53,-0.5,5,1,2.98,6,2,0.33,OCCASIONAL,0
EMP-SYNTH-2283,Enterprise Sales,OFFICE,FULL_TIME,7,2.8,3,3.34,68.38,0.0,4,3,2.43,4,2,0.5,FREQUENT,0
EMP-SYNTH-2284,Enterprise Sales,HYBRID,CONTRACT,10,7.8,5,5.0,98.49,1.0,6,1,0.83,7,4,0.57,OCCASIONAL,0
EMP-SYNTH-2285,Engineering,HYBRID,PART_TIME,3,3.4,4,3.74,74.75,0.5,5,0,1.68,4,4,1.0,FREQUENT,0
EMP-SYNTH-2286,Growth & Marketing,REMOTE,CONTRACT,1,3.2,4,3.85,77.54,-1.0,6,3,1.57,5,1,0.2,FREQUENT,1
EMP-SYNTH-2287,Human Resources,OFFICE,PART_TIME,9,4.8,3,2.69,56.02,-1.0,1,1,1.8,4,4,1.0,NONE,0
EMP-SYNTH-2288,Engineering,REMOTE,FULL_TIME,8,2.9,5,5.0,95.87,-1.0,5,3,0.66,4,0,0.0,OCCASIONAL,0
EMP-SYNTH-2289,Engineering,OFFICE,PART_TIME,3,5.2,3,3.37,66.92,0.5,3,1,0.61,4,3,0.75,OCCASIONAL,0
EMP-SYNTH-2290,Enterprise Sales,REMOTE,PART_TIME,1,3.3,4,4.45,93.03,-0.5,6,3,0.79,5,4,0.8,NONE,0
EMP-SYNTH-2291,Engineering,HYBRID,PART_TIME,5,9.9,2,2.38,42.81,1.0,3,3,0.13,8,1,0.12,FREQUENT,1
EMP-SYNTH-2292,Enterprise Sales,REMOTE,PART_TIME,5,7.3,3,3.07,61.09,0.5,1,0,2.59,0,0,0.0,NONE,0
EMP-SYNTH-2293,Product & Design,REMOTE,FULL_TIME,6,5.6,4,3.77,79.86,0.5,4,1,2.57,0,0,0.0,FREQUENT,0
EMP-SYNTH-2294,Human Resources,REMOTE,FULL_TIME,3,9.2,1,1.0,20.28,0.0,3,3,0.18,1,0,0.0,NONE,0
EMP-SYNTH-2295,Growth & Marketing,OFFICE,FULL_TIME,7,11.1,4,4.07,77.67,0.0,3,2,1.09,8,4,0.5,FREQUENT,0
EMP-SYNTH-2296,Human Resources,OFFICE,CONTRACT,7,11.3,3,2.83,58.53,-1.0,3,0,2.28,6,6,1.0,FREQUENT,1
EMP-SYNTH-2297,Product & Design,OFFICE,FULL_TIME,7,3.6,3,3.47,69.68,0.5,5,2,1.32,4,4,1.0,NONE,0
EMP-SYNTH-2298,Growth & Marketing,REMOTE,CONTRACT,4,5.5,4,4.16,85.1,-1.0,6,2,2.63,2,1,0.5,NONE,0
EMP-SYNTH-2299,Growth & Marketing,OFFICE,PART_TIME,1,2.7,4,4.05,84.19,-0.5,6,3,2.41,4,1,0.25,FREQUENT,1
EMP-SYNTH-2300,Growth & Marketing,REMOTE,PART_TIME,10,6.3,3,2.76,52.87,-1.0,4,2,2.99,3,0,0.0,NONE,1
EMP-SYNTH-2301,Human Resources,HYBRID,FULL_TIME,8,7.7,3,2.51,52.33,0.0,1,1,1.86,0,0,0.0,FREQUENT,0
EMP-SYNTH-2302,Engineering,OFFICE,PART_TIME,10,8.1,3,2.7,49.21,0.5,6,1,2.73,5,3,0.6,OCCASIONAL,0
EMP-SYNTH-2303,Product & Design,OFFICE,FULL_TIME,1,5.6,4,3.62,70.93,-1.0,6,1,2.05,3,1,0.33,NONE,0
EMP-SYNTH-2304,Growth & Marketing,REMOTE,FULL_TIME,2,6.9,5,4.5,87.92,-0.5,0,0,0.0,0,0,0.0,FREQUENT,1
EMP-SYNTH-2305,Human Resources,OFFICE,CONTRACT,9,10.6,4,3.53,67.98,-1.0,2,1,1.59,7,3,0.43,FREQUENT,0
EMP-SYNTH-2306,Enterprise Sales,HYBRID,CONTRACT,4,7.2,3,3.25,62.71,1.0,2,2,2.04,3,0,0.0,OCCASIONAL,1
EMP-SYNTH-2307,Engineering,HYBRID,FULL_TIME,8,2.2,4,4.26,88.9,0.0,2,0,1.76,1,1,1.0,NONE,0
EMP-SYNTH-2308,Enterprise Sales,HYBRID,CONTRACT,9,9.5,4,3.58,75.65,0.5,0,0,0.0,0,0,0.0,FREQUENT,0
EMP-SYNTH-2309,Enterprise Sales,HYBRID,PART_TIME,10,4.3,3,3.24,64.33,-1.0,5,2,0.04,4,4,1.0,FREQUENT,0
EMP-SYNTH-2310,Product & Design,HYBRID,FULL_TIME,9,7.1,4,3.79,77.92,-1.0,1,1,0.08,6,4,0.67,OCCASIONAL,0
EMP-SYNTH-2311,Product & Design,REMOTE,PART_TIME,4,4.7,3,3.01,63.79,0.5,6,1,1.99,7,7,1.0,OCCASIONAL,0
EMP-SYNTH-2312,Enterprise Sales,HYBRID,CONTRACT,8,3.6,3,2.68,51.44,1.0,0,0,0.0,3,3,1.0,NONE,0
EMP-SYNTH-2313,Product & Design,HYBRID,PART_TIME,4,6.0,3,2.54,50.73,1.0,2,1,2.68,4,4,1.0,OCCASIONAL,0
EMP-SYNTH-2314,Enterprise Sales,REMOTE,PART_TIME,2,5.5,2,2.18,42.01,0.0,5,3,0.35,5,2,0.4,FREQUENT,1
EMP-SYNTH-2315,Human Resources,REMOTE,FULL_TIME,3,9.4,3,2.76,57.54,-1.0,3,2,0.37,2,0,0.0,OCCASIONAL,1
EMP-SYNTH-2316,Product & Design,OFFICE,FULL_TIME,5,9.9,5,5.0,97.02,-1.0,3,0,0.17,4,2,0.5,OCCASIONAL,0
EMP-SYNTH-2317,Growth & Marketing,OFFICE,CONTRACT,6,4.6,5,5.0,98.64,0.0,6,1,2.87,6,4,0.67,FREQUENT,0
EMP-SYNTH-2318,Enterprise Sales,HYBRID,CONTRACT,7,6.4,3,3.28,64.16,-1.0,2,2,1.74,0,0,0.0,FREQUENT,1
EMP-SYNTH-2319,Engineering,REMOTE,FULL_TIME,2,5.9,3,2.83,56.32,0.0,6,1,0.28,7,3,0.43,NONE,0
EMP-SYNTH-2320,Engineering,HYBRID,PART_TIME,4,10.5,4,3.92,78.64,0.5,4,2,1.94,0,0,0.0,NONE,0
EMP-SYNTH-2321,Product & Design,REMOTE,PART_TIME,4,7.4,2,1.87,34.45,-1.0,1,1,0.86,0,0,0.0,FREQUENT,1
EMP-SYNTH-2322,Human Resources,HYBRID,CONTRACT,4,6.2,1,1.41,29.86,-0.5,4,3,1.56,1,0,0.0,FREQUENT,1
EMP-SYNTH-2323,Product & Design,REMOTE,CONTRACT,9,1.6,4,4.27,84.72,-0.5,5,2,2.64,2,2,1.0,NONE,0
EMP-SYNTH-2324,Engineering,OFFICE,CONTRACT,3,9.0,3,2.79,53.58,1.0,6,3,0.92,0,0,0.0,OCCASIONAL,0
EMP-SYNTH-2325,Growth & Marketing,OFFICE,PART_TIME,3,9.3,3,2.93,56.0,0.5,6,2,1.55,8,7,0.88,OCCASIONAL,0
EMP-SYNTH-2326,Growth & Marketing,HYBRID,FULL_TIME,5,5.0,3,2.59,56.12,0.0,3,1,2.95,5,1,0.2,NONE,0
EMP-SYNTH-2327,Product & Design,REMOTE,CONTRACT,7,4.1,2,2.12,37.5,-0.5,5,3,2.38,0,0,0.0,OCCASIONAL,1
EMP-SYNTH-2328,Enterprise Sales,REMOTE,PART_TIME,9,1.2,4,4.16,83.58,-0.5,4,1,0.73,2,1,0.5,OCCASIONAL,0
EMP-SYNTH-2329,Growth & Marketing,REMOTE,FULL_TIME,3,10.9,3,2.71,54.06,0.5,6,2,0.16,6,5,0.83,FREQUENT,0
EMP-SYNTH-2330,Enterprise Sales,REMOTE,PART_TIME,9,11.6,3,2.74,59.08,0.0,2,2,1.16,5,5,1.0,OCCASIONAL,0
EMP-SYNTH-2331,Enterprise Sales,HYBRID,PART_TIME,6,10.0,3,2.89,59.57,-1.0,2,1,0.2,2,1,0.5,FREQUENT,1
EMP-SYNTH-2332,Product & Design,HYBRID,CONTRACT,10,3.5,5,5.0,96.66,-1.0,2,1,0.32,6,2,0.33,NONE,0
EMP-SYNTH-2333,Product & Design,REMOTE,FULL_TIME,1,1.2,2,2.48,49.7,0.0,2,1,2.15,5,1,0.2,NONE,1
EMP-SYNTH-2334,Growth & Marketing,OFFICE,PART_TIME,9,4.5,5,4.52,88.8,0.0,5,0,0.71,5,4,0.8,OCCASIONAL,0
EMP-SYNTH-2335,Engineering,HYBRID,FULL_TIME,5,11.9,5,5.0,102.1,0.5,6,3,2.7,6,5,0.83,NONE,0
EMP-SYNTH-2336,Growth & Marketing,HYBRID,PART_TIME,1,9.5,2,1.7,29.96,0.0,0,0,0.0,7,0,0.0,NONE,0
EMP-SYNTH-2337,Product & Design,OFFICE,FULL_TIME,10,1.4,3,2.96,62.59,0.0,4,3,1.09,0,0,0.0,NONE,0
EMP-SYNTH-2338,Product & Design,HYBRID,PART_TIME,7,1.6,2,1.79,33.97,0.5,6,1,0.13,0,0,0.0,OCCASIONAL,1
EMP-SYNTH-2339,Product & Design,OFFICE,FULL_TIME,1,5.4,1,1.25,28.97,-0.5,0,0,0.0,8,7,0.88,OCCASIONAL,0
EMP-SYNTH-2340,Enterprise Sales,OFFICE,CONTRACT,8,3.3,4,3.54,68.26,0.5,1,1,0.85,1,0,0.0,OCCASIONAL,0
EMP-SYNTH-2341,Enterprise Sales,REMOTE,CONTRACT,7,10.3,2,1.7,29.86,0.0,2,1,1.53,6,6,1.0,NONE,0
EMP-SYNTH-2342,Product & Design,OFFICE,CONTRACT,8,11.3,4,4.17,82.45,0.0,5,0,0.43,5,0,0.0,NONE,0
EMP-SYNTH-2343,Engineering,REMOTE,PART_TIME,7,6.8,1,1.08,19.79,-1.0,6,0,2.91,1,0,0.0,OCCASIONAL,0
EMP-SYNTH-2344,Human Resources,OFFICE,FULL_TIME,6,9.7,2,2.3,48.6,-0.5,0,0,0.0,4,4,1.0,OCCASIONAL,1
EMP-SYNTH-2345,Growth & Marketing,HYBRID,CONTRACT,2,10.5,3,2.97,54.96,0.0,4,2,0.57,1,0,0.0,NONE,1
EMP-SYNTH-2346,Product & Design,REMOTE,PART_TIME,9,9.5,4,4.18,85.99,0.5,0,0,0.0,0,0,0.0,NONE,0
EMP-SYNTH-2347,Engineering,REMOTE,PART_TIME,5,6.8,1,1.0,15.5,-0.5,1,1,1.17,5,5,1.0,NONE,0
EMP-SYNTH-2348,Human Resources,OFFICE,CONTRACT,8,8.6,3,2.8,55.65,-1.0,0,0,0.0,1,1,1.0,OCCASIONAL,1
EMP-SYNTH-2349,Human Resources,REMOTE,CONTRACT,1,7.9,2,2.29,40.91,1.0,2,1,0.18,2,1,0.5,FREQUENT,0
EMP-SYNTH-2350,Growth & Marketing,HYBRID,FULL_TIME,4,11.1,4,4.07,81.11,0.0,5,2,1.14,1,1,1.0,OCCASIONAL,0
EMP-SYNTH-2351,Growth & Marketing,REMOTE,CONTRACT,1,4.6,2,2.45,46.37,1.0,6,1,0.09,1,0,0.0,FREQUENT,1
EMP-SYNTH-2352,Growth & Marketing,OFFICE,CONTRACT,10,9.3,2,2.22,40.14,0.5,1,1,0.86,7,0,0.0,FREQUENT,1
EMP-SYNTH-2353,Growth & Marketing,HYBRID,CONTRACT,5,1.0,3,3.22,65.69,0.0,6,1,2.94,5,4,0.8,NONE,0
EMP-SYNTH-2354,Engineering,HYBRID,CONTRACT,7,10.4,1,1.0,16.8,-1.0,3,2,1.28,2,1,0.5,NONE,1
EMP-SYNTH-2355,Growth & Marketing,HYBRID,FULL_TIME,7,0.8,2,2.43,49.92,0.0,6,0,0.36,6,4,0.67,NONE,1
EMP-SYNTH-2356,Growth & Marketing,OFFICE,CONTRACT,1,7.3,2,1.78,36.32,0.5,0,0,0.0,0,0,0.0,NONE,0
EMP-SYNTH-2357,Human Resources,REMOTE,PART_TIME,7,8.2,3,2.84,60.24,1.0,5,3,1.39,7,7,1.0,NONE,0
EMP-SYNTH-2358,Enterprise Sales,OFFICE,PART_TIME,7,6.3,4,3.6,72.63,0.0,5,3,0.92,0,0,0.0,OCCASIONAL,1
EMP-SYNTH-2359,Human Resources,HYBRID,CONTRACT,10,4.7,4,4.06,77.32,0.5,6,1,0.45,5,0,0.0,NONE,0
EMP-SYNTH-2360,Growth & Marketing,HYBRID,PART_TIME,8,9.7,4,4.28,86.7,0.0,0,0,0.0,7,5,0.71,NONE,0
EMP-SYNTH-2361,Enterprise Sales,REMOTE,PART_TIME,5,10.6,4,3.92,78.13,0.0,4,0,1.65,1,1,1.0,FREQUENT,0
EMP-SYNTH-2362,Product & Design,REMOTE,CONTRACT,10,3.2,4,4.11,83.43,1.0,2,2,1.65,3,1,0.33,OCCASIONAL,0
EMP-SYNTH-2363,Enterprise Sales,HYBRID,PART_TIME,10,5.9,2,1.85,39.73,-1.0,4,1,0.18,6,2,0.33,OCCASIONAL,1
EMP-SYNTH-2364,Enterprise Sales,REMOTE,FULL_TIME,10,1.5,3,3.09,58.69,0.0,1,0,0.64,1,0,0.0,FREQUENT,0
EMP-SYNTH-2365,Enterprise Sales,HYBRID,FULL_TIME,1,4.2,3,2.63,55.58,1.0,6,3,1.12,3,2,0.67,OCCASIONAL,0
EMP-SYNTH-2366,Engineering,OFFICE,PART_TIME,5,9.4,5,4.75,95.04,-1.0,1,0,1.21,3,2,0.67,FREQUENT,1
EMP-SYNTH-2367,Product & Design,OFFICE,CONTRACT,4,7.1,2,1.63,33.39,-1.0,3,3,1.53,5,0,0.0,NONE,1
EMP-SYNTH-2368,Enterprise Sales,REMOTE,PART_TIME,1,4.1,5,5.0,99.95,0.0,6,0,1.38,3,0,0.0,NONE,0
EMP-SYNTH-2369,Product & Design,OFFICE,CONTRACT,6,2.9,3,3.42,64.16,1.0,2,1,1.06,2,1,0.5,NONE,0
EMP-SYNTH-2370,Engineering,HYBRID,FULL_TIME,7,7.3,4,3.95,77.52,0.0,1,1,0.59,1,1,1.0,FREQUENT,0
EMP-SYNTH-2371,Enterprise Sales,REMOTE,FULL_TIME,9,6.7,3,2.9,60.59,-0.5,6,2,0.8,1,0,0.0,FREQUENT,1
EMP-SYNTH-2372,Enterprise Sales,HYBRID,PART_TIME,8,3.5,2,1.78,36.45,-1.0,0,0,0.0,8,1,0.12,FREQUENT,1
EMP-SYNTH-2373,Growth & Marketing,HYBRID,PART_TIME,7,7.5,5,5.0,97.14,-0.5,6,1,1.11,5,1,0.2,FREQUENT,1
EMP-SYNTH-2374,Engineering,OFFICE,FULL_TIME,6,8.7,1,1.0,19.58,0.0,0,0,0.0,6,2,0.33,FREQUENT,1
EMP-SYNTH-2375,Human Resources,REMOTE,FULL_TIME,5,10.1,3,2.82,55.56,-0.5,0,0,0.0,1,0,0.0,OCCASIONAL,0
EMP-SYNTH-2376,Growth & Marketing,HYBRID,PART_TIME,3,2.2,3,2.78,55.5,-1.0,6,3,0.74,4,1,0.25,OCCASIONAL,0
EMP-SYNTH-2377,Enterprise Sales,REMOTE,FULL_TIME,10,11.1,4,3.76,77.05,1.0,5,0,1.25,3,0,0.0,NONE,0
EMP-SYNTH-2378,Product & Design,OFFICE,CONTRACT,4,4.4,2,2.13,44.98,1.0,1,0,2.74,2,1,0.5,FREQUENT,1
EMP-SYNTH-2379,Engineering,REMOTE,CONTRACT,7,1.3,3,3.41,66.57,0.0,5,0,1.59,5,2,0.4,NONE,0
EMP-SYNTH-2380,Enterprise Sales,REMOTE,CONTRACT,1,2.1,3,3.44,71.8,-1.0,2,1,2.09,5,4,0.8,NONE,0
EMP-SYNTH-2381,Enterprise Sales,HYBRID,PART_TIME,2,8.2,4,4.05,81.66,1.0,2,0,2.21,4,4,1.0,NONE,0
EMP-SYNTH-2382,Engineering,HYBRID,PART_TIME,2,8.0,2,2.08,42.68,0.5,0,0,0.0,1,1,1.0,NONE,0
EMP-SYNTH-2383,Engineering,OFFICE,PART_TIME,6,8.5,3,3.08,58.5,-1.0,2,0,1.24,2,0,0.0,NONE,1
EMP-SYNTH-2384,Engineering,OFFICE,CONTRACT,5,10.7,2,2.12,42.46,0.0,5,2,1.31,8,8,1.0,FREQUENT,0
EMP-SYNTH-2385,Enterprise Sales,REMOTE,CONTRACT,10,3.9,2,2.04,40.43,0.5,0,0,0.0,6,3,0.5,FREQUENT,0
EMP-SYNTH-2386,Engineering,REMOTE,CONTRACT,5,8.5,3,3.5,74.67,-0.5,6,1,2.16,8,0,0.0,NONE,1
EMP-SYNTH-2387,Engineering,OFFICE,FULL_TIME,9,4.1,2,1.6,31.03,0.5,6,1,2.66,3,2,0.67,NONE,0
EMP-SYNTH-2388,Engineering,HYBRID,FULL_TIME,3,10.6,4,4.42,87.35,0.0,3,0,1.89,2,0,0.0,NONE,0
EMP-SYNTH-2389,Product & Design,OFFICE,CONTRACT,3,3.3,3,3.3,69.14,0.0,3,0,0.93,2,2,1.0,FREQUENT,0
EMP-SYNTH-2390,Growth & Marketing,HYBRID,CONTRACT,7,8.6,5,4.8,100.71,1.0,6,3,1.46,2,0,0.0,NONE,1
EMP-SYNTH-2391,Enterprise Sales,HYBRID,CONTRACT,3,9.6,4,3.55,68.41,-0.5,5,0,2.65,5,0,0.0,NONE,0
EMP-SYNTH-2392,Growth & Marketing,HYBRID,CONTRACT,3,3.8,3,3.47,67.85,-0.5,3,2,0.87,1,1,1.0,FREQUENT,0
EMP-SYNTH-2393,Growth & Marketing,HYBRID,PART_TIME,4,7.3,3,3.34,69.32,1.0,5,1,1.74,5,5,1.0,NONE,0
EMP-SYNTH-2394,Growth & Marketing,OFFICE,PART_TIME,10,2.7,3,2.69,55.51,-0.5,6,3,1.65,6,4,0.67,NONE,1
EMP-SYNTH-2395,Enterprise Sales,HYBRID,FULL_TIME,5,2.6,4,3.85,81.14,1.0,1,0,1.56,5,4,0.8,NONE,0
EMP-SYNTH-2396,Enterprise Sales,HYBRID,PART_TIME,10,2.7,2,1.69,31.29,1.0,3,0,1.04,7,0,0.0,OCCASIONAL,0
EMP-SYNTH-2397,Enterprise Sales,REMOTE,FULL_TIME,9,6.8,4,3.8,73.83,0.5,4,3,0.59,5,3,0.6,OCCASIONAL,0
EMP-SYNTH-2398,Enterprise Sales,OFFICE,FULL_TIME,4,6.8,1,1.0,20.79,-1.0,4,2,1.66,5,2,0.4,FREQUENT,1
EMP-SYNTH-2399,Human Resources,OFFICE,CONTRACT,10,4.3,2,2.32,49.64,1.0,0,0,0.0,1,1,1.0,OCCASIONAL,0
EMP-SYNTH-2400,Product & Design,OFFICE,PART_TIME,2,0.8,3,2.81,52.27,-0.5,6,3,0.69,5,5,1.0,FREQUENT,1
EMP-SYNTH-2401,Engineering,REMOTE,PART_TIME,1,3.4,3,3.0,64.22,-0.5,1,0,0.78,6,6,1.0,FREQUENT,0
EMP-SYNTH-2402,Enterprise Sales,OFFICE,PART_TIME,4,10.7,4,3.67,74.73,0.5,0,0,0.0,8,1,0.12,OCCASIONAL,0
EMP-SYNTH-2403,Engineering,HYBRID,PART_TIME,10,9.1,3,3.36,68.95,1.0,5,2,2.63,1,0,0.0,NONE,0
EMP-SYNTH-2404,Growth & Marketing,REMOTE,FULL_TIME,8,10.7,3,2.59,52.86,-0.5,1,0,2.69,8,8,1.0,OCCASIONAL,0
EMP-SYNTH-2405,Human Resources,OFFICE,FULL_TIME,7,8.9,3,3.47,73.29,1.0,6,0,0.08,8,1,0.12,FREQUENT,0
EMP-SYNTH-2406,Enterprise Sales,REMOTE,PART_TIME,6,8.7,4,4.42,84.69,0.5,1,1,0.23,4,0,0.0,FREQUENT,0
EMP-SYNTH-2407,Engineering,REMOTE,FULL_TIME,3,6.5,5,4.56,92.54,0.0,4,3,1.92,3,1,0.33,NONE,0
EMP-SYNTH-2408,Enterprise Sales,OFFICE,FULL_TIME,3,11.6,3,3.14,64.44,0.0,1,0,0.92,2,0,0.0,NONE,0
EMP-SYNTH-2409,Enterprise Sales,REMOTE,FULL_TIME,1,9.8,3,2.9,53.66,1.0,2,0,0.6,3,2,0.67,OCCASIONAL,0
EMP-SYNTH-2410,Growth & Marketing,REMOTE,FULL_TIME,1,8.8,4,4.5,91.85,-0.5,5,1,1.79,5,3,0.6,FREQUENT,1
EMP-SYNTH-2411,Enterprise Sales,OFFICE,PART_TIME,2,6.1,4,3.58,71.83,0.5,6,3,2.15,7,7,1.0,OCCASIONAL,0
EMP-SYNTH-2412,Product & Design,OFFICE,FULL_TIME,9,6.0,4,3.63,69.73,0.5,0,0,0.0,7,2,0.29,NONE,0
EMP-SYNTH-2413,Product & Design,HYBRID,CONTRACT,4,0.9,3,3.09,59.99,1.0,4,3,2.79,1,1,1.0,FREQUENT,0
EMP-SYNTH-2414,Growth & Marketing,HYBRID,FULL_TIME,8,11.6,3,2.9,56.12,1.0,0,0,0.0,1,1,1.0,OCCASIONAL,0
EMP-SYNTH-2415,Product & Design,HYBRID,CONTRACT,10,2.7,3,3.27,65.79,0.0,1,1,2.16,0,0,0.0,OCCASIONAL,0
EMP-SYNTH-2416,Human Resources,HYBRID,FULL_TIME,8,1.4,3,2.75,59.43,-0.5,4,2,2.54,7,0,0.0,NONE,0
EMP-SYNTH-2417,Engineering,HYBRID,CONTRACT,2,9.3,2,2.06,38.99,-1.0,5,2,1.08,5,5,1.0,OCCASIONAL,1
EMP-SYNTH-2418,Product & Design,REMOTE,FULL_TIME,8,9.2,5,5.0,101.78,0.0,3,1,1.93,2,0,0.0,NONE,0
EMP-SYNTH-2419,Engineering,REMOTE,FULL_TIME,1,11.1,1,1.26,23.3,-1.0,0,0,0.0,4,3,0.75,NONE,1
EMP-SYNTH-2420,Enterprise Sales,HYBRID,PART_TIME,1,10.8,3,3.44,64.03,1.0,2,2,1.28,7,1,0.14,FREQUENT,0
EMP-SYNTH-2421,Enterprise Sales,REMOTE,CONTRACT,3,11.5,2,1.79,39.04,0.0,0,0,0.0,8,6,0.75,OCCASIONAL,1
EMP-SYNTH-2422,Engineering,HYBRID,CONTRACT,8,9.5,3,2.66,52.83,-1.0,5,2,1.98,3,0,0.0,OCCASIONAL,1
EMP-SYNTH-2423,Human Resources,OFFICE,CONTRACT,7,8.1,4,4.07,82.54,0.0,5,2,1.8,0,0,0.0,FREQUENT,1
EMP-SYNTH-2424,Human Resources,HYBRID,FULL_TIME,8,5.6,3,3.24,69.13,0.5,1,1,1.21,2,1,0.5,OCCASIONAL,0
EMP-SYNTH-2425,Engineering,REMOTE,PART_TIME,2,1.7,5,4.69,89.73,0.0,6,2,0.74,3,0,0.0,OCCASIONAL,1
EMP-SYNTH-2426,Product & Design,OFFICE,PART_TIME,2,2.4,3,2.58,54.77,-1.0,0,0,0.0,4,1,0.25,OCCASIONAL,0
EMP-SYNTH-2427,Product & Design,OFFICE,PART_TIME,3,4.6,3,3.18,61.56,1.0,2,0,1.14,5,0,0.0,FREQUENT,0
EMP-SYNTH-2428,Engineering,REMOTE,CONTRACT,2,7.8,2,2.34,50.81,1.0,1,0,1.14,7,1,0.14,NONE,0
EMP-SYNTH-2429,Enterprise Sales,HYBRID,PART_TIME,4,1.1,1,1.37,24.17,1.0,2,1,0.49,6,6,1.0,OCCASIONAL,0
EMP-SYNTH-2430,Product & Design,OFFICE,PART_TIME,5,8.2,3,2.92,54.64,0.0,0,0,0.0,4,2,0.5,FREQUENT,0
EMP-SYNTH-2431,Human Resources,REMOTE,PART_TIME,2,6.6,4,3.83,73.7,0.0,4,1,1.2,2,2,1.0,FREQUENT,0
EMP-SYNTH-2432,Engineering,REMOTE,PART_TIME,10,9.9,4,4.47,86.23,-0.5,1,0,1.04,5,4,0.8,NONE,0
EMP-SYNTH-2433,Product & Design,HYBRID,FULL_TIME,4,11.4,4,4.13,86.36,-0.5,4,0,1.01,7,5,0.71,NONE,1
EMP-SYNTH-2434,Growth & Marketing,OFFICE,PART_TIME,8,9.8,3,3.29,69.02,-0.5,2,0,0.84,7,7,1.0,OCCASIONAL,0
EMP-SYNTH-2435,Enterprise Sales,REMOTE,CONTRACT,5,7.0,3,3.09,57.14,0.0,2,0,0.15,0,0,0.0,FREQUENT,0
EMP-SYNTH-2436,Human Resources,REMOTE,CONTRACT,9,5.5,5,5.0,98.64,0.0,6,1,1.49,3,2,0.67,FREQUENT,0
EMP-SYNTH-2437,Product & Design,HYBRID,CONTRACT,1,7.2,2,1.52,33.86,-1.0,3,1,2.58,4,2,0.5,FREQUENT,1
EMP-SYNTH-2438,Engineering,REMOTE,FULL_TIME,10,10.1,4,4.49,87.03,1.0,5,2,1.41,7,2,0.29,OCCASIONAL,0
EMP-SYNTH-2439,Human Resources,REMOTE,PART_TIME,2,8.6,3,2.62,51.34,-1.0,1,0,1.12,3,2,0.67,NONE,0
EMP-SYNTH-2440,Growth & Marketing,REMOTE,CONTRACT,3,5.8,3,2.66,57.45,0.0,0,0,0.0,4,4,1.0,OCCASIONAL,0
EMP-SYNTH-2441,Product & Design,REMOTE,CONTRACT,10,8.5,4,4.21,82.74,0.0,5,0,0.52,3,0,0.0,OCCASIONAL,0
EMP-SYNTH-2442,Human Resources,REMOTE,PART_TIME,2,6.6,2,1.65,34.83,-1.0,1,0,1.8,3,3,1.0,FREQUENT,1
EMP-SYNTH-2443,Human Resources,REMOTE,CONTRACT,2,5.8,5,4.77,90.7,1.0,2,0,0.83,6,2,0.33,FREQUENT,0
EMP-SYNTH-2444,Growth & Marketing,REMOTE,FULL_TIME,9,1.4,2,1.52,25.47,-0.5,5,1,1.6,2,0,0.0,OCCASIONAL,1
EMP-SYNTH-2445,Product & Design,HYBRID,PART_TIME,6,7.3,2,2.45,49.26,1.0,1,1,2.34,6,3,0.5,OCCASIONAL,0
EMP-SYNTH-2446,Growth & Marketing,OFFICE,CONTRACT,5,3.0,4,4.32,91.35,0.0,1,0,2.15,8,3,0.38,FREQUENT,0
EMP-SYNTH-2447,Enterprise Sales,HYBRID,PART_TIME,3,1.4,5,4.62,87.52,0.0,0,0,0.0,7,2,0.29,NONE,0
EMP-SYNTH-2448,Product & Design,HYBRID,PART_TIME,7,11.5,3,3.29,70.51,0.0,1,1,0.2,5,3,0.6,NONE,0
EMP-SYNTH-2449,Engineering,OFFICE,CONTRACT,3,0.5,3,2.69,54.36,-0.5,0,0,0.0,0,0,0.0,FREQUENT,0
EMP-SYNTH-2450,Enterprise Sales,OFFICE,FULL_TIME,3,7.5,5,5.0,97.75,-1.0,5,2,1.55,0,0,0.0,FREQUENT,1
EMP-SYNTH-2451,Enterprise Sales,HYBRID,CONTRACT,10,7.8,4,3.53,67.09,0.5,5,0,0.0,0,0,0.0,NONE,0
EMP-SYNTH-2452,Enterprise Sales,OFFICE,FULL_TIME,2,6.5,4,4.48,88.07,-0.5,4,2,1.71,0,0,0.0,NONE,1
EMP-SYNTH-2453,Human Resources,OFFICE,CONTRACT,10,10.9,4,4.02,80.05,0.0,0,0,0.0,5,3,0.6,FREQUENT,0
EMP-SYNTH-2454,Engineering,HYBRID,PART_TIME,9,1.2,3,2.5,51.05,-1.0,3,2,0.04,4,0,0.0,NONE,1
EMP-SYNTH-2455,Engineering,OFFICE,CONTRACT,9,7.7,3,3.15,63.16,0.0,2,1,2.05,5,0,0.0,FREQUENT,0
EMP-SYNTH-2456,Product & Design,REMOTE,FULL_TIME,5,7.6,5,4.68,91.08,0.0,4,2,2.03,2,1,0.5,NONE,0
EMP-SYNTH-2457,Growth & Marketing,REMOTE,CONTRACT,2,6.7,2,2.27,41.74,0.0,6,1,1.95,4,2,0.5,NONE,0
EMP-SYNTH-2458,Enterprise Sales,OFFICE,FULL_TIME,8,10.6,3,2.69,51.76,-0.5,6,2,0.32,6,3,0.5,OCCASIONAL,0
EMP-SYNTH-2459,Engineering,REMOTE,PART_TIME,9,8.2,4,4.06,83.56,1.0,6,2,1.6,7,4,0.57,FREQUENT,0
EMP-SYNTH-2460,Engineering,REMOTE,PART_TIME,7,5.8,2,1.93,43.1,0.5,3,1,1.96,7,5,0.71,NONE,0
EMP-SYNTH-2461,Enterprise Sales,REMOTE,FULL_TIME,2,11.6,3,2.71,57.64,0.0,5,2,1.07,8,2,0.25,OCCASIONAL,1
EMP-SYNTH-2462,Enterprise Sales,HYBRID,FULL_TIME,5,5.6,3,2.98,60.49,0.0,2,0,2.41,7,5,0.71,OCCASIONAL,0
EMP-SYNTH-2463,Growth & Marketing,OFFICE,CONTRACT,10,2.1,2,2.47,52.17,-0.5,5,1,1.41,3,2,0.67,OCCASIONAL,1
EMP-SYNTH-2464,Enterprise Sales,OFFICE,FULL_TIME,3,10.3,1,1.05,19.41,1.0,4,2,2.36,1,1,1.0,NONE,0
EMP-SYNTH-2465,Human Resources,HYBRID,CONTRACT,3,4.4,3,2.52,51.2,1.0,6,0,2.63,5,3,0.6,FREQUENT,0
EMP-SYNTH-2466,Engineering,HYBRID,FULL_TIME,1,2.8,5,4.57,95.5,-0.5,6,3,1.02,3,1,0.33,FREQUENT,1
EMP-SYNTH-2467,Growth & Marketing,REMOTE,CONTRACT,9,3.6,4,4.1,85.59,1.0,6,3,2.45,0,0,0.0,NONE,0
EMP-SYNTH-2468,Product & Design,REMOTE,FULL_TIME,5,9.6,3,2.95,63.93,0.0,5,0,2.19,7,4,0.57,OCCASIONAL,0
EMP-SYNTH-2469,Human Resources,REMOTE,PART_TIME,8,1.4,4,4.33,90.63,-0.5,4,3,1.31,1,1,1.0,OCCASIONAL,0
EMP-SYNTH-2470,Engineering,HYBRID,CONTRACT,5,11.7,4,3.94,75.02,-0.5,2,2,2.17,4,0,0.0,OCCASIONAL,0
EMP-SYNTH-2471,Human Resources,REMOTE,PART_TIME,6,10.6,4,3.75,77.26,0.5,4,3,0.52,3,2,0.67,FREQUENT,0
EMP-SYNTH-2472,Human Resources,OFFICE,FULL_TIME,4,7.1,3,3.3,69.97,-0.5,0,0,0.0,0,0,0.0,OCCASIONAL,0
EMP-SYNTH-2473,Engineering,OFFICE,FULL_TIME,1,3.8,3,3.01,64.43,0.0,3,3,2.77,7,1,0.14,OCCASIONAL,1
EMP-SYNTH-2474,Engineering,HYBRID,CONTRACT,7,5.0,3,2.92,59.29,-0.5,4,0,2.68,6,5,0.83,FREQUENT,0
EMP-SYNTH-2475,Product & Design,REMOTE,CONTRACT,7,6.2,4,4.17,82.9,0.0,2,1,2.16,6,3,0.5,OCCASIONAL,0
EMP-SYNTH-2476,Growth & Marketing,REMOTE,FULL_TIME,1,6.3,4,3.84,78.21,0.5,3,2,0.99,5,1,0.2,NONE,0
EMP-SYNTH-2477,Enterprise Sales,REMOTE,FULL_TIME,5,7.1,3,3.0,56.34,0.5,4,3,2.99,7,5,0.71,OCCASIONAL,0
EMP-SYNTH-2478,Engineering,REMOTE,FULL_TIME,9,4.7,1,1.39,24.5,0.5,3,1,1.94,6,6,1.0,FREQUENT,0
EMP-SYNTH-2479,Product & Design,OFFICE,FULL_TIME,7,9.7,2,1.91,42.8,-0.5,4,0,0.74,1,1,1.0,NONE,1
EMP-SYNTH-2480,Human Resources,HYBRID,FULL_TIME,4,9.9,4,3.61,68.32,0.5,2,2,0.06,5,2,0.4,FREQUENT,0
EMP-SYNTH-2481,Growth & Marketing,REMOTE,CONTRACT,9,6.2,3,3.2,62.55,0.5,3,0,1.03,4,1,0.25,OCCASIONAL,0
EMP-SYNTH-2482,Product & Design,REMOTE,PART_TIME,9,2.9,2,1.95,39.72,0.5,1,1,2.14,1,0,0.0,OCCASIONAL,0
EMP-SYNTH-2483,Product & Design,REMOTE,CONTRACT,10,5.5,4,4.16,80.23,0.5,5,2,2.13,8,6,0.75,FREQUENT,0
EMP-SYNTH-2484,Growth & Marketing,OFFICE,CONTRACT,7,10.9,4,4.1,84.5,-1.0,6,3,0.39,6,4,0.67,OCCASIONAL,1
EMP-SYNTH-2485,Enterprise Sales,REMOTE,PART_TIME,3,7.3,3,3.39,72.16,0.0,1,1,1.58,5,0,0.0,OCCASIONAL,1
EMP-SYNTH-2486,Enterprise Sales,REMOTE,PART_TIME,10,10.7,1,1.31,21.24,1.0,6,3,2.44,0,0,0.0,FREQUENT,1
EMP-SYNTH-2487,Human Resources,OFFICE,FULL_TIME,9,11.5,3,2.6,48.29,0.0,5,0,1.72,4,2,0.5,FREQUENT,0
EMP-SYNTH-2488,Product & Design,HYBRID,CONTRACT,7,8.4,2,1.59,30.17,0.0,1,0,1.8,5,0,0.0,FREQUENT,0
EMP-SYNTH-2489,Human Resources,REMOTE,FULL_TIME,3,4.9,3,3.17,59.31,0.0,0,0,0.0,0,0,0.0,OCCASIONAL,0
EMP-SYNTH-2490,Growth & Marketing,REMOTE,FULL_TIME,5,10.8,2,2.38,47.89,-0.5,6,2,0.15,4,2,0.5,NONE,1
EMP-SYNTH-2491,Growth & Marketing,OFFICE,PART_TIME,4,11.3,3,3.35,68.4,0.5,4,3,0.07,4,2,0.5,NONE,0
EMP-SYNTH-2492,Engineering,OFFICE,PART_TIME,1,5.9,2,2.06,38.56,0.0,5,1,2.82,2,1,0.5,OCCASIONAL,1
EMP-SYNTH-2493,Human Resources,REMOTE,CONTRACT,6,4.4,3,2.56,47.47,0.0,3,1,1.01,4,4,1.0,NONE,0
EMP-SYNTH-2494,Human Resources,REMOTE,CONTRACT,7,1.7,4,3.75,72.17,0.5,5,1,1.82,2,1,0.5,FREQUENT,1
EMP-SYNTH-2495,Engineering,OFFICE,FULL_TIME,6,1.2,4,3.71,71.75,-0.5,5,1,1.71,6,1,0.17,OCCASIONAL,0
EMP-SYNTH-2496,Growth & Marketing,HYBRID,CONTRACT,9,2.6,3,2.95,55.89,1.0,6,0,2.49,0,0,0.0,OCCASIONAL,0
EMP-SYNTH-2497,Engineering,HYBRID,PART_TIME,2,2.2,3,3.1,62.67,0.0,2,1,2.0,1,1,1.0,NONE,0
EMP-SYNTH-2498,Enterprise Sales,HYBRID,FULL_TIME,3,0.9,5,4.89,99.33,1.0,2,2,0.27,0,0,0.0,OCCASIONAL,0
EMP-SYNTH-2499,Human Resources,REMOTE,CONTRACT,4,5.0,3,2.71,50.8,0.5,6,3,1.76,4,1,0.25,NONE,0
EMP-SYNTH-2500,Engineering,HYBRID,FULL_TIME,8,7.7,2,2.39,47.21,1.0,4,1,0.96,7,0,0.0,FREQUENT,0
EMP-SYNTH-2501,Growth & Marketing,REMOTE,PART_TIME,6,8.2,2,2.1,39.18,0.5,6,2,0.65,0,0,0.0,FREQUENT,1
EMP-SYNTH-2502,Enterprise Sales,OFFICE,PART_TIME,3,4.4,4,3.92,82.97,0.0,2,1,1.21,8,6,0.75,NONE,0
EMP-SYNTH-2503,Enterprise Sales,OFFICE,PART_TIME,5,11.6,4,3.74,72.54,0.0,5,1,0.66,4,3,0.75,OCCASIONAL,0
EMP-SYNTH-2504,Enterprise Sales,HYBRID,CONTRACT,2,4.3,4,4.23,82.93,0.0,2,1,0.61,1,1,1.0,NONE,0
EMP-SYNTH-2505,Enterprise Sales,REMOTE,PART_TIME,7,4.6,4,3.86,78.0,0.0,6,3,0.04,3,1,0.33,OCCASIONAL,0
EMP-SYNTH-2506,Growth & Marketing,REMOTE,PART_TIME,5,6.4,4,3.59,72.44,-0.5,1,1,0.28,4,2,0.5,OCCASIONAL,0
EMP-SYNTH-2507,Enterprise Sales,HYBRID,PART_TIME,6,10.2,2,2.14,40.1,0.0,3,0,0.82,4,1,0.25,OCCASIONAL,0
EMP-SYNTH-2508,Growth & Marketing,REMOTE,FULL_TIME,9,1.4,4,3.66,74.1,-0.5,0,0,0.0,3,2,0.67,FREQUENT,0
EMP-SYNTH-2509,Human Resources,REMOTE,PART_TIME,4,7.5,2,2.14,38.13,1.0,5,2,1.7,2,2,1.0,OCCASIONAL,1
EMP-SYNTH-2510,Growth & Marketing,REMOTE,FULL_TIME,10,1.1,3,3.04,57.92,1.0,2,1,1.21,0,0,0.0,OCCASIONAL,0
EMP-SYNTH-2511,Growth & Marketing,OFFICE,CONTRACT,5,5.1,5,4.88,95.69,0.5,1,1,2.79,0,0,0.0,NONE,0
EMP-SYNTH-2512,Product & Design,HYBRID,FULL_TIME,9,4.3,3,2.83,57.93,-0.5,4,3,2.38,6,3,0.5,FREQUENT,1
EMP-SYNTH-2513,Human Resources,OFFICE,FULL_TIME,6,5.7,4,3.99,81.12,0.0,5,3,2.77,2,1,0.5,NONE,0
EMP-SYNTH-2514,Human Resources,OFFICE,PART_TIME,4,3.4,3,3.38,66.9,0.0,0,0,0.0,5,0,0.0,OCCASIONAL,0
EMP-SYNTH-2515,Growth & Marketing,HYBRID,PART_TIME,7,1.5,1,1.0,20.13,-0.5,4,3,2.27,8,8,1.0,OCCASIONAL,1
EMP-SYNTH-2516,Human Resources,REMOTE,CONTRACT,10,10.8,3,2.52,47.86,1.0,5,2,0.25,6,4,0.67,FREQUENT,0
EMP-SYNTH-2517,Product & Design,REMOTE,FULL_TIME,4,8.2,3,3.35,71.75,-0.5,5,1,2.61,8,3,0.38,FREQUENT,1
EMP-SYNTH-2518,Human Resources,REMOTE,CONTRACT,7,7.2,4,4.15,85.9,-0.5,3,3,1.81,3,0,0.0,NONE,1
EMP-SYNTH-2519,Human Resources,OFFICE,FULL_TIME,2,4.9,2,2.26,42.0,-1.0,5,1,0.72,1,1,1.0,NONE,1
EMP-SYNTH-2520,Human Resources,REMOTE,PART_TIME,4,8.3,3,2.5,50.53,-1.0,1,1,0.14,3,0,0.0,FREQUENT,1
EMP-SYNTH-2521,Growth & Marketing,REMOTE,CONTRACT,3,0.9,2,2.12,43.44,-0.5,0,0,0.0,7,5,0.71,OCCASIONAL,1
EMP-SYNTH-2522,Engineering,OFFICE,PART_TIME,1,8.4,4,4.14,85.32,-1.0,3,3,2.61,3,1,0.33,OCCASIONAL,0
EMP-SYNTH-2523,Product & Design,HYBRID,FULL_TIME,5,11.9,4,4.01,82.98,-1.0,2,0,0.94,7,4,0.57,OCCASIONAL,0
EMP-SYNTH-2524,Engineering,HYBRID,PART_TIME,9,5.7,2,1.64,37.47,-1.0,6,2,0.16,3,0,0.0,FREQUENT,1
EMP-SYNTH-2525,Human Resources,REMOTE,PART_TIME,10,7.9,2,1.7,30.13,1.0,5,0,0.08,3,1,0.33,OCCASIONAL,0
EMP-SYNTH-2526,Human Resources,HYBRID,PART_TIME,6,2.6,3,2.66,49.68,-1.0,1,0,0.66,1,1,1.0,OCCASIONAL,0
EMP-SYNTH-2527,Growth & Marketing,REMOTE,PART_TIME,5,2.4,5,5.0,96.67,0.0,3,0,0.3,1,1,1.0,OCCASIONAL,0
EMP-SYNTH-2528,Enterprise Sales,REMOTE,PART_TIME,9,5.2,2,2.1,38.8,-1.0,2,0,1.52,4,1,0.25,OCCASIONAL,0
EMP-SYNTH-2529,Enterprise Sales,OFFICE,FULL_TIME,3,2.5,4,3.8,75.83,0.0,1,0,0.85,0,0,0.0,NONE,0
EMP-SYNTH-2530,Engineering,OFFICE,PART_TIME,6,0.8,3,2.82,56.68,0.5,2,0,1.64,6,3,0.5,OCCASIONAL,0
EMP-SYNTH-2531,Engineering,OFFICE,CONTRACT,9,3.4,3,2.99,62.14,0.5,5,1,2.99,7,6,0.86,OCCASIONAL,0
EMP-SYNTH-2532,Product & Design,HYBRID,FULL_TIME,6,4.3,4,3.58,75.63,0.0,1,1,1.92,7,3,0.43,FREQUENT,0
EMP-SYNTH-2533,Human Resources,HYBRID,FULL_TIME,10,0.8,4,4.05,78.36,-1.0,2,0,0.27,2,0,0.0,NONE,0
EMP-SYNTH-2534,Human Resources,REMOTE,PART_TIME,1,1.3,4,3.54,66.09,0.0,0,0,0.0,5,0,0.0,NONE,0
EMP-SYNTH-2535,Enterprise Sales,HYBRID,PART_TIME,5,10.3,3,2.58,47.49,-1.0,5,3,0.81,5,3,0.6,FREQUENT,1
EMP-SYNTH-2536,Enterprise Sales,OFFICE,PART_TIME,2,2.4,5,5.0,103.29,0.0,5,0,0.92,4,4,1.0,FREQUENT,0
EMP-SYNTH-2537,Engineering,OFFICE,PART_TIME,9,1.9,2,1.62,37.37,0.0,6,2,2.1,7,6,0.86,OCCASIONAL,0
EMP-SYNTH-2538,Growth & Marketing,REMOTE,FULL_TIME,5,7.0,4,3.6,67.39,-0.5,6,0,1.35,4,2,0.5,NONE,0
EMP-SYNTH-2539,Enterprise Sales,REMOTE,FULL_TIME,3,10.7,4,4.06,78.72,0.0,1,1,1.36,2,1,0.5,OCCASIONAL,0
EMP-SYNTH-2540,Human Resources,HYBRID,FULL_TIME,1,7.6,3,3.09,63.7,0.5,2,2,1.69,7,3,0.43,OCCASIONAL,0
EMP-SYNTH-2541,Growth & Marketing,REMOTE,FULL_TIME,8,11.5,4,4.38,84.5,1.0,5,2,2.1,0,0,0.0,FREQUENT,0
EMP-SYNTH-2542,Growth & Marketing,OFFICE,PART_TIME,9,5.1,3,3.21,67.2,0.0,6,3,0.86,4,2,0.5,NONE,0
EMP-SYNTH-2543,Enterprise Sales,OFFICE,PART_TIME,9,3.2,4,3.89,79.57,-0.5,5,1,1.81,8,8,1.0,OCCASIONAL,0
EMP-SYNTH-2544,Human Resources,REMOTE,FULL_TIME,6,11.7,4,4.33,90.17,-1.0,3,1,0.17,1,1,1.0,OCCASIONAL,0
EMP-SYNTH-2545,Human Resources,OFFICE,CONTRACT,1,1.8,4,3.63,71.34,1.0,1,1,2.65,5,1,0.2,OCCASIONAL,0
EMP-SYNTH-2546,Growth & Marketing,HYBRID,CONTRACT,3,10.7,2,1.96,37.03,0.0,2,1,2.4,1,1,1.0,NONE,0
EMP-SYNTH-2547,Product & Design,REMOTE,FULL_TIME,2,1.4,3,2.77,56.16,0.0,4,2,1.43,4,1,0.25,NONE,0
EMP-SYNTH-2548,Product & Design,OFFICE,PART_TIME,5,4.9,3,3.4,63.75,0.5,0,0,0.0,6,2,0.33,OCCASIONAL,0
EMP-SYNTH-2549,Growth & Marketing,OFFICE,CONTRACT,7,3.8,3,3.38,72.51,-0.5,2,1,2.19,5,1,0.2,FREQUENT,1
EMP-SYNTH-2550,Enterprise Sales,REMOTE,PART_TIME,10,9.8,3,3.35,62.61,0.0,6,0,0.78,1,0,0.0,OCCASIONAL,0
EMP-SYNTH-2551,Enterprise Sales,HYBRID,FULL_TIME,4,1.1,5,5.0,100.58,0.0,2,2,0.59,1,0,0.0,FREQUENT,0
EMP-SYNTH-2552,Enterprise Sales,REMOTE,FULL_TIME,8,6.7,4,4.48,94.0,0.0,1,0,2.96,1,1,1.0,FREQUENT,0
EMP-SYNTH-2553,Enterprise Sales,OFFICE,CONTRACT,7,9.0,3,2.61,47.46,0.5,5,3,0.73,7,4,0.57,FREQUENT,1
EMP-SYNTH-2554,Engineering,HYBRID,CONTRACT,10,11.5,4,3.89,72.89,-1.0,6,2,1.31,5,4,0.8,NONE,1
EMP-SYNTH-2555,Engineering,OFFICE,FULL_TIME,6,0.5,4,3.69,72.95,-1.0,2,0,0.56,7,2,0.29,FREQUENT,1
EMP-SYNTH-2556,Enterprise Sales,HYBRID,FULL_TIME,3,1.8,2,2.05,44.89,0.0,5,2,0.42,0,0,0.0,FREQUENT,1
EMP-SYNTH-2557,Enterprise Sales,REMOTE,PART_TIME,10,9.9,4,3.95,82.75,-0.5,0,0,0.0,1,1,1.0,NONE,0
EMP-SYNTH-2558,Product & Design,REMOTE,FULL_TIME,8,3.1,3,2.75,58.44,0.0,0,0,0.0,5,1,0.2,FREQUENT,0
EMP-SYNTH-2559,Product & Design,HYBRID,PART_TIME,10,3.6,5,5.0,101.98,-0.5,6,3,2.11,8,2,0.25,FREQUENT,1
EMP-SYNTH-2560,Enterprise Sales,REMOTE,PART_TIME,8,8.1,4,4.03,83.92,0.0,3,3,0.05,4,0,0.0,NONE,1
EMP-SYNTH-2561,Product & Design,HYBRID,FULL_TIME,10,3.6,4,3.6,67.04,0.0,6,1,1.71,3,2,0.67,OCCASIONAL,0
EMP-SYNTH-2562,Growth & Marketing,REMOTE,PART_TIME,7,7.6,5,4.93,93.75,0.5,3,1,1.07,7,6,0.86,NONE,0
EMP-SYNTH-2563,Enterprise Sales,REMOTE,FULL_TIME,3,1.5,2,1.79,34.69,1.0,1,1,0.93,4,0,0.0,FREQUENT,1
EMP-SYNTH-2564,Product & Design,REMOTE,PART_TIME,5,1.2,3,3.29,67.13,0.0,3,2,0.72,2,1,0.5,FREQUENT,0
EMP-SYNTH-2565,Human Resources,REMOTE,CONTRACT,10,4.3,4,4.22,83.57,1.0,2,1,1.38,3,3,1.0,OCCASIONAL,0
EMP-SYNTH-2566,Product & Design,HYBRID,PART_TIME,3,4.3,2,2.44,53.18,1.0,4,2,1.26,0,0,0.0,FREQUENT,1
EMP-SYNTH-2567,Enterprise Sales,REMOTE,FULL_TIME,3,10.3,3,3.13,59.35,0.0,4,3,0.98,2,0,0.0,FREQUENT,0
EMP-SYNTH-2568,Growth & Marketing,HYBRID,PART_TIME,1,2.1,4,4.16,81.59,-1.0,3,0,0.18,4,0,0.0,OCCASIONAL,0
EMP-SYNTH-2569,Growth & Marketing,HYBRID,FULL_TIME,3,3.8,3,3.24,64.5,0.0,1,1,0.21,3,3,1.0,OCCASIONAL,0
EMP-SYNTH-2570,Growth & Marketing,REMOTE,CONTRACT,2,4.1,4,4.25,80.22,-1.0,4,2,0.42,6,6,1.0,NONE,0
EMP-SYNTH-2571,Human Resources,REMOTE,CONTRACT,2,1.3,3,3.03,57.49,-0.5,4,1,1.95,5,4,0.8,NONE,0
EMP-SYNTH-2572,Engineering,REMOTE,FULL_TIME,10,1.3,2,2.38,46.45,-0.5,1,0,0.18,5,2,0.4,OCCASIONAL,0
EMP-SYNTH-2573,Engineering,HYBRID,PART_TIME,5,3.4,4,4.37,82.94,-0.5,5,0,1.89,3,0,0.0,NONE,0
EMP-SYNTH-2574,Engineering,HYBRID,FULL_TIME,2,0.9,3,2.92,60.65,1.0,3,3,2.82,7,7,1.0,NONE,0
EMP-SYNTH-2575,Enterprise Sales,REMOTE,CONTRACT,7,4.1,3,2.83,60.46,-0.5,2,2,0.33,5,5,1.0,OCCASIONAL,0
EMP-SYNTH-2576,Engineering,OFFICE,FULL_TIME,3,4.9,3,2.82,53.45,-1.0,4,1,0.58,3,1,0.33,FREQUENT,1
EMP-SYNTH-2577,Engineering,OFFICE,CONTRACT,2,4.1,4,3.81,78.67,-1.0,3,0,0.43,4,0,0.0,OCCASIONAL,0
EMP-SYNTH-2578,Engineering,REMOTE,CONTRACT,5,8.7,3,3.5,72.46,0.0,2,2,1.43,2,0,0.0,OCCASIONAL,1
EMP-SYNTH-2579,Product & Design,HYBRID,FULL_TIME,5,8.1,3,3.38,71.51,0.0,1,0,0.52,4,0,0.0,OCCASIONAL,0
EMP-SYNTH-2580,Human Resources,REMOTE,FULL_TIME,1,2.3,4,4.27,84.01,0.5,1,1,1.39,1,0,0.0,OCCASIONAL,0
EMP-SYNTH-2581,Growth & Marketing,OFFICE,PART_TIME,5,6.6,4,4.1,77.85,1.0,6,2,2.49,5,0,0.0,OCCASIONAL,0
EMP-SYNTH-2582,Growth & Marketing,OFFICE,PART_TIME,10,3.7,4,3.89,82.8,0.0,3,2,2.3,2,0,0.0,FREQUENT,0
EMP-SYNTH-2583,Engineering,OFFICE,CONTRACT,2,11.6,2,2.37,52.18,1.0,4,3,1.49,5,2,0.4,OCCASIONAL,0
EMP-SYNTH-2584,Engineering,HYBRID,PART_TIME,8,9.3,3,2.85,52.45,1.0,2,1,1.35,0,0,0.0,OCCASIONAL,0
EMP-SYNTH-2585,Enterprise Sales,OFFICE,PART_TIME,6,10.9,4,4.41,90.18,-1.0,6,2,2.0,7,7,1.0,FREQUENT,1
EMP-SYNTH-2586,Human Resources,REMOTE,PART_TIME,7,1.0,3,2.91,55.42,0.0,0,0,0.0,2,2,1.0,FREQUENT,0
EMP-SYNTH-2587,Engineering,REMOTE,CONTRACT,6,6.0,4,3.99,77.69,-0.5,5,1,2.61,8,6,0.75,OCCASIONAL,0
EMP-SYNTH-2588,Engineering,REMOTE,PART_TIME,1,5.4,4,4.02,80.48,0.0,2,2,1.4,5,2,0.4,OCCASIONAL,0
EMP-SYNTH-2589,Enterprise Sales,OFFICE,CONTRACT,7,6.9,3,2.8,51.43,-0.5,3,1,1.16,6,5,0.83,NONE,0
EMP-SYNTH-2590,Product & Design,OFFICE,PART_TIME,7,1.8,5,4.72,95.27,0.0,1,0,0.4,5,0,0.0,FREQUENT,0
EMP-SYNTH-2591,Human Resources,REMOTE,CONTRACT,10,5.1,3,2.58,48.05,1.0,3,3,2.54,4,4,1.0,FREQUENT,0
EMP-SYNTH-2592,Growth & Marketing,REMOTE,PART_TIME,8,7.1,4,4.13,87.5,1.0,1,0,1.71,3,0,0.0,OCCASIONAL,0
EMP-SYNTH-2593,Human Resources,REMOTE,PART_TIME,1,3.5,3,3.07,64.71,-0.5,1,1,2.44,1,1,1.0,OCCASIONAL,0
EMP-SYNTH-2594,Engineering,OFFICE,CONTRACT,5,5.2,5,5.0,96.11,0.0,1,0,2.26,1,1,1.0,NONE,0
EMP-SYNTH-2595,Enterprise Sales,HYBRID,PART_TIME,1,10.1,3,2.85,60.12,-1.0,3,1,0.52,0,0,0.0,NONE,1
EMP-SYNTH-2596,Product & Design,REMOTE,CONTRACT,6,5.0,4,3.67,74.48,0.0,6,0,0.01,4,0,0.0,FREQUENT,0
EMP-SYNTH-2597,Engineering,OFFICE,PART_TIME,3,5.9,1,1.25,23.09,0.5,1,1,0.91,6,1,0.17,FREQUENT,1
EMP-SYNTH-2598,Human Resources,REMOTE,CONTRACT,2,1.8,3,3.25,60.13,-0.5,6,0,2.06,6,6,1.0,FREQUENT,0
EMP-SYNTH-2599,Growth & Marketing,REMOTE,PART_TIME,7,11.6,4,4.06,78.2,1.0,5,0,2.13,1,0,0.0,FREQUENT,0
EMP-SYNTH-2600,Growth & Marketing,OFFICE,FULL_TIME,7,5.4,3,2.89,60.0,0.5,2,1,0.53,1,0,0.0,NONE,0
EMP-SYNTH-2601,Enterprise Sales,REMOTE,PART_TIME,9,3.7,1,1.0,21.84,0.5,0,0,0.0,4,0,0.0,NONE,0
EMP-SYNTH-2602,Human Resources,HYBRID,PART_TIME,2,8.1,2,1.75,33.43,1.0,3,2,1.24,1,1,1.0,NONE,0
EMP-SYNTH-2603,Human Resources,OFFICE,CONTRACT,7,6.3,3,2.96,54.87,1.0,6,3,0.99,4,4,1.0,OCCASIONAL,0
EMP-SYNTH-2604,Growth & Marketing,REMOTE,FULL_TIME,10,11.5,3,3.0,56.69,-1.0,5,0,0.98,4,4,1.0,OCCASIONAL,0
EMP-SYNTH-2605,Enterprise Sales,REMOTE,CONTRACT,5,7.1,3,3.23,63.68,0.0,3,3,2.52,2,2,1.0,NONE,0
EMP-SYNTH-2606,Enterprise Sales,OFFICE,PART_TIME,6,8.1,4,4.06,84.35,-0.5,4,2,1.69,4,4,1.0,OCCASIONAL,0
EMP-SYNTH-2607,Human Resources,HYBRID,PART_TIME,5,9.0,3,2.98,62.69,0.0,6,3,0.23,3,3,1.0,OCCASIONAL,0
EMP-SYNTH-2608,Engineering,HYBRID,PART_TIME,2,8.5,3,3.22,66.85,0.5,1,0,2.84,5,4,0.8,NONE,0
EMP-SYNTH-2609,Enterprise Sales,OFFICE,FULL_TIME,10,9.5,2,2.14,38.11,0.0,0,0,0.0,3,3,1.0,NONE,0
EMP-SYNTH-2610,Engineering,REMOTE,FULL_TIME,1,8.2,1,1.36,24.43,1.0,5,1,1.65,8,1,0.12,NONE,0
EMP-SYNTH-2611,Human Resources,OFFICE,PART_TIME,10,5.4,4,3.93,75.8,-0.5,0,0,0.0,7,3,0.43,OCCASIONAL,0
EMP-SYNTH-2612,Enterprise Sales,REMOTE,CONTRACT,8,0.5,4,4.08,83.57,0.0,3,2,1.47,4,1,0.25,FREQUENT,0
EMP-SYNTH-2613,Enterprise Sales,REMOTE,CONTRACT,1,4.2,3,2.95,60.01,-1.0,3,2,2.18,0,0,0.0,OCCASIONAL,1
EMP-SYNTH-2614,Growth & Marketing,REMOTE,PART_TIME,4,8.8,2,1.85,41.68,0.0,4,0,0.17,2,1,0.5,NONE,0
EMP-SYNTH-2615,Engineering,OFFICE,PART_TIME,3,5.4,4,3.63,70.32,0.0,6,0,2.06,5,4,0.8,NONE,0
EMP-SYNTH-2616,Product & Design,REMOTE,FULL_TIME,6,7.5,3,3.23,60.01,-1.0,4,0,2.9,0,0,0.0,NONE,1
EMP-SYNTH-2617,Growth & Marketing,HYBRID,CONTRACT,5,5.0,5,5.0,101.31,1.0,3,2,0.73,6,6,1.0,FREQUENT,0
EMP-SYNTH-2618,Engineering,HYBRID,PART_TIME,5,1.7,2,2.03,45.06,0.0,3,0,1.57,2,0,0.0,NONE,1
EMP-SYNTH-2619,Engineering,REMOTE,CONTRACT,3,11.2,3,2.75,57.93,-0.5,2,2,0.2,1,0,0.0,NONE,1
EMP-SYNTH-2620,Engineering,HYBRID,CONTRACT,3,8.1,3,3.33,64.74,0.0,4,0,2.19,3,1,0.33,NONE,0
EMP-SYNTH-2621,Growth & Marketing,HYBRID,PART_TIME,8,8.3,5,4.89,97.1,1.0,3,1,2.52,8,5,0.62,NONE,0
EMP-SYNTH-2622,Product & Design,OFFICE,PART_TIME,4,7.0,4,3.97,76.58,0.0,2,1,2.01,3,0,0.0,FREQUENT,0
EMP-SYNTH-2623,Engineering,HYBRID,FULL_TIME,7,3.2,4,4.07,78.45,0.5,6,3,2.12,2,1,0.5,OCCASIONAL,0
EMP-SYNTH-2624,Engineering,REMOTE,FULL_TIME,6,11.2,3,3.05,57.17,-0.5,6,0,0.23,7,6,0.86,NONE,1
EMP-SYNTH-2625,Product & Design,REMOTE,CONTRACT,7,10.2,3,3.09,66.68,1.0,4,1,2.29,3,0,0.0,NONE,0
EMP-SYNTH-2626,Enterprise Sales,REMOTE,CONTRACT,5,0.9,3,3.25,61.86,1.0,6,0,0.63,0,0,0.0,OCCASIONAL,0
EMP-SYNTH-2627,Enterprise Sales,HYBRID,CONTRACT,2,7.3,4,3.77,76.37,1.0,1,1,0.97,7,1,0.14,NONE,0
EMP-SYNTH-2628,Enterprise Sales,REMOTE,CONTRACT,6,1.6,4,3.82,75.93,-0.5,2,1,2.16,4,4,1.0,FREQUENT,0
EMP-SYNTH-2629,Human Resources,REMOTE,FULL_TIME,7,8.0,5,5.0,95.49,-1.0,6,2,2.84,1,0,0.0,OCCASIONAL,1
EMP-SYNTH-2630,Human Resources,OFFICE,PART_TIME,6,1.4,3,2.79,55.0,-1.0,5,2,0.18,6,6,1.0,FREQUENT,0
EMP-SYNTH-2631,Engineering,HYBRID,PART_TIME,4,6.3,3,2.57,52.23,0.0,3,2,2.11,2,1,0.5,OCCASIONAL,0
EMP-SYNTH-2632,Human Resources,HYBRID,CONTRACT,6,4.8,4,4.35,89.77,0.5,1,0,0.9,5,1,0.2,OCCASIONAL,0
EMP-SYNTH-2633,Product & Design,REMOTE,FULL_TIME,6,1.4,4,4.37,89.62,0.5,5,1,1.21,8,8,1.0,NONE,0
EMP-SYNTH-2634,Human Resources,REMOTE,PART_TIME,3,5.8,3,3.17,65.87,0.0,6,1,2.15,8,6,0.75,FREQUENT,0
EMP-SYNTH-2635,Enterprise Sales,HYBRID,CONTRACT,8,5.3,4,4.45,93.98,1.0,3,0,0.63,8,5,0.62,FREQUENT,0
EMP-SYNTH-2636,Enterprise Sales,HYBRID,FULL_TIME,7,6.6,3,3.37,71.58,0.5,1,0,2.17,4,0,0.0,FREQUENT,0
EMP-SYNTH-2637,Human Resources,HYBRID,FULL_TIME,3,6.4,4,4.37,90.04,0.0,1,1,0.72,4,0,0.0,FREQUENT,0
EMP-SYNTH-2638,Product & Design,OFFICE,PART_TIME,10,2.4,3,3.03,64.82,-0.5,0,0,0.0,0,0,0.0,NONE,0
EMP-SYNTH-2639,Product & Design,REMOTE,FULL_TIME,1,2.8,5,5.0,99.31,-0.5,2,2,0.91,0,0,0.0,OCCASIONAL,0
EMP-SYNTH-2640,Enterprise Sales,REMOTE,CONTRACT,2,5.4,4,4.08,80.97,-0.5,0,0,0.0,2,2,1.0,OCCASIONAL,0
EMP-SYNTH-2641,Engineering,HYBRID,CONTRACT,3,10.3,3,3.04,59.66,1.0,1,1,1.31,0,0,0.0,NONE,0
EMP-SYNTH-2642,Product & Design,HYBRID,CONTRACT,3,6.5,4,4.14,81.75,1.0,1,1,0.63,6,1,0.17,NONE,0
EMP-SYNTH-2643,Engineering,HYBRID,CONTRACT,7,1.0,3,3.24,69.47,-0.5,4,0,0.71,3,3,1.0,OCCASIONAL,0
EMP-SYNTH-2644,Product & Design,HYBRID,CONTRACT,5,7.1,4,3.93,83.59,0.0,6,1,2.58,0,0,0.0,NONE,0
EMP-SYNTH-2645,Engineering,HYBRID,PART_TIME,2,5.0,3,2.88,54.39,-0.5,4,2,1.09,5,2,0.4,NONE,0
EMP-SYNTH-2646,Product & Design,REMOTE,PART_TIME,7,2.3,4,3.85,79.64,-1.0,5,0,1.53,8,6,0.75,NONE,0
EMP-SYNTH-2647,Engineering,REMOTE,PART_TIME,7,9.1,4,4.29,82.63,0.0,0,0,0.0,6,4,0.67,NONE,0
EMP-SYNTH-2648,Growth & Marketing,HYBRID,CONTRACT,4,6.4,4,3.61,75.43,0.0,6,1,2.7,4,0,0.0,NONE,0
EMP-SYNTH-2649,Enterprise Sales,REMOTE,PART_TIME,8,6.8,3,3.49,73.54,-0.5,6,1,2.73,6,2,0.33,NONE,1
EMP-SYNTH-2650,Product & Design,OFFICE,FULL_TIME,9,7.1,3,3.24,68.27,-1.0,3,0,2.4,0,0,0.0,NONE,0
EMP-SYNTH-2651,Growth & Marketing,HYBRID,CONTRACT,1,2.4,4,3.53,69.06,1.0,0,0,0.0,6,3,0.5,NONE,0
EMP-SYNTH-2652,Human Resources,HYBRID,FULL_TIME,2,6.2,2,1.96,41.8,0.0,2,2,2.43,2,2,1.0,FREQUENT,1
EMP-SYNTH-2653,Human Resources,REMOTE,PART_TIME,3,2.3,4,3.68,78.18,0.5,0,0,0.0,2,0,0.0,FREQUENT,0
EMP-SYNTH-2654,Product & Design,OFFICE,FULL_TIME,8,10.5,3,2.62,55.55,0.0,4,3,0.5,0,0,0.0,NONE,0
EMP-SYNTH-2655,Enterprise Sales,HYBRID,FULL_TIME,3,3.7,5,4.56,95.07,0.0,1,0,0.74,2,1,0.5,NONE,0
EMP-SYNTH-2656,Product & Design,HYBRID,CONTRACT,3,9.6,3,2.73,59.2,0.0,0,0,0.0,7,6,0.86,OCCASIONAL,0
EMP-SYNTH-2657,Product & Design,OFFICE,PART_TIME,10,7.3,2,2.23,47.18,1.0,4,0,0.57,0,0,0.0,FREQUENT,1
EMP-SYNTH-2658,Growth & Marketing,REMOTE,PART_TIME,4,10.0,3,2.55,49.19,-1.0,2,0,2.26,4,4,1.0,OCCASIONAL,0
EMP-SYNTH-2659,Engineering,REMOTE,PART_TIME,1,10.1,2,1.63,29.71,0.0,1,0,0.18,0,0,0.0,OCCASIONAL,0
EMP-SYNTH-2660,Human Resources,HYBRID,FULL_TIME,2,5.9,3,2.75,57.14,-1.0,1,1,1.07,8,8,1.0,FREQUENT,1
EMP-SYNTH-2661,Product & Design,HYBRID,CONTRACT,6,8.3,3,2.71,52.14,0.0,4,3,1.21,0,0,0.0,NONE,1
EMP-SYNTH-2662,Engineering,REMOTE,CONTRACT,5,1.7,1,1.0,15.02,0.0,4,1,1.5,2,1,0.5,NONE,1
EMP-SYNTH-2663,Growth & Marketing,HYBRID,PART_TIME,5,0.6,3,2.75,53.65,0.0,0,0,0.0,6,4,0.67,FREQUENT,0
EMP-SYNTH-2664,Product & Design,OFFICE,PART_TIME,7,5.3,3,3.06,56.71,1.0,5,0,1.28,6,3,0.5,FREQUENT,1
EMP-SYNTH-2665,Engineering,REMOTE,CONTRACT,3,3.5,4,3.57,69.78,0.0,3,2,0.47,8,3,0.38,FREQUENT,0
EMP-SYNTH-2666,Growth & Marketing,REMOTE,FULL_TIME,10,4.7,4,4.38,86.57,0.5,5,2,0.56,8,7,0.88,NONE,0
EMP-SYNTH-2667,Product & Design,HYBRID,FULL_TIME,2,1.5,4,4.1,85.36,0.0,3,2,0.82,7,3,0.43,FREQUENT,0
EMP-SYNTH-2668,Enterprise Sales,OFFICE,CONTRACT,10,11.5,1,1.48,29.19,-1.0,4,2,1.09,6,6,1.0,OCCASIONAL,1
EMP-SYNTH-2669,Growth & Marketing,REMOTE,CONTRACT,4,7.5,2,2.43,50.23,1.0,2,0,1.03,3,3,1.0,FREQUENT,1
EMP-SYNTH-2670,Engineering,OFFICE,PART_TIME,1,3.9,2,2.17,48.06,0.0,3,2,2.67,0,0,0.0,FREQUENT,1
EMP-SYNTH-2671,Human Resources,OFFICE,PART_TIME,9,8.1,3,3.16,66.22,1.0,5,3,2.86,1,1,1.0,OCCASIONAL,0
EMP-SYNTH-2672,Enterprise Sales,OFFICE,CONTRACT,2,1.9,3,3.36,66.6,0.5,5,3,1.35,1,0,0.0,OCCASIONAL,0
EMP-SYNTH-2673,Product & Design,REMOTE,PART_TIME,3,6.8,2,2.47,52.81,0.5,6,0,0.5,7,5,0.71,FREQUENT,1
EMP-SYNTH-2674,Growth & Marketing,OFFICE,PART_TIME,7,0.8,3,2.6,53.96,1.0,4,2,2.63,3,3,1.0,FREQUENT,0
EMP-SYNTH-2675,Human Resources,OFFICE,PART_TIME,5,3.0,4,3.7,74.3,0.0,4,3,2.91,0,0,0.0,NONE,0
EMP-SYNTH-2676,Product & Design,REMOTE,PART_TIME,2,3.6,3,2.5,52.46,0.0,0,0,0.0,5,3,0.6,NONE,0
EMP-SYNTH-2677,Human Resources,OFFICE,FULL_TIME,1,8.9,3,3.28,65.05,0.5,3,1,1.75,8,2,0.25,NONE,0
EMP-SYNTH-2678,Product & Design,HYBRID,CONTRACT,3,5.7,3,2.77,60.35,1.0,3,1,2.69,5,0,0.0,FREQUENT,0
EMP-SYNTH-2679,Growth & Marketing,REMOTE,PART_TIME,4,9.8,3,3.32,64.62,0.0,3,2,1.53,7,3,0.43,FREQUENT,0
EMP-SYNTH-2680,Engineering,HYBRID,CONTRACT,4,11.7,4,3.64,74.28,0.5,0,0,0.0,7,7,1.0,NONE,0
EMP-SYNTH-2681,Growth & Marketing,REMOTE,FULL_TIME,7,0.5,4,3.98,83.88,1.0,0,0,0.0,0,0,0.0,OCCASIONAL,0
EMP-SYNTH-2682,Engineering,REMOTE,FULL_TIME,4,10.9,3,2.9,57.94,0.0,1,1,2.33,0,0,0.0,NONE,1
EMP-SYNTH-2683,Human Resources,REMOTE,PART_TIME,8,1.7,3,3.24,63.06,0.0,6,2,0.54,7,2,0.29,FREQUENT,1
EMP-SYNTH-2684,Product & Design,OFFICE,PART_TIME,9,7.7,3,3.22,64.02,-0.5,6,1,2.54,7,0,0.0,NONE,0
EMP-SYNTH-2685,Product & Design,REMOTE,FULL_TIME,2,5.1,5,4.73,90.27,0.5,2,1,0.82,7,2,0.29,OCCASIONAL,0
EMP-SYNTH-2686,Enterprise Sales,REMOTE,PART_TIME,3,11.8,1,1.0,21.2,0.0,5,0,0.96,5,0,0.0,FREQUENT,1
EMP-SYNTH-2687,Human Resources,REMOTE,FULL_TIME,4,3.5,4,4.37,87.11,-1.0,6,1,0.46,0,0,0.0,OCCASIONAL,0
EMP-SYNTH-2688,Product & Design,REMOTE,PART_TIME,1,4.2,4,3.68,70.17,1.0,0,0,0.0,4,1,0.25,OCCASIONAL,0
EMP-SYNTH-2689,Human Resources,HYBRID,FULL_TIME,9,9.1,5,4.97,101.06,0.0,4,0,0.72,8,0,0.0,OCCASIONAL,0
EMP-SYNTH-2690,Human Resources,REMOTE,CONTRACT,9,9.2,5,5.0,97.97,0.0,6,2,0.4,1,1,1.0,NONE,0
EMP-SYNTH-2691,Engineering,REMOTE,FULL_TIME,6,8.2,5,4.51,94.84,-0.5,4,2,0.11,6,4,0.67,OCCASIONAL,1
EMP-SYNTH-2692,Engineering,OFFICE,FULL_TIME,6,11.2,3,3.34,71.47,0.5,4,3,1.97,5,4,0.8,OCCASIONAL,0
EMP-SYNTH-2693,Growth & Marketing,OFFICE,CONTRACT,4,4.1,1,1.0,16.87,1.0,2,0,1.1,7,7,1.0,FREQUENT,0
EMP-SYNTH-2694,Growth & Marketing,OFFICE,CONTRACT,9,3.4,3,2.57,56.19,0.0,6,1,0.8,4,2,0.5,FREQUENT,0
EMP-SYNTH-2695,Engineering,HYBRID,FULL_TIME,10,11.9,3,2.66,50.17,0.0,3,0,1.19,6,0,0.0,OCCASIONAL,0
EMP-SYNTH-2696,Enterprise Sales,REMOTE,FULL_TIME,3,9.8,2,2.18,41.22,0.0,0,0,0.0,0,0,0.0,OCCASIONAL,1
EMP-SYNTH-2697,Growth & Marketing,HYBRID,FULL_TIME,3,7.2,3,3.12,62.75,-1.0,6,2,0.74,4,4,1.0,FREQUENT,1
EMP-SYNTH-2698,Engineering,OFFICE,CONTRACT,9,1.8,4,4.1,77.08,-1.0,4,0,0.97,8,0,0.0,OCCASIONAL,0
EMP-SYNTH-2699,Growth & Marketing,OFFICE,PART_TIME,2,3.6,2,1.78,38.99,0.0,0,0,0.0,0,0,0.0,OCCASIONAL,1
EMP-SYNTH-2700,Product & Design,HYBRID,PART_TIME,7,9.8,3,2.54,47.64,-1.0,6,1,3.0,1,1,1.0,FREQUENT,1
EMP-SYNTH-2701,Enterprise Sales,HYBRID,CONTRACT,7,0.8,2,2.14,39.41,0.0,3,3,2.49,4,1,0.25,FREQUENT,1
EMP-SYNTH-2702,Product & Design,HYBRID,PART_TIME,4,5.1,2,1.96,42.29,0.5,4,2,1.75,5,4,0.8,NONE,0
EMP-SYNTH-2703,Human Resources,REMOTE,FULL_TIME,10,2.2,3,2.58,55.03,1.0,3,2,1.25,5,3,0.6,FREQUENT,0
EMP-SYNTH-2704,Enterprise Sales,REMOTE,CONTRACT,8,10.3,5,5.0,97.11,0.0,4,2,2.55,4,1,0.25,FREQUENT,0
EMP-SYNTH-2705,Growth & Marketing,HYBRID,CONTRACT,5,8.0,3,2.85,57.28,-0.5,5,2,0.57,2,0,0.0,NONE,1
EMP-SYNTH-2706,Product & Design,HYBRID,PART_TIME,8,4.9,2,1.69,29.79,-0.5,5,2,2.44,5,3,0.6,OCCASIONAL,1
EMP-SYNTH-2707,Product & Design,HYBRID,CONTRACT,2,6.3,1,1.0,20.04,0.5,1,1,2.65,0,0,0.0,OCCASIONAL,0
EMP-SYNTH-2708,Product & Design,OFFICE,PART_TIME,8,6.4,3,3.05,61.1,0.5,1,0,1.3,6,2,0.33,OCCASIONAL,0
EMP-SYNTH-2709,Growth & Marketing,OFFICE,FULL_TIME,6,8.1,3,3.31,70.72,0.0,5,1,0.42,6,4,0.67,NONE,0
EMP-SYNTH-2710,Product & Design,OFFICE,CONTRACT,2,6.6,4,4.11,84.73,0.0,2,2,2.97,8,0,0.0,NONE,0
EMP-SYNTH-2711,Human Resources,HYBRID,FULL_TIME,2,10.4,3,3.18,58.87,-0.5,4,2,1.09,0,0,0.0,FREQUENT,1
EMP-SYNTH-2712,Product & Design,REMOTE,CONTRACT,4,9.4,4,3.78,80.54,1.0,2,2,0.74,1,0,0.0,FREQUENT,1
EMP-SYNTH-2713,Human Resources,OFFICE,FULL_TIME,2,10.0,3,3.16,62.47,0.0,6,0,2.67,6,5,0.83,OCCASIONAL,0
EMP-SYNTH-2714,Enterprise Sales,HYBRID,PART_TIME,3,9.1,4,3.6,73.62,-1.0,2,0,1.65,8,4,0.5,NONE,0
EMP-SYNTH-2715,Enterprise Sales,HYBRID,FULL_TIME,7,0.7,2,2.05,40.69,0.0,6,2,1.93,3,2,0.67,NONE,1
EMP-SYNTH-2716,Human Resources,HYBRID,FULL_TIME,3,3.5,3,3.26,64.97,-0.5,3,3,0.76,7,5,0.71,NONE,0
EMP-SYNTH-2717,Human Resources,OFFICE,PART_TIME,9,6.5,3,2.59,56.16,0.0,4,2,1.3,0,0,0.0,FREQUENT,0
EMP-SYNTH-2718,Growth & Marketing,REMOTE,PART_TIME,9,6.1,4,4.37,84.16,-1.0,6,2,1.39,8,3,0.38,OCCASIONAL,0
EMP-SYNTH-2719,Growth & Marketing,HYBRID,CONTRACT,8,9.2,2,1.88,39.62,1.0,6,1,2.05,2,2,1.0,OCCASIONAL,0
EMP-SYNTH-2720,Engineering,OFFICE,CONTRACT,5,5.2,4,4.21,86.24,0.0,4,2,1.23,7,7,1.0,FREQUENT,0
EMP-SYNTH-2721,Engineering,HYBRID,PART_TIME,9,9.6,3,2.91,62.4,-0.5,6,2,1.86,4,2,0.5,FREQUENT,1
EMP-SYNTH-2722,Engineering,HYBRID,PART_TIME,6,9.1,2,2.45,47.32,1.0,0,0,0.0,4,3,0.75,NONE,1
EMP-SYNTH-2723,Enterprise Sales,REMOTE,PART_TIME,7,2.1,4,4.01,83.02,0.0,6,2,0.88,7,7,1.0,FREQUENT,0
EMP-SYNTH-2724,Human Resources,OFFICE,FULL_TIME,1,6.8,4,3.52,65.7,1.0,2,0,1.51,6,5,0.83,OCCASIONAL,0
EMP-SYNTH-2725,Growth & Marketing,OFFICE,CONTRACT,3,4.2,3,2.82,54.8,0.0,6,0,1.7,6,3,0.5,NONE,0
EMP-SYNTH-2726,Engineering,HYBRID,PART_TIME,1,0.5,3,3.44,68.95,0.0,1,1,0.47,2,1,0.5,FREQUENT,0
EMP-SYNTH-2727,Product & Design,HYBRID,PART_TIME,10,11.5,3,3.2,60.29,0.0,6,1,2.56,5,0,0.0,OCCASIONAL,1
EMP-SYNTH-2728,Product & Design,OFFICE,FULL_TIME,4,10.4,3,3.26,62.55,-0.5,3,3,1.12,7,7,1.0,OCCASIONAL,1
EMP-SYNTH-2729,Enterprise Sales,OFFICE,CONTRACT,3,5.0,4,3.83,80.14,0.0,0,0,0.0,1,0,0.0,OCCASIONAL,0
EMP-SYNTH-2730,Growth & Marketing,OFFICE,CONTRACT,1,5.9,3,3.13,64.46,-0.5,6,0,2.87,6,0,0.0,FREQUENT,0
EMP-SYNTH-2731,Growth & Marketing,HYBRID,FULL_TIME,8,10.2,5,4.89,99.88,0.0,4,3,2.5,4,3,0.75,NONE,0
EMP-SYNTH-2732,Engineering,REMOTE,FULL_TIME,3,3.8,3,2.89,57.8,-0.5,6,0,0.65,5,1,0.2,OCCASIONAL,0
EMP-SYNTH-2733,Growth & Marketing,REMOTE,PART_TIME,3,10.7,3,2.95,61.36,0.0,3,1,0.96,0,0,0.0,FREQUENT,0
EMP-SYNTH-2734,Enterprise Sales,OFFICE,PART_TIME,4,8.0,3,2.96,58.06,1.0,3,0,0.55,6,0,0.0,OCCASIONAL,0
EMP-SYNTH-2735,Growth & Marketing,HYBRID,PART_TIME,10,2.9,3,3.43,64.67,0.5,3,1,2.58,7,5,0.71,OCCASIONAL,0
EMP-SYNTH-2736,Growth & Marketing,OFFICE,PART_TIME,6,1.2,4,3.84,80.69,0.0,1,0,0.18,6,1,0.17,OCCASIONAL,0
EMP-SYNTH-2737,Human Resources,HYBRID,FULL_TIME,1,4.6,2,1.76,34.65,0.0,6,0,2.61,8,1,0.12,NONE,0
EMP-SYNTH-2738,Human Resources,HYBRID,PART_TIME,8,9.1,5,5.0,101.04,0.0,1,1,2.77,2,2,1.0,OCCASIONAL,0
EMP-SYNTH-2739,Growth & Marketing,HYBRID,PART_TIME,7,5.6,3,2.56,49.81,0.5,4,0,1.42,2,2,1.0,FREQUENT,0
EMP-SYNTH-2740,Growth & Marketing,OFFICE,CONTRACT,5,8.6,2,2.32,46.18,-1.0,5,1,1.72,3,0,0.0,NONE,1
EMP-SYNTH-2741,Human Resources,REMOTE,PART_TIME,10,2.7,4,3.92,74.97,-0.5,3,2,0.23,7,7,1.0,NONE,0
EMP-SYNTH-2742,Engineering,HYBRID,CONTRACT,3,8.6,4,3.56,72.1,0.0,6,0,1.42,5,2,0.4,FREQUENT,0
EMP-SYNTH-2743,Growth & Marketing,OFFICE,FULL_TIME,4,8.5,3,2.63,53.07,0.5,3,0,2.61,6,1,0.17,NONE,0
EMP-SYNTH-2744,Human Resources,HYBRID,PART_TIME,3,7.5,3,2.74,59.31,0.5,6,3,1.58,7,1,0.14,OCCASIONAL,0
EMP-SYNTH-2745,Human Resources,REMOTE,PART_TIME,7,4.0,5,4.91,99.84,1.0,3,2,1.24,5,2,0.4,NONE,0
EMP-SYNTH-2746,Growth & Marketing,OFFICE,FULL_TIME,1,11.1,2,2.05,39.53,1.0,0,0,0.0,8,7,0.88,OCCASIONAL,0
EMP-SYNTH-2747,Enterprise Sales,HYBRID,CONTRACT,6,9.1,4,3.84,72.91,-1.0,2,2,0.03,0,0,0.0,OCCASIONAL,0
EMP-SYNTH-2748,Product & Design,REMOTE,CONTRACT,7,1.4,3,3.03,63.32,0.5,3,3,0.58,6,6,1.0,FREQUENT,0
EMP-SYNTH-2749,Product & Design,REMOTE,CONTRACT,4,11.3,3,3.32,65.83,1.0,4,3,2.92,3,3,1.0,FREQUENT,0
EMP-SYNTH-2750,Enterprise Sales,OFFICE,PART_TIME,2,7.6,2,1.5,27.19,0.0,1,1,0.73,5,0,0.0,OCCASIONAL,0
EMP-SYNTH-2751,Human Resources,OFFICE,PART_TIME,5,0.6,5,4.5,89.73,0.0,0,0,0.0,6,1,0.17,FREQUENT,0
EMP-SYNTH-2752,Growth & Marketing,REMOTE,CONTRACT,4,11.7,3,2.52,50.73,1.0,2,2,0.34,8,1,0.12,OCCASIONAL,1
EMP-SYNTH-2753,Product & Design,REMOTE,PART_TIME,4,5.0,3,3.11,63.66,0.5,2,2,1.35,4,4,1.0,FREQUENT,0
EMP-SYNTH-2754,Product & Design,REMOTE,FULL_TIME,4,1.8,4,4.04,85.39,0.0,6,3,0.19,6,1,0.17,FREQUENT,0
EMP-SYNTH-2755,Product & Design,OFFICE,CONTRACT,8,3.4,3,2.78,54.99,-0.5,0,0,0.0,3,2,0.67,FREQUENT,0
EMP-SYNTH-2756,Engineering,HYBRID,FULL_TIME,9,9.2,4,3.97,78.13,0.5,6,1,0.38,2,2,1.0,NONE,0
EMP-SYNTH-2757,Engineering,OFFICE,CONTRACT,10,0.6,3,3.24,64.18,0.0,2,2,1.09,0,0,0.0,FREQUENT,0
EMP-SYNTH-2758,Product & Design,REMOTE,FULL_TIME,5,5.2,4,4.24,84.49,-0.5,1,0,0.74,0,0,0.0,OCCASIONAL,0
EMP-SYNTH-2759,Human Resources,OFFICE,CONTRACT,4,10.6,3,3.44,66.94,0.5,5,0,1.71,2,2,1.0,NONE,0
EMP-SYNTH-2760,Enterprise Sales,OFFICE,PART_TIME,8,6.9,4,3.83,76.31,1.0,6,1,2.33,7,3,0.43,OCCASIONAL,0
EMP-SYNTH-2761,Enterprise Sales,OFFICE,FULL_TIME,10,11.2,3,3.08,64.73,1.0,1,1,2.54,6,0,0.0,FREQUENT,0
EMP-SYNTH-2762,Enterprise Sales,HYBRID,CONTRACT,6,11.7,4,4.25,86.86,0.0,2,1,1.99,7,2,0.29,FREQUENT,0
EMP-SYNTH-2763,Enterprise Sales,OFFICE,PART_TIME,1,8.4,1,1.0,17.31,-0.5,5,1,1.21,2,1,0.5,FREQUENT,1
EMP-SYNTH-2764,Human Resources,OFFICE,CONTRACT,10,4.0,2,1.85,37.0,-1.0,3,3,0.96,8,7,0.88,NONE,1
EMP-SYNTH-2765,Product & Design,HYBRID,CONTRACT,9,1.5,4,4.29,89.27,0.0,5,0,2.95,8,4,0.5,NONE,0
EMP-SYNTH-2766,Human Resources,HYBRID,PART_TIME,1,4.7,4,3.84,78.07,-0.5,3,1,2.61,5,0,0.0,OCCASIONAL,0
EMP-SYNTH-2767,Engineering,REMOTE,FULL_TIME,4,10.3,3,2.92,55.22,-0.5,4,0,0.95,8,3,0.38,FREQUENT,1
EMP-SYNTH-2768,Human Resources,REMOTE,PART_TIME,6,3.1,3,3.31,68.91,-1.0,2,2,1.72,4,0,0.0,NONE,1
EMP-SYNTH-2769,Enterprise Sales,OFFICE,CONTRACT,4,0.5,4,4.19,84.46,0.5,2,2,0.65,6,4,0.67,OCCASIONAL,0
EMP-SYNTH-2770,Enterprise Sales,HYBRID,FULL_TIME,7,5.6,2,1.89,36.16,0.0,0,0,0.0,7,7,1.0,OCCASIONAL,0
EMP-SYNTH-2771,Product & Design,HYBRID,CONTRACT,8,9.5,4,4.25,83.27,-1.0,6,0,0.96,7,7,1.0,FREQUENT,1
EMP-SYNTH-2772,Product & Design,OFFICE,FULL_TIME,6,8.4,4,4.03,81.75,0.5,4,0,0.08,8,5,0.62,OCCASIONAL,0
EMP-SYNTH-2773,Growth & Marketing,REMOTE,FULL_TIME,4,4.4,3,3.26,68.04,1.0,1,0,1.58,2,1,0.5,NONE,0
EMP-SYNTH-2774,Product & Design,OFFICE,CONTRACT,5,7.2,2,1.88,37.83,-1.0,3,0,0.26,5,5,1.0,OCCASIONAL,0
EMP-SYNTH-2775,Enterprise Sales,OFFICE,FULL_TIME,5,0.7,3,3.16,61.76,-1.0,0,0,0.0,5,4,0.8,OCCASIONAL,0
EMP-SYNTH-2776,Growth & Marketing,OFFICE,FULL_TIME,8,0.8,4,4.07,83.22,1.0,3,2,1.82,4,4,1.0,NONE,0
EMP-SYNTH-2777,Product & Design,REMOTE,PART_TIME,6,9.0,4,4.15,83.06,-1.0,5,1,2.37,6,1,0.17,FREQUENT,1
EMP-SYNTH-2778,Human Resources,OFFICE,CONTRACT,6,4.2,3,3.24,64.65,0.5,5,1,0.71,1,1,1.0,FREQUENT,0
EMP-SYNTH-2779,Human Resources,REMOTE,CONTRACT,10,7.8,4,3.9,75.48,0.5,0,0,0.0,0,0,0.0,OCCASIONAL,0
EMP-SYNTH-2780,Growth & Marketing,OFFICE,CONTRACT,9,10.5,3,3.24,64.76,-0.5,6,2,0.31,0,0,0.0,NONE,1
EMP-SYNTH-2781,Enterprise Sales,OFFICE,PART_TIME,10,6.3,3,2.57,54.65,0.5,4,0,2.66,6,4,0.67,FREQUENT,1
EMP-SYNTH-2782,Human Resources,HYBRID,PART_TIME,5,4.9,2,1.68,29.56,-1.0,0,0,0.0,4,2,0.5,OCCASIONAL,1
EMP-SYNTH-2783,Enterprise Sales,REMOTE,FULL_TIME,6,5.6,2,2.37,44.59,-1.0,1,1,1.21,8,7,0.88,OCCASIONAL,1
EMP-SYNTH-2784,Growth & Marketing,REMOTE,CONTRACT,10,11.3,3,2.86,57.75,1.0,4,3,0.36,3,1,0.33,NONE,0
EMP-SYNTH-2785,Product & Design,REMOTE,FULL_TIME,7,0.9,3,2.88,62.04,-1.0,2,1,1.34,6,2,0.33,NONE,0
EMP-SYNTH-2786,Engineering,REMOTE,FULL_TIME,7,3.5,5,5.0,100.0,1.0,1,1,2.22,4,2,0.5,OCCASIONAL,0
EMP-SYNTH-2787,Engineering,HYBRID,PART_TIME,10,9.7,2,1.72,36.7,0.0,4,0,0.76,8,7,0.88,OCCASIONAL,0
EMP-SYNTH-2788,Growth & Marketing,OFFICE,CONTRACT,4,7.3,5,5.0,98.12,-0.5,6,3,2.01,0,0,0.0,OCCASIONAL,1
EMP-SYNTH-2789,Engineering,REMOTE,CONTRACT,5,10.2,4,3.5,66.7,1.0,0,0,0.0,5,1,0.2,OCCASIONAL,0
EMP-SYNTH-2790,Enterprise Sales,OFFICE,PART_TIME,4,2.1,5,5.0,103.31,-0.5,4,2,2.82,5,2,0.4,NONE,0
EMP-SYNTH-2791,Engineering,HYBRID,PART_TIME,6,3.6,2,2.47,48.02,-0.5,6,3,1.02,5,3,0.6,FREQUENT,1
EMP-SYNTH-2792,Product & Design,HYBRID,PART_TIME,3,8.5,3,2.97,55.91,-0.5,1,1,0.1,2,2,1.0,FREQUENT,1
EMP-SYNTH-2793,Human Resources,REMOTE,PART_TIME,2,8.9,3,2.91,54.78,-0.5,1,0,2.64,2,1,0.5,OCCASIONAL,1
EMP-SYNTH-2794,Product & Design,REMOTE,PART_TIME,6,11.0,4,4.36,88.01,0.0,6,3,1.61,7,7,1.0,OCCASIONAL,0
EMP-SYNTH-2795,Growth & Marketing,HYBRID,FULL_TIME,10,3.8,4,3.69,69.53,0.0,3,2,1.91,7,2,0.29,FREQUENT,0
EMP-SYNTH-2796,Growth & Marketing,REMOTE,PART_TIME,10,11.6,1,1.19,21.1,1.0,3,3,1.94,3,1,0.33,NONE,0
EMP-SYNTH-2797,Human Resources,OFFICE,CONTRACT,2,10.9,4,3.71,70.27,0.0,4,0,1.02,4,0,0.0,NONE,0
EMP-SYNTH-2798,Human Resources,OFFICE,FULL_TIME,6,9.6,4,4.39,83.76,-1.0,0,0,0.0,6,2,0.33,FREQUENT,0
EMP-SYNTH-2799,Engineering,OFFICE,FULL_TIME,7,2.1,2,1.62,33.37,0.5,4,2,2.87,1,0,0.0,OCCASIONAL,1
EMP-SYNTH-2800,Human Resources,HYBRID,CONTRACT,9,11.0,3,2.75,58.09,0.0,4,0,0.06,6,6,1.0,OCCASIONAL,0
EMP-SYNTH-2801,Engineering,HYBRID,CONTRACT,3,3.2,3,2.56,50.17,-0.5,3,1,2.43,4,3,0.75,FREQUENT,0
EMP-SYNTH-2802,Product & Design,OFFICE,PART_TIME,9,11.9,2,2.46,48.46,1.0,0,0,0.0,5,0,0.0,OCCASIONAL,0
EMP-SYNTH-2803,Human Resources,OFFICE,FULL_TIME,9,3.8,2,2.37,50.84,0.5,3,0,1.18,8,1,0.12,NONE,0
EMP-SYNTH-2804,Product & Design,OFFICE,CONTRACT,9,5.1,5,4.55,91.33,0.0,4,0,2.29,8,2,0.25,NONE,0
EMP-SYNTH-2805,Product & Design,OFFICE,CONTRACT,4,5.9,2,2.03,45.34,-1.0,2,0,1.74,3,0,0.0,FREQUENT,1
EMP-SYNTH-2806,Engineering,REMOTE,PART_TIME,7,2.5,4,3.98,80.92,1.0,2,1,0.86,5,5,1.0,OCCASIONAL,0
EMP-SYNTH-2807,Growth & Marketing,HYBRID,PART_TIME,9,10.2,4,3.56,67.88,-0.5,4,0,2.67,2,0,0.0,FREQUENT,1
EMP-SYNTH-2808,Human Resources,HYBRID,CONTRACT,3,11.6,3,2.54,48.77,1.0,6,1,1.65,4,3,0.75,OCCASIONAL,0
EMP-SYNTH-2809,Product & Design,OFFICE,PART_TIME,2,6.3,3,2.81,57.2,0.0,4,0,0.17,2,2,1.0,OCCASIONAL,0
EMP-SYNTH-2810,Enterprise Sales,HYBRID,PART_TIME,4,6.0,3,3.48,71.1,1.0,0,0,0.0,5,4,0.8,NONE,0
EMP-SYNTH-2811,Growth & Marketing,REMOTE,CONTRACT,1,0.7,4,4.25,89.69,0.5,4,0,2.2,1,1,1.0,NONE,0
EMP-SYNTH-2812,Human Resources,REMOTE,PART_TIME,9,0.5,2,1.74,37.86,0.0,5,3,1.74,4,0,0.0,NONE,1
EMP-SYNTH-2813,Engineering,OFFICE,CONTRACT,7,0.9,4,4.18,88.49,-0.5,2,0,0.02,6,1,0.17,NONE,0
EMP-SYNTH-2814,Growth & Marketing,OFFICE,FULL_TIME,7,9.0,2,1.89,41.18,-0.5,1,0,1.14,4,0,0.0,FREQUENT,1
EMP-SYNTH-2815,Human Resources,OFFICE,FULL_TIME,1,1.2,2,1.95,40.02,0.5,2,1,1.4,4,0,0.0,OCCASIONAL,1
EMP-SYNTH-2816,Growth & Marketing,REMOTE,FULL_TIME,9,1.3,4,3.51,73.62,0.0,3,3,2.39,3,2,0.67,NONE,0
EMP-SYNTH-2817,Enterprise Sales,OFFICE,CONTRACT,10,4.7,3,2.93,57.22,0.0,0,0,0.0,0,0,0.0,FREQUENT,0
EMP-SYNTH-2818,Growth & Marketing,REMOTE,CONTRACT,2,1.1,3,3.24,60.02,0.0,4,1,2.9,5,3,0.6,OCCASIONAL,1
EMP-SYNTH-2819,Enterprise Sales,REMOTE,FULL_TIME,5,7.2,3,2.59,50.17,-0.5,1,1,2.59,7,5,0.71,NONE,0
EMP-SYNTH-2820,Growth & Marketing,REMOTE,PART_TIME,10,8.6,4,4.02,83.47,-1.0,3,1,0.3,1,1,1.0,NONE,0
EMP-SYNTH-2821,Engineering,OFFICE,CONTRACT,3,8.8,2,1.79,38.86,0.0,2,1,2.9,7,3,0.43,NONE,1
EMP-SYNTH-2822,Enterprise Sales,OFFICE,PART_TIME,8,10.8,4,3.76,75.93,-1.0,5,3,1.21,5,2,0.4,OCCASIONAL,0
EMP-SYNTH-2823,Engineering,HYBRID,CONTRACT,8,9.0,1,1.0,23.93,1.0,6,0,2.8,6,0,0.0,OCCASIONAL,0
EMP-SYNTH-2824,Engineering,OFFICE,FULL_TIME,3,5.7,3,3.36,68.85,0.5,5,0,1.37,0,0,0.0,OCCASIONAL,0
EMP-SYNTH-2825,Enterprise Sales,HYBRID,CONTRACT,6,11.5,3,2.51,45.84,-1.0,5,2,0.87,2,1,0.5,FREQUENT,1
EMP-SYNTH-2826,Enterprise Sales,HYBRID,FULL_TIME,5,1.4,3,2.78,53.31,1.0,1,1,2.88,1,0,0.0,OCCASIONAL,0
EMP-SYNTH-2827,Enterprise Sales,REMOTE,CONTRACT,7,11.3,2,2.41,48.48,-0.5,1,0,1.93,4,1,0.25,FREQUENT,1
EMP-SYNTH-2828,Growth & Marketing,REMOTE,CONTRACT,1,3.1,4,4.44,91.89,-1.0,5,2,1.84,3,2,0.67,FREQUENT,1
EMP-SYNTH-2829,Enterprise Sales,REMOTE,CONTRACT,3,1.2,4,3.79,73.37,-0.5,6,1,0.3,6,6,1.0,OCCASIONAL,0
EMP-SYNTH-2830,Enterprise Sales,OFFICE,CONTRACT,5,1.7,4,3.71,79.0,1.0,0,0,0.0,4,3,0.75,FREQUENT,0
EMP-SYNTH-2831,Human Resources,HYBRID,FULL_TIME,1,11.4,3,3.35,62.46,0.0,4,3,1.73,5,3,0.6,FREQUENT,0
EMP-SYNTH-2832,Growth & Marketing,OFFICE,FULL_TIME,5,1.7,4,4.13,87.27,1.0,2,1,0.92,7,3,0.43,NONE,0
EMP-SYNTH-2833,Product & Design,HYBRID,FULL_TIME,6,11.8,4,4.36,86.89,0.0,6,3,0.1,6,4,0.67,OCCASIONAL,0
EMP-SYNTH-2834,Human Resources,OFFICE,PART_TIME,8,9.7,3,2.75,50.04,0.5,1,1,0.06,1,1,1.0,FREQUENT,0
EMP-SYNTH-2835,Enterprise Sales,HYBRID,PART_TIME,8,3.6,1,1.12,19.09,-1.0,2,2,2.36,5,0,0.0,FREQUENT,1
EMP-SYNTH-2836,Human Resources,HYBRID,FULL_TIME,9,3.6,4,3.89,77.85,0.0,1,0,0.86,6,5,0.83,NONE,0
EMP-SYNTH-2837,Engineering,HYBRID,CONTRACT,5,0.9,4,4.22,88.39,0.0,1,1,1.54,0,0,0.0,OCCASIONAL,0
EMP-SYNTH-2838,Engineering,OFFICE,PART_TIME,2,5.8,3,3.1,65.78,-0.5,6,1,0.63,1,0,0.0,OCCASIONAL,1
EMP-SYNTH-2839,Enterprise Sales,REMOTE,CONTRACT,3,4.5,4,4.21,81.34,0.0,6,3,0.37,2,2,1.0,OCCASIONAL,0
EMP-SYNTH-2840,Product & Design,OFFICE,FULL_TIME,5,9.6,3,3.21,61.09,-0.5,2,2,1.48,7,4,0.57,NONE,0
EMP-SYNTH-2841,Engineering,HYBRID,CONTRACT,3,0.6,3,2.53,51.54,0.0,2,0,1.11,8,7,0.88,NONE,0
EMP-SYNTH-2842,Human Resources,REMOTE,FULL_TIME,6,12.0,2,2.46,52.14,-0.5,6,0,2.59,5,2,0.4,FREQUENT,1
EMP-SYNTH-2843,Growth & Marketing,REMOTE,CONTRACT,10,9.7,4,3.72,72.35,-0.5,3,1,1.38,5,3,0.6,NONE,0
EMP-SYNTH-2844,Engineering,REMOTE,PART_TIME,2,2.0,2,1.74,30.84,1.0,5,0,0.72,3,0,0.0,NONE,1
EMP-SYNTH-2845,Engineering,REMOTE,CONTRACT,4,4.8,4,3.54,74.48,0.0,4,2,2.86,4,0,0.0,NONE,0
EMP-SYNTH-2846,Human Resources,OFFICE,FULL_TIME,3,10.9,3,3.29,66.04,0.0,5,3,0.18,4,1,0.25,FREQUENT,1
EMP-SYNTH-2847,Engineering,OFFICE,CONTRACT,1,11.8,5,5.0,99.4,0.5,1,1,1.85,1,0,0.0,NONE,0
EMP-SYNTH-2848,Growth & Marketing,OFFICE,FULL_TIME,7,8.0,3,3.12,65.5,-0.5,3,0,1.12,3,0,0.0,OCCASIONAL,0
EMP-SYNTH-2849,Growth & Marketing,REMOTE,CONTRACT,10,6.8,4,4.3,86.4,-0.5,3,2,2.95,7,3,0.43,FREQUENT,1
EMP-SYNTH-2850,Human Resources,REMOTE,FULL_TIME,5,7.1,3,2.81,54.86,0.0,0,0,0.0,7,0,0.0,NONE,0
EMP-SYNTH-2851,Product & Design,OFFICE,CONTRACT,6,8.0,3,2.63,49.64,0.0,4,0,2.0,8,0,0.0,FREQUENT,0
EMP-SYNTH-2852,Human Resources,HYBRID,CONTRACT,1,9.8,2,2.41,46.0,0.0,4,1,2.88,8,7,0.88,FREQUENT,1
EMP-SYNTH-2853,Product & Design,OFFICE,CONTRACT,2,11.9,3,2.79,54.01,-0.5,1,0,1.34,0,0,0.0,OCCASIONAL,0
EMP-SYNTH-2854,Engineering,HYBRID,PART_TIME,7,3.0,5,4.59,92.53,-1.0,5,3,2.09,1,1,1.0,OCCASIONAL,0
EMP-SYNTH-2855,Human Resources,OFFICE,PART_TIME,4,6.1,4,4.34,84.36,-1.0,1,1,1.48,1,1,1.0,NONE,0
EMP-SYNTH-2856,Growth & Marketing,HYBRID,PART_TIME,4,0.8,2,2.04,37.17,-1.0,0,0,0.0,5,4,0.8,NONE,0
EMP-SYNTH-2857,Engineering,REMOTE,FULL_TIME,2,5.0,4,3.95,80.93,-0.5,2,1,1.68,7,3,0.43,NONE,0
EMP-SYNTH-2858,Product & Design,OFFICE,CONTRACT,6,10.1,3,3.11,60.55,-0.5,3,3,1.87,1,0,0.0,NONE,1
EMP-SYNTH-2859,Enterprise Sales,OFFICE,PART_TIME,1,7.6,3,3.31,70.9,-1.0,6,1,0.94,5,0,0.0,FREQUENT,1
EMP-SYNTH-2860,Enterprise Sales,HYBRID,PART_TIME,5,3.7,3,3.45,68.47,1.0,5,0,2.47,7,4,0.57,OCCASIONAL,0
EMP-SYNTH-2861,Human Resources,OFFICE,CONTRACT,5,1.1,5,4.86,93.05,0.0,5,2,1.26,4,0,0.0,FREQUENT,1
EMP-SYNTH-2862,Enterprise Sales,HYBRID,CONTRACT,6,7.4,3,2.74,59.05,-1.0,0,0,0.0,4,0,0.0,OCCASIONAL,0
EMP-SYNTH-2863,Engineering,REMOTE,PART_TIME,9,1.1,4,3.52,66.12,0.0,6,2,2.86,5,2,0.4,FREQUENT,0
EMP-SYNTH-2864,Engineering,OFFICE,CONTRACT,1,0.8,4,3.75,73.59,0.5,3,3,1.59,3,2,0.67,FREQUENT,1
EMP-SYNTH-2865,Growth & Marketing,REMOTE,CONTRACT,3,4.7,1,1.49,30.32,0.5,1,1,1.19,2,1,0.5,OCCASIONAL,0
EMP-SYNTH-2866,Human Resources,HYBRID,FULL_TIME,8,7.4,4,3.59,71.87,-0.5,5,0,2.38,6,2,0.33,NONE,0
EMP-SYNTH-2867,Product & Design,OFFICE,PART_TIME,2,4.7,3,2.52,47.8,0.0,0,0,0.0,1,1,1.0,OCCASIONAL,0
EMP-SYNTH-2868,Product & Design,REMOTE,CONTRACT,7,10.6,4,4.33,82.62,-1.0,5,1,2.33,2,2,1.0,NONE,0
EMP-SYNTH-2869,Engineering,HYBRID,CONTRACT,7,5.9,2,1.81,34.96,0.0,4,2,2.76,4,3,0.75,FREQUENT,1
EMP-SYNTH-2870,Growth & Marketing,HYBRID,FULL_TIME,5,8.4,2,2.16,40.48,0.5,6,0,2.6,3,3,1.0,FREQUENT,1
EMP-SYNTH-2871,Human Resources,REMOTE,PART_TIME,5,9.3,5,5.0,102.1,0.5,3,2,2.94,1,1,1.0,OCCASIONAL,0
EMP-SYNTH-2872,Growth & Marketing,REMOTE,FULL_TIME,1,7.1,3,2.84,59.41,0.5,2,1,0.7,2,2,1.0,FREQUENT,0
EMP-SYNTH-2873,Product & Design,HYBRID,PART_TIME,9,6.2,1,1.46,31.72,0.0,3,3,1.25,4,4,1.0,OCCASIONAL,1
EMP-SYNTH-2874,Engineering,REMOTE,FULL_TIME,5,10.3,3,3.06,64.75,0.0,0,0,0.0,2,2,1.0,FREQUENT,0
EMP-SYNTH-2875,Enterprise Sales,REMOTE,CONTRACT,7,9.8,3,3.19,62.8,-1.0,5,0,1.76,3,2,0.67,NONE,0
EMP-SYNTH-2876,Product & Design,HYBRID,PART_TIME,10,2.9,3,3.36,67.16,-1.0,4,2,1.26,7,5,0.71,FREQUENT,1
EMP-SYNTH-2877,Engineering,OFFICE,PART_TIME,6,10.2,3,3.29,68.77,1.0,4,3,1.45,4,2,0.5,OCCASIONAL,0
EMP-SYNTH-2878,Engineering,REMOTE,FULL_TIME,6,9.8,4,3.97,83.65,-0.5,2,2,0.05,1,1,1.0,OCCASIONAL,0
EMP-SYNTH-2879,Product & Design,REMOTE,PART_TIME,5,0.9,4,4.12,83.63,0.5,2,1,2.44,2,1,0.5,OCCASIONAL,0
EMP-SYNTH-2880,Product & Design,REMOTE,PART_TIME,9,3.6,3,2.84,58.49,0.0,3,3,0.63,5,5,1.0,OCCASIONAL,0
EMP-SYNTH-2881,Human Resources,OFFICE,PART_TIME,6,0.8,3,2.84,53.96,-1.0,5,3,0.48,7,2,0.29,FREQUENT,1
EMP-SYNTH-2882,Human Resources,REMOTE,CONTRACT,10,4.3,3,3.06,56.8,1.0,4,2,2.52,2,2,1.0,FREQUENT,0
EMP-SYNTH-2883,Enterprise Sales,REMOTE,FULL_TIME,4,5.2,3,3.11,57.51,1.0,1,1,1.31,4,2,0.5,FREQUENT,0
EMP-SYNTH-2884,Growth & Marketing,REMOTE,FULL_TIME,6,1.0,5,5.0,98.98,-1.0,3,2,0.67,7,7,1.0,FREQUENT,1
EMP-SYNTH-2885,Growth & Marketing,REMOTE,FULL_TIME,5,6.1,3,2.79,60.75,0.5,0,0,0.0,3,3,1.0,FREQUENT,0
EMP-SYNTH-2886,Enterprise Sales,OFFICE,CONTRACT,10,2.5,1,1.0,15.74,0.0,4,3,1.59,7,2,0.29,NONE,1
EMP-SYNTH-2887,Engineering,REMOTE,PART_TIME,1,0.7,2,1.72,37.9,0.0,6,0,0.42,7,4,0.57,NONE,1
EMP-SYNTH-2888,Growth & Marketing,HYBRID,FULL_TIME,5,7.7,2,1.5,31.97,1.0,4,2,2.72,1,0,0.0,FREQUENT,1
EMP-SYNTH-2889,Human Resources,HYBRID,CONTRACT,7,10.9,1,1.0,16.07,-0.5,4,3,2.98,1,1,1.0,OCCASIONAL,1
EMP-SYNTH-2890,Engineering,OFFICE,PART_TIME,3,0.8,2,1.73,37.74,1.0,0,0,0.0,6,3,0.5,FREQUENT,1
EMP-SYNTH-2891,Enterprise Sales,HYBRID,PART_TIME,5,2.3,3,3.43,71.87,0.5,5,1,2.16,5,5,1.0,FREQUENT,0
EMP-SYNTH-2892,Human Resources,HYBRID,PART_TIME,5,4.9,3,2.98,57.66,0.5,5,2,0.16,3,0,0.0,FREQUENT,0
EMP-SYNTH-2893,Human Resources,REMOTE,CONTRACT,3,8.4,2,1.95,36.04,-1.0,3,1,1.07,5,2,0.4,NONE,1
EMP-SYNTH-2894,Growth & Marketing,OFFICE,CONTRACT,5,8.3,4,3.75,74.66,0.0,4,3,2.29,7,3,0.43,FREQUENT,0
EMP-SYNTH-2895,Growth & Marketing,HYBRID,PART_TIME,10,10.1,4,3.58,68.31,0.5,3,3,0.5,7,7,1.0,OCCASIONAL,0
EMP-SYNTH-2896,Growth & Marketing,OFFICE,FULL_TIME,5,0.7,3,3.37,70.24,0.5,3,3,0.94,4,0,0.0,FREQUENT,1
EMP-SYNTH-2897,Product & Design,REMOTE,FULL_TIME,2,8.2,2,1.52,25.6,-1.0,5,0,1.38,1,0,0.0,NONE,1
EMP-SYNTH-2898,Human Resources,HYBRID,FULL_TIME,8,1.1,5,4.92,97.78,-1.0,2,2,1.19,5,2,0.4,NONE,0
EMP-SYNTH-2899,Engineering,HYBRID,FULL_TIME,6,2.9,2,1.58,35.42,1.0,2,2,0.91,6,3,0.5,NONE,0
EMP-SYNTH-2900,Human Resources,REMOTE,FULL_TIME,1,8.8,4,4.49,91.73,0.0,4,1,0.28,7,5,0.71,OCCASIONAL,0
EMP-SYNTH-2901,Engineering,REMOTE,FULL_TIME,1,2.6,2,2.43,53.58,0.0,1,1,0.64,7,0,0.0,NONE,1
EMP-SYNTH-2902,Engineering,HYBRID,CONTRACT,10,2.5,2,2.33,51.39,0.5,6,1,2.76,2,2,1.0,FREQUENT,0
EMP-SYNTH-2903,Product & Design,OFFICE,FULL_TIME,7,1.4,3,2.83,60.06,0.5,3,3,0.16,5,0,0.0,OCCASIONAL,0
EMP-SYNTH-2904,Engineering,REMOTE,CONTRACT,2,1.2,3,3.35,71.94,-1.0,2,1,0.16,5,5,1.0,NONE,0
EMP-SYNTH-2905,Engineering,HYBRID,FULL_TIME,10,11.4,4,4.41,92.82,1.0,3,0,2.49,2,1,0.5,OCCASIONAL,0
EMP-SYNTH-2906,Product & Design,REMOTE,CONTRACT,10,5.5,1,1.0,24.13,0.0,3,1,0.95,5,0,0.0,OCCASIONAL,0
EMP-SYNTH-2907,Human Resources,OFFICE,CONTRACT,7,10.4,4,3.89,81.57,1.0,5,3,2.27,7,5,0.71,OCCASIONAL,0
EMP-SYNTH-2908,Human Resources,REMOTE,CONTRACT,2,9.6,3,3.06,64.09,0.0,0,0,0.0,8,0,0.0,NONE,0
EMP-SYNTH-2909,Growth & Marketing,REMOTE,PART_TIME,6,4.6,3,3.06,60.21,1.0,4,3,2.55,5,0,0.0,OCCASIONAL,0
EMP-SYNTH-2910,Product & Design,REMOTE,PART_TIME,3,7.7,5,5.0,102.49,0.0,6,0,1.59,0,0,0.0,NONE,0
EMP-SYNTH-2911,Engineering,REMOTE,FULL_TIME,4,5.5,3,2.92,61.11,-0.5,3,2,2.63,7,0,0.0,OCCASIONAL,1
EMP-SYNTH-2912,Growth & Marketing,HYBRID,PART_TIME,2,3.9,4,4.43,88.05,0.0,5,0,1.32,0,0,0.0,OCCASIONAL,0
EMP-SYNTH-2913,Growth & Marketing,OFFICE,CONTRACT,4,5.4,3,2.65,57.32,0.5,5,3,1.17,1,0,0.0,OCCASIONAL,0
EMP-SYNTH-2914,Engineering,REMOTE,FULL_TIME,1,9.7,3,2.58,54.92,0.0,2,0,2.13,8,0,0.0,NONE,0
EMP-SYNTH-2915,Enterprise Sales,REMOTE,PART_TIME,5,2.6,3,2.87,56.97,-1.0,4,3,2.76,7,0,0.0,OCCASIONAL,1
EMP-SYNTH-2916,Engineering,HYBRID,PART_TIME,3,9.7,2,2.26,43.19,-1.0,2,0,0.03,2,0,0.0,OCCASIONAL,1
EMP-SYNTH-2917,Human Resources,REMOTE,FULL_TIME,6,7.7,3,2.7,58.54,0.0,2,2,0.16,8,1,0.12,NONE,0
EMP-SYNTH-2918,Growth & Marketing,HYBRID,CONTRACT,5,8.4,4,4.27,86.31,0.5,6,0,0.27,2,1,0.5,OCCASIONAL,0
EMP-SYNTH-2919,Human Resources,OFFICE,PART_TIME,4,5.3,4,4.36,87.6,-0.5,2,1,2.47,0,0,0.0,OCCASIONAL,0
EMP-SYNTH-2920,Engineering,HYBRID,PART_TIME,7,8.8,3,2.73,53.32,0.0,4,2,2.65,1,1,1.0,NONE,0
EMP-SYNTH-2921,Enterprise Sales,REMOTE,CONTRACT,2,5.5,3,3.48,68.66,0.0,4,3,2.77,3,3,1.0,NONE,0
EMP-SYNTH-2922,Enterprise Sales,HYBRID,CONTRACT,4,11.2,4,4.12,79.18,0.0,2,0,2.42,0,0,0.0,FREQUENT,0
EMP-SYNTH-2923,Product & Design,OFFICE,PART_TIME,8,6.9,5,5.0,103.22,1.0,6,3,2.73,8,3,0.38,FREQUENT,0
EMP-SYNTH-2924,Engineering,OFFICE,PART_TIME,1,5.5,3,2.79,53.67,-0.5,6,1,2.86,0,0,0.0,OCCASIONAL,0
EMP-SYNTH-2925,Engineering,OFFICE,PART_TIME,6,10.1,4,3.5,70.34,1.0,6,3,2.66,6,2,0.33,FREQUENT,0
EMP-SYNTH-2926,Enterprise Sales,REMOTE,PART_TIME,1,3.8,3,3.11,57.71,0.0,5,1,0.17,7,0,0.0,NONE,0
EMP-SYNTH-2927,Enterprise Sales,HYBRID,PART_TIME,10,0.8,4,3.93,77.28,-0.5,0,0,0.0,5,5,1.0,NONE,0
EMP-SYNTH-2928,Growth & Marketing,HYBRID,CONTRACT,8,4.3,3,3.4,68.08,-1.0,4,2,0.54,4,0,0.0,OCCASIONAL,1
EMP-SYNTH-2929,Human Resources,HYBRID,FULL_TIME,9,4.2,1,1.0,18.15,-0.5,0,0,0.0,2,2,1.0,OCCASIONAL,1
EMP-SYNTH-2930,Engineering,OFFICE,FULL_TIME,6,2.3,3,2.59,51.18,0.5,3,2,0.04,5,0,0.0,NONE,1
EMP-SYNTH-2931,Growth & Marketing,HYBRID,PART_TIME,2,10.6,4,3.59,67.05,1.0,0,0,0.0,1,0,0.0,NONE,0
EMP-SYNTH-2932,Engineering,REMOTE,CONTRACT,1,11.7,4,3.87,75.71,0.5,4,1,0.65,2,1,0.5,OCCASIONAL,0
EMP-SYNTH-2933,Growth & Marketing,OFFICE,CONTRACT,9,7.1,5,4.77,92.66,0.0,6,1,0.13,2,2,1.0,OCCASIONAL,0
EMP-SYNTH-2934,Engineering,REMOTE,FULL_TIME,6,5.2,3,2.55,46.81,0.0,6,0,0.61,3,2,0.67,FREQUENT,0
EMP-SYNTH-2935,Engineering,OFFICE,PART_TIME,6,6.7,4,4.07,85.34,0.0,4,2,2.61,6,2,0.33,NONE,0
EMP-SYNTH-2936,Human Resources,OFFICE,PART_TIME,5,10.9,5,5.0,100.96,0.0,2,1,1.66,1,1,1.0,NONE,0
EMP-SYNTH-2937,Growth & Marketing,HYBRID,CONTRACT,2,11.0,3,2.73,56.13,-1.0,4,3,1.85,7,6,0.86,NONE,1
EMP-SYNTH-2938,Engineering,OFFICE,FULL_TIME,1,3.7,4,3.71,77.33,1.0,4,1,0.31,6,0,0.0,NONE,1
EMP-SYNTH-2939,Product & Design,OFFICE,PART_TIME,3,6.2,3,2.52,48.5,0.5,3,3,1.29,4,3,0.75,NONE,0
EMP-SYNTH-2940,Enterprise Sales,OFFICE,PART_TIME,3,5.8,3,3.01,59.38,0.0,1,1,1.51,5,1,0.2,OCCASIONAL,0
EMP-SYNTH-2941,Human Resources,HYBRID,FULL_TIME,9,9.4,5,4.65,89.9,-1.0,4,3,0.09,8,2,0.25,OCCASIONAL,1
EMP-SYNTH-2942,Enterprise Sales,REMOTE,FULL_TIME,9,8.5,3,2.6,52.63,1.0,5,3,2.52,6,3,0.5,FREQUENT,0
EMP-SYNTH-2943,Human Resources,HYBRID,PART_TIME,2,10.6,3,3.07,56.51,0.0,6,3,2.56,8,8,1.0,NONE,0
EMP-SYNTH-2944,Growth & Marketing,OFFICE,CONTRACT,3,4.7,3,2.77,53.63,-1.0,3,0,2.03,2,0,0.0,FREQUENT,0
EMP-SYNTH-2945,Product & Design,OFFICE,PART_TIME,10,7.5,3,3.1,57.08,-1.0,0,0,0.0,8,3,0.38,OCCASIONAL,0
EMP-SYNTH-2946,Growth & Marketing,REMOTE,PART_TIME,5,3.5,3,2.96,59.94,0.0,4,1,0.58,6,6,1.0,OCCASIONAL,0
EMP-SYNTH-2947,Growth & Marketing,REMOTE,PART_TIME,8,11.0,4,3.89,74.63,-0.5,0,0,0.0,6,5,0.83,OCCASIONAL,0
EMP-SYNTH-2948,Engineering,REMOTE,PART_TIME,10,10.7,3,3.18,60.83,-1.0,4,3,2.17,0,0,0.0,OCCASIONAL,1
EMP-SYNTH-2949,Growth & Marketing,OFFICE,PART_TIME,6,8.6,4,3.94,75.07,1.0,6,3,0.07,1,1,1.0,OCCASIONAL,0
EMP-SYNTH-2950,Engineering,OFFICE,PART_TIME,8,2.8,2,2.32,51.13,-1.0,6,3,2.01,6,1,0.17,OCCASIONAL,1
EMP-SYNTH-2951,Enterprise Sales,HYBRID,PART_TIME,5,11.6,3,2.7,50.11,0.5,1,1,0.68,0,0,0.0,FREQUENT,1
EMP-SYNTH-2952,Enterprise Sales,OFFICE,FULL_TIME,9,4.1,1,1.41,28.41,1.0,3,2,2.69,1,1,1.0,OCCASIONAL,0
EMP-SYNTH-2953,Enterprise Sales,REMOTE,CONTRACT,7,2.1,3,3.2,64.11,0.0,6,3,1.03,2,1,0.5,OCCASIONAL,0
EMP-SYNTH-2954,Product & Design,REMOTE,PART_TIME,7,5.1,2,1.68,34.67,0.0,1,0,2.95,6,3,0.5,FREQUENT,0
EMP-SYNTH-2955,Product & Design,OFFICE,CONTRACT,1,1.6,5,4.76,92.48,-0.5,3,1,1.67,8,8,1.0,NONE,0
EMP-SYNTH-2956,Human Resources,HYBRID,PART_TIME,10,6.5,2,1.86,41.01,0.0,5,3,0.56,6,3,0.5,NONE,0
EMP-SYNTH-2957,Engineering,OFFICE,CONTRACT,7,4.8,3,3.05,61.6,0.0,1,1,1.96,1,1,1.0,FREQUENT,0
EMP-SYNTH-2958,Human Resources,HYBRID,CONTRACT,1,7.9,1,1.23,21.09,0.0,3,2,2.57,0,0,0.0,NONE,1
EMP-SYNTH-2959,Product & Design,HYBRID,FULL_TIME,10,10.9,2,1.55,27.06,0.0,2,2,1.78,5,2,0.4,OCCASIONAL,1
EMP-SYNTH-2960,Human Resources,OFFICE,FULL_TIME,2,6.0,3,2.77,54.4,1.0,5,3,2.18,2,0,0.0,FREQUENT,0
EMP-SYNTH-2961,Product & Design,OFFICE,PART_TIME,3,4.4,4,4.07,85.74,0.0,5,1,0.17,3,1,0.33,NONE,0
EMP-SYNTH-2962,Enterprise Sales,HYBRID,FULL_TIME,1,9.1,2,2.03,42.28,-1.0,6,0,2.44,1,0,0.0,FREQUENT,1
EMP-SYNTH-2963,Product & Design,OFFICE,PART_TIME,3,4.6,5,4.91,94.96,0.0,3,2,0.74,4,3,0.75,OCCASIONAL,0
EMP-SYNTH-2964,Product & Design,OFFICE,CONTRACT,4,3.8,4,4.17,81.03,-1.0,3,0,0.47,5,5,1.0,FREQUENT,0
EMP-SYNTH-2965,Product & Design,OFFICE,PART_TIME,9,6.7,3,2.86,58.59,0.5,3,2,1.69,2,0,0.0,OCCASIONAL,0
EMP-SYNTH-2966,Product & Design,OFFICE,PART_TIME,3,9.3,1,1.36,26.19,0.0,5,1,0.06,3,1,0.33,FREQUENT,0
EMP-SYNTH-2967,Enterprise Sales,REMOTE,PART_TIME,5,3.9,4,3.73,77.36,-0.5,4,2,1.04,7,6,0.86,OCCASIONAL,0
EMP-SYNTH-2968,Engineering,REMOTE,CONTRACT,8,2.0,4,4.26,87.39,0.5,3,1,2.36,8,3,0.38,FREQUENT,0
EMP-SYNTH-2969,Product & Design,OFFICE,PART_TIME,1,5.2,4,4.29,89.5,-1.0,0,0,0.0,8,4,0.5,OCCASIONAL,0
EMP-SYNTH-2970,Human Resources,HYBRID,PART_TIME,4,1.3,4,3.63,68.89,-0.5,3,2,1.52,7,0,0.0,NONE,1
EMP-SYNTH-2971,Product & Design,HYBRID,PART_TIME,2,0.5,4,3.97,80.13,-1.0,2,2,2.23,3,2,0.67,FREQUENT,1
EMP-SYNTH-2972,Product & Design,OFFICE,PART_TIME,3,11.9,3,2.7,51.65,-1.0,5,3,2.08,8,0,0.0,OCCASIONAL,1
EMP-SYNTH-2973,Human Resources,OFFICE,PART_TIME,4,7.3,4,3.79,74.03,0.0,4,2,2.57,0,0,0.0,NONE,1
EMP-SYNTH-2974,Engineering,OFFICE,PART_TIME,3,1.3,2,1.57,30.33,1.0,1,0,2.92,8,1,0.12,OCCASIONAL,0
EMP-SYNTH-2975,Product & Design,REMOTE,CONTRACT,9,6.3,3,2.96,63.92,-1.0,3,0,1.11,0,0,0.0,NONE,0
EMP-SYNTH-2976,Engineering,HYBRID,CONTRACT,3,4.9,3,2.94,55.59,0.0,5,1,0.39,5,3,0.6,NONE,0
EMP-SYNTH-2977,Engineering,REMOTE,PART_TIME,9,1.1,4,3.54,70.93,1.0,6,1,1.32,8,7,0.88,OCCASIONAL,0
EMP-SYNTH-2978,Human Resources,HYBRID,PART_TIME,10,5.5,4,3.89,80.86,0.5,2,1,0.83,1,0,0.0,FREQUENT,0
EMP-SYNTH-2979,Product & Design,REMOTE,PART_TIME,10,2.3,2,2.31,48.62,-1.0,0,0,0.0,5,0,0.0,OCCASIONAL,0
EMP-SYNTH-2980,Human Resources,REMOTE,CONTRACT,8,10.3,3,3.24,64.74,-1.0,2,2,0.99,3,1,0.33,NONE,0
EMP-SYNTH-2981,Engineering,HYBRID,CONTRACT,10,11.3,3,3.29,62.93,0.0,6,3,0.99,6,0,0.0,FREQUENT,1
EMP-SYNTH-2982,Enterprise Sales,REMOTE,CONTRACT,1,2.1,4,4.3,88.86,-0.5,3,3,0.92,5,4,0.8,FREQUENT,0
EMP-SYNTH-2983,Enterprise Sales,OFFICE,FULL_TIME,6,1.9,2,1.83,36.73,1.0,0,0,0.0,3,0,0.0,FREQUENT,0
EMP-SYNTH-2984,Human Resources,REMOTE,CONTRACT,10,2.9,4,3.97,80.16,1.0,1,1,0.86,6,6,1.0,NONE,0
EMP-SYNTH-2985,Human Resources,REMOTE,PART_TIME,10,6.0,2,1.58,35.42,-0.5,5,2,2.28,3,3,1.0,NONE,1
EMP-SYNTH-2986,Product & Design,REMOTE,PART_TIME,4,8.9,3,3.15,60.51,0.5,2,0,1.78,6,5,0.83,OCCASIONAL,0
EMP-SYNTH-2987,Product & Design,HYBRID,PART_TIME,7,2.5,3,2.7,51.78,0.5,5,1,2.3,7,1,0.14,OCCASIONAL,0
EMP-SYNTH-2988,Enterprise Sales,HYBRID,CONTRACT,1,7.9,2,2.17,47.36,-0.5,2,0,1.94,1,0,0.0,NONE,1
EMP-SYNTH-2989,Engineering,HYBRID,PART_TIME,7,5.7,5,4.98,100.39,0.0,2,2,1.12,6,0,0.0,FREQUENT,0
EMP-SYNTH-2990,Enterprise Sales,HYBRID,CONTRACT,1,11.6,4,3.55,68.7,0.0,0,0,0.0,0,0,0.0,OCCASIONAL,0
EMP-SYNTH-2991,Product & Design,REMOTE,CONTRACT,7,8.5,3,2.92,59.82,0.0,2,2,1.37,3,1,0.33,FREQUENT,0
EMP-SYNTH-2992,Product & Design,OFFICE,FULL_TIME,6,0.5,3,3.11,65.12,1.0,1,0,0.73,4,3,0.75,FREQUENT,0
EMP-SYNTH-2993,Human Resources,OFFICE,CONTRACT,8,7.8,4,4.34,90.18,0.0,1,1,0.66,0,0,0.0,NONE,0
EMP-SYNTH-2994,Human Resources,HYBRID,PART_TIME,1,11.4,4,3.57,75.31,0.0,1,0,0.19,6,0,0.0,OCCASIONAL,0
EMP-SYNTH-2995,Engineering,REMOTE,FULL_TIME,1,5.5,2,2.1,39.2,0.0,0,0,0.0,0,0,0.0,NONE,0
EMP-SYNTH-2996,Growth & Marketing,HYBRID,PART_TIME,8,5.6,3,2.7,54.94,0.0,3,3,0.1,6,5,0.83,NONE,0
EMP-SYNTH-2997,Growth & Marketing,REMOTE,CONTRACT,10,5.3,2,1.65,34.05,0.5,1,0,1.54,7,4,0.57,FREQUENT,0
EMP-SYNTH-2998,Growth & Marketing,HYBRID,PART_TIME,3,3.4,3,2.85,56.03,0.5,5,3,1.61,6,1,0.17,OCCASIONAL,0
EMP-SYNTH-2999,Product & Design,HYBRID,FULL_TIME,4,0.6,4,3.54,72.93,-1.0,2,1,1.46,5,4,0.8,OCCASIONAL,0
EMP-SYNTH-3000,Human Resources,OFFICE,CONTRACT,8,10.4,4,3.59,75.15,0.0,3,0,0.83,8,2,0.25,FREQUENT,0
EMP-SYNTH-3001,Human Resources,REMOTE,CONTRACT,5,11.3,4,4.33,89.71,-1.0,5,1,1.35,6,6,1.0,OCCASIONAL,0
EMP-SYNTH-3002,Human Resources,HYBRID,FULL_TIME,2,4.8,3,3.14,62.49,0.5,0,0,0.0,1,0,0.0,OCCASIONAL,0
EMP-SYNTH-3003,Engineering,HYBRID,PART_TIME,2,8.7,3,3.08,56.83,0.0,3,0,0.91,4,2,0.5,FREQUENT,0
EMP-SYNTH-3004,Growth & Marketing,OFFICE,CONTRACT,2,7.5,3,2.75,51.56,0.5,4,0,3.0,1,0,0.0,OCCASIONAL,0
EMP-SYNTH-3005,Growth & Marketing,HYBRID,FULL_TIME,1,7.7,4,3.93,80.38,1.0,3,0,2.68,4,2,0.5,NONE,0
EMP-SYNTH-3006,Enterprise Sales,OFFICE,FULL_TIME,8,9.2,4,4.34,84.58,-1.0,3,3,0.15,0,0,0.0,FREQUENT,1
EMP-SYNTH-3007,Growth & Marketing,HYBRID,CONTRACT,9,2.3,5,4.51,91.43,0.0,3,2,2.1,2,1,0.5,NONE,0
EMP-SYNTH-3008,Engineering,REMOTE,FULL_TIME,9,10.4,2,1.85,37.58,0.0,1,0,2.06,4,3,0.75,OCCASIONAL,0
EMP-SYNTH-3009,Product & Design,HYBRID,FULL_TIME,10,3.6,5,4.85,97.06,-0.5,1,1,0.23,0,0,0.0,NONE,1
EMP-SYNTH-3010,Enterprise Sales,OFFICE,FULL_TIME,5,11.2,4,4.48,89.03,0.0,5,3,0.16,5,4,0.8,OCCASIONAL,0
EMP-SYNTH-3011,Human Resources,REMOTE,PART_TIME,3,3.2,4,3.86,75.91,-0.5,5,2,0.77,2,0,0.0,NONE,1
EMP-SYNTH-3012,Engineering,REMOTE,PART_TIME,6,6.0,4,4.28,87.32,0.0,6,0,0.63,8,5,0.62,OCCASIONAL,0
EMP-SYNTH-3013,Human Resources,OFFICE,FULL_TIME,8,4.7,3,2.72,54.35,-1.0,3,2,2.69,5,1,0.2,FREQUENT,1
EMP-SYNTH-3014,Product & Design,OFFICE,CONTRACT,3,1.6,3,2.85,59.42,0.5,3,2,2.83,2,2,1.0,NONE,0
EMP-SYNTH-3015,Enterprise Sales,OFFICE,FULL_TIME,6,0.7,3,2.76,57.11,0.0,5,0,3.0,4,4,1.0,NONE,0
EMP-SYNTH-3016,Enterprise Sales,HYBRID,PART_TIME,3,6.5,2,2.23,44.82,1.0,1,0,2.6,7,0,0.0,OCCASIONAL,0
EMP-SYNTH-3017,Human Resources,HYBRID,PART_TIME,6,10.5,5,5.0,98.81,0.5,0,0,0.0,5,4,0.8,NONE,0
EMP-SYNTH-3018,Human Resources,OFFICE,PART_TIME,2,11.7,5,4.87,92.6,-1.0,2,0,2.55,7,0,0.0,NONE,0
EMP-SYNTH-3019,Product & Design,OFFICE,CONTRACT,8,6.0,3,2.88,59.58,0.5,5,3,0.63,7,1,0.14,NONE,1
EMP-SYNTH-3020,Growth & Marketing,HYBRID,CONTRACT,1,6.5,4,4.19,87.29,-0.5,4,1,1.62,8,1,0.12,NONE,0
EMP-SYNTH-3021,Human Resources,HYBRID,FULL_TIME,10,5.0,4,3.95,81.48,-0.5,6,3,2.38,6,2,0.33,OCCASIONAL,0
EMP-SYNTH-3022,Product & Design,REMOTE,FULL_TIME,3,2.3,3,3.38,64.66,0.0,6,3,2.49,4,1,0.25,FREQUENT,1
EMP-SYNTH-3023,Growth & Marketing,HYBRID,PART_TIME,7,1.9,3,2.95,59.59,0.0,0,0,0.0,3,2,0.67,OCCASIONAL,0
EMP-SYNTH-3024,Growth & Marketing,OFFICE,PART_TIME,3,7.6,2,1.65,33.82,1.0,3,0,0.92,2,1,0.5,FREQUENT,1
EMP-SYNTH-3025,Product & Design,HYBRID,CONTRACT,2,9.1,3,3.15,64.34,0.0,3,2,1.95,6,1,0.17,OCCASIONAL,0
EMP-SYNTH-3026,Enterprise Sales,HYBRID,CONTRACT,2,2.1,3,3.05,61.46,0.5,5,0,2.03,8,8,1.0,FREQUENT,0
EMP-SYNTH-3027,Enterprise Sales,OFFICE,PART_TIME,2,1.6,4,3.96,77.02,1.0,1,0,2.11,0,0,0.0,OCCASIONAL,0
EMP-SYNTH-3028,Product & Design,HYBRID,PART_TIME,9,3.8,4,3.77,78.42,0.0,1,0,2.52,2,1,0.5,FREQUENT,0
EMP-SYNTH-3029,Enterprise Sales,REMOTE,CONTRACT,4,10.4,4,3.72,78.83,1.0,4,0,2.05,8,0,0.0,OCCASIONAL,0
EMP-SYNTH-3030,Human Resources,OFFICE,PART_TIME,8,7.1,3,3.46,67.96,1.0,6,2,0.53,8,1,0.12,FREQUENT,1
EMP-SYNTH-3031,Engineering,OFFICE,PART_TIME,8,3.7,2,1.59,36.34,-0.5,0,0,0.0,2,1,0.5,OCCASIONAL,0
EMP-SYNTH-3032,Enterprise Sales,OFFICE,FULL_TIME,1,2.0,3,2.63,52.49,-1.0,3,0,0.93,3,1,0.33,OCCASIONAL,0
EMP-SYNTH-3033,Product & Design,HYBRID,PART_TIME,9,1.6,2,1.82,39.52,-1.0,3,1,0.07,4,0,0.0,OCCASIONAL,1
EMP-SYNTH-3034,Human Resources,REMOTE,FULL_TIME,9,10.7,2,2.07,38.65,-1.0,0,0,0.0,7,2,0.29,OCCASIONAL,1
EMP-SYNTH-3035,Engineering,OFFICE,CONTRACT,3,2.3,3,2.52,47.55,0.0,0,0,0.0,0,0,0.0,FREQUENT,0
EMP-SYNTH-3036,Product & Design,REMOTE,PART_TIME,7,1.4,4,4.32,81.76,0.0,3,1,2.68,2,0,0.0,FREQUENT,0
EMP-SYNTH-3037,Product & Design,REMOTE,FULL_TIME,10,11.5,1,1.24,28.76,1.0,5,2,0.69,3,2,0.67,NONE,1
EMP-SYNTH-3038,Human Resources,REMOTE,FULL_TIME,6,11.7,1,1.34,27.56,0.0,0,0,0.0,3,0,0.0,OCCASIONAL,0
EMP-SYNTH-3039,Engineering,HYBRID,CONTRACT,2,2.9,4,3.53,69.56,-0.5,0,0,0.0,4,0,0.0,OCCASIONAL,0
EMP-SYNTH-3040,Human Resources,REMOTE,PART_TIME,7,5.3,3,3.06,58.42,0.0,1,1,1.44,3,1,0.33,FREQUENT,0
EMP-SYNTH-3041,Engineering,HYBRID,CONTRACT,9,0.7,1,1.3,23.98,0.0,1,1,1.46,0,0,0.0,FREQUENT,1
EMP-SYNTH-3042,Engineering,REMOTE,CONTRACT,6,0.6,4,3.52,71.18,1.0,2,1,1.53,4,3,0.75,FREQUENT,0
EMP-SYNTH-3043,Product & Design,HYBRID,FULL_TIME,1,1.6,2,2.15,43.98,-0.5,1,0,0.01,6,2,0.33,NONE,0
EMP-SYNTH-3044,Growth & Marketing,OFFICE,CONTRACT,1,10.2,2,1.99,38.29,0.0,2,0,2.76,2,1,0.5,OCCASIONAL,0
EMP-SYNTH-3045,Enterprise Sales,HYBRID,CONTRACT,1,3.7,2,1.89,34.39,-0.5,5,2,2.97,6,2,0.33,OCCASIONAL,0
EMP-SYNTH-3046,Growth & Marketing,HYBRID,CONTRACT,3,0.6,4,3.76,79.9,0.5,3,0,2.67,3,3,1.0,FREQUENT,0
EMP-SYNTH-3047,Product & Design,OFFICE,CONTRACT,8,4.8,3,2.75,57.85,1.0,5,3,0.34,7,4,0.57,OCCASIONAL,0
EMP-SYNTH-3048,Product & Design,HYBRID,CONTRACT,6,0.7,3,2.55,47.45,0.5,0,0,0.0,5,2,0.4,OCCASIONAL,0
EMP-SYNTH-3049,Human Resources,REMOTE,CONTRACT,5,2.1,3,2.64,50.34,0.0,5,0,0.11,0,0,0.0,OCCASIONAL,0
EMP-SYNTH-3050,Engineering,REMOTE,PART_TIME,7,8.1,3,2.65,49.98,-1.0,3,2,0.34,0,0,0.0,NONE,1
EMP-SYNTH-3051,Human Resources,OFFICE,CONTRACT,3,4.4,5,4.7,95.58,-0.5,2,2,0.28,6,1,0.17,NONE,0
EMP-SYNTH-3052,Product & Design,REMOTE,FULL_TIME,8,4.8,4,3.6,69.47,0.0,4,0,1.05,8,4,0.5,FREQUENT,0
EMP-SYNTH-3053,Human Resources,HYBRID,FULL_TIME,8,2.7,3,3.26,66.31,0.0,4,0,0.08,8,2,0.25,FREQUENT,0
EMP-SYNTH-3054,Product & Design,REMOTE,FULL_TIME,3,9.8,4,4.44,86.65,0.0,5,3,2.51,7,6,0.86,OCCASIONAL,0
EMP-SYNTH-3055,Enterprise Sales,HYBRID,CONTRACT,7,2.5,4,4.06,85.42,-1.0,5,0,1.95,4,1,0.25,FREQUENT,0
EMP-SYNTH-3056,Enterprise Sales,OFFICE,PART_TIME,10,10.7,3,2.62,48.84,0.0,5,2,2.29,1,1,1.0,NONE,0
EMP-SYNTH-3057,Growth & Marketing,HYBRID,FULL_TIME,6,8.4,2,1.75,39.39,1.0,6,3,1.01,1,0,0.0,FREQUENT,1
EMP-SYNTH-3058,Product & Design,OFFICE,PART_TIME,4,9.8,4,4.38,91.1,0.0,1,0,2.91,7,3,0.43,NONE,0
EMP-SYNTH-3059,Growth & Marketing,OFFICE,FULL_TIME,4,7.0,3,2.52,52.78,1.0,3,3,2.38,2,2,1.0,FREQUENT,0
EMP-SYNTH-3060,Engineering,HYBRID,FULL_TIME,6,0.6,3,2.6,51.58,0.5,2,1,0.88,4,2,0.5,FREQUENT,0
EMP-SYNTH-3061,Product & Design,OFFICE,CONTRACT,10,11.4,5,5.0,97.47,0.0,6,3,1.41,8,4,0.5,NONE,0
EMP-SYNTH-3062,Product & Design,HYBRID,CONTRACT,7,6.2,4,4.1,81.62,-0.5,4,3,0.54,6,1,0.17,NONE,1
EMP-SYNTH-3063,Enterprise Sales,OFFICE,FULL_TIME,5,11.4,3,2.54,52.56,1.0,4,0,1.71,0,0,0.0,OCCASIONAL,0
EMP-SYNTH-3064,Engineering,REMOTE,FULL_TIME,4,4.0,1,1.0,20.18,-0.5,1,1,1.15,8,1,0.12,FREQUENT,1
EMP-SYNTH-3065,Enterprise Sales,OFFICE,CONTRACT,2,7.2,3,2.51,52.01,-0.5,6,1,1.28,3,3,1.0,OCCASIONAL,0
EMP-SYNTH-3066,Human Resources,HYBRID,FULL_TIME,2,3.0,2,2.5,46.93,-1.0,1,1,2.58,7,1,0.14,OCCASIONAL,1
EMP-SYNTH-3067,Growth & Marketing,OFFICE,CONTRACT,2,1.3,4,3.79,74.62,-0.5,0,0,0.0,3,2,0.67,OCCASIONAL,0
EMP-SYNTH-3068,Human Resources,HYBRID,CONTRACT,5,1.9,4,3.82,74.89,0.0,6,2,1.36,3,0,0.0,FREQUENT,0
EMP-SYNTH-3069,Engineering,REMOTE,PART_TIME,9,4.3,2,1.9,37.73,1.0,0,0,0.0,8,8,1.0,FREQUENT,0
EMP-SYNTH-3070,Engineering,OFFICE,CONTRACT,9,8.2,3,3.24,68.7,0.0,2,1,0.03,8,0,0.0,FREQUENT,1
EMP-SYNTH-3071,Product & Design,OFFICE,PART_TIME,10,0.9,5,4.63,90.44,0.0,6,1,1.67,2,1,0.5,NONE,0
EMP-SYNTH-3072,Enterprise Sales,OFFICE,PART_TIME,8,3.0,4,4.33,82.38,0.5,1,0,1.55,3,3,1.0,NONE,0
EMP-SYNTH-3073,Human Resources,HYBRID,PART_TIME,4,6.5,5,4.81,91.27,-0.5,0,0,0.0,4,4,1.0,NONE,0
EMP-SYNTH-3074,Enterprise Sales,REMOTE,CONTRACT,10,2.6,3,3.06,65.94,0.5,6,0,0.61,3,3,1.0,FREQUENT,0
EMP-SYNTH-3075,Human Resources,HYBRID,FULL_TIME,8,9.8,4,3.6,67.75,0.0,1,0,1.1,8,8,1.0,NONE,0
EMP-SYNTH-3076,Human Resources,REMOTE,CONTRACT,2,5.2,4,3.74,72.91,1.0,3,3,1.21,2,2,1.0,OCCASIONAL,0
EMP-SYNTH-3077,Product & Design,HYBRID,FULL_TIME,8,2.3,5,5.0,100.31,-1.0,0,0,0.0,0,0,0.0,FREQUENT,1
EMP-SYNTH-3078,Engineering,OFFICE,PART_TIME,9,8.2,3,3.13,63.62,0.5,2,2,1.7,0,0,0.0,NONE,1
EMP-SYNTH-3079,Enterprise Sales,HYBRID,PART_TIME,2,3.6,3,2.75,53.17,0.0,4,1,0.73,2,0,0.0,OCCASIONAL,1
EMP-SYNTH-3080,Growth & Marketing,REMOTE,FULL_TIME,2,4.4,4,4.17,86.28,-0.5,1,0,2.45,6,3,0.5,FREQUENT,0
EMP-SYNTH-3081,Engineering,OFFICE,PART_TIME,10,3.7,3,3.49,67.57,-1.0,6,1,1.68,0,0,0.0,OCCASIONAL,0
EMP-SYNTH-3082,Human Resources,OFFICE,PART_TIME,4,9.2,2,2.05,39.08,0.0,3,1,0.64,7,6,0.86,FREQUENT,1
EMP-SYNTH-3083,Engineering,REMOTE,FULL_TIME,3,9.7,3,2.91,60.23,-0.5,4,2,1.92,3,3,1.0,FREQUENT,1
EMP-SYNTH-3084,Enterprise Sales,REMOTE,CONTRACT,5,1.4,3,3.05,62.44,0.0,3,1,2.03,7,5,0.71,OCCASIONAL,0
EMP-SYNTH-3085,Engineering,HYBRID,CONTRACT,6,3.0,3,2.98,59.56,0.5,2,2,0.41,4,2,0.5,FREQUENT,0
EMP-SYNTH-3086,Growth & Marketing,HYBRID,FULL_TIME,8,3.9,3,3.07,58.06,0.5,3,0,0.85,4,2,0.5,OCCASIONAL,0
EMP-SYNTH-3087,Engineering,OFFICE,CONTRACT,7,6.2,2,1.62,32.19,0.5,1,1,2.37,8,8,1.0,NONE,0
EMP-SYNTH-3088,Engineering,OFFICE,CONTRACT,7,2.9,2,1.79,33.03,0.5,6,0,0.91,7,4,0.57,NONE,0
EMP-SYNTH-3089,Human Resources,REMOTE,PART_TIME,9,11.3,3,2.88,55.79,-1.0,0,0,0.0,1,1,1.0,NONE,1
EMP-SYNTH-3090,Growth & Marketing,OFFICE,PART_TIME,4,8.3,3,3.12,57.72,1.0,3,2,1.76,2,1,0.5,NONE,0
EMP-SYNTH-3091,Engineering,REMOTE,CONTRACT,8,4.7,3,2.8,54.78,1.0,1,0,2.92,7,0,0.0,OCCASIONAL,0
EMP-SYNTH-3092,Product & Design,REMOTE,CONTRACT,4,6.5,4,4.46,87.04,-1.0,4,3,0.02,0,0,0.0,OCCASIONAL,1
EMP-SYNTH-3093,Engineering,REMOTE,PART_TIME,2,8.1,2,1.58,30.38,-1.0,6,1,0.88,5,3,0.6,FREQUENT,1
EMP-SYNTH-3094,Growth & Marketing,OFFICE,CONTRACT,4,3.1,4,4.38,86.47,0.5,3,2,1.37,5,2,0.4,OCCASIONAL,0
EMP-SYNTH-3095,Engineering,REMOTE,PART_TIME,4,3.6,5,4.92,97.13,-0.5,6,1,2.44,4,4,1.0,FREQUENT,0
EMP-SYNTH-3096,Enterprise Sales,REMOTE,PART_TIME,1,6.8,4,4.44,91.93,-1.0,4,3,2.27,8,8,1.0,NONE,0
EMP-SYNTH-3097,Product & Design,OFFICE,CONTRACT,1,2.7,5,5.0,100.26,0.0,2,0,0.41,6,0,0.0,FREQUENT,0
EMP-SYNTH-3098,Growth & Marketing,OFFICE,FULL_TIME,3,8.0,4,3.71,69.42,1.0,5,2,0.88,1,0,0.0,NONE,0
EMP-SYNTH-3099,Human Resources,REMOTE,PART_TIME,6,4.3,3,3.11,57.51,-1.0,3,1,1.03,6,6,1.0,FREQUENT,0
EMP-SYNTH-3100,Engineering,REMOTE,PART_TIME,4,11.3,3,3.36,71.95,0.0,5,0,1.94,5,0,0.0,NONE,0
EMP-SYNTH-3101,Product & Design,OFFICE,FULL_TIME,7,6.1,3,2.88,57.47,0.0,6,1,2.23,2,1,0.5,FREQUENT,0
EMP-SYNTH-3102,Engineering,HYBRID,CONTRACT,8,4.1,4,4.08,77.78,-0.5,0,0,0.0,5,2,0.4,FREQUENT,0
EMP-SYNTH-3103,Engineering,OFFICE,PART_TIME,10,10.7,3,2.8,56.6,1.0,4,1,1.13,7,6,0.86,FREQUENT,0
EMP-SYNTH-3104,Enterprise Sales,REMOTE,CONTRACT,5,9.3,3,3.34,67.84,0.5,3,0,1.56,7,6,0.86,NONE,0
EMP-SYNTH-3105,Growth & Marketing,OFFICE,CONTRACT,2,6.7,3,3.08,64.06,0.5,2,2,0.16,4,2,0.5,OCCASIONAL,0
EMP-SYNTH-3106,Engineering,REMOTE,FULL_TIME,6,4.0,3,2.65,53.61,-1.0,0,0,0.0,4,3,0.75,FREQUENT,0
EMP-SYNTH-3107,Human Resources,HYBRID,CONTRACT,5,10.9,3,3.48,73.32,-0.5,4,0,2.79,6,6,1.0,NONE,0
EMP-SYNTH-3108,Growth & Marketing,OFFICE,FULL_TIME,6,5.3,5,5.0,96.15,-1.0,4,2,1.6,7,7,1.0,NONE,0
EMP-SYNTH-3109,Enterprise Sales,REMOTE,FULL_TIME,2,2.7,4,4.12,85.78,0.5,5,1,2.96,6,3,0.5,FREQUENT,1
EMP-SYNTH-3110,Enterprise Sales,HYBRID,CONTRACT,7,9.9,2,2.48,52.38,-1.0,4,3,0.54,6,5,0.83,OCCASIONAL,0
EMP-SYNTH-3111,Growth & Marketing,REMOTE,FULL_TIME,7,10.9,4,4.27,84.32,0.5,0,0,0.0,0,0,0.0,NONE,0
EMP-SYNTH-3112,Product & Design,HYBRID,PART_TIME,9,5.3,1,1.0,18.97,0.0,4,3,1.36,5,1,0.2,OCCASIONAL,1
EMP-SYNTH-3113,Product & Design,REMOTE,FULL_TIME,5,11.6,4,3.79,72.12,1.0,3,3,0.51,8,0,0.0,NONE,0
EMP-SYNTH-3114,Growth & Marketing,OFFICE,CONTRACT,9,2.4,1,1.0,21.74,-0.5,6,0,1.07,6,2,0.33,NONE,0
EMP-SYNTH-3115,Product & Design,HYBRID,CONTRACT,7,6.5,4,4.1,77.38,-1.0,4,1,2.63,3,0,0.0,OCCASIONAL,1
EMP-SYNTH-3116,Product & Design,OFFICE,CONTRACT,8,4.3,4,4.2,80.45,0.0,4,3,2.93,1,0,0.0,OCCASIONAL,0
EMP-SYNTH-3117,Enterprise Sales,HYBRID,PART_TIME,4,9.7,3,3.33,65.96,0.5,2,0,0.06,8,4,0.5,OCCASIONAL,0
EMP-SYNTH-3118,Enterprise Sales,OFFICE,CONTRACT,3,10.7,4,4.41,90.91,-1.0,5,3,0.84,0,0,0.0,NONE,1
EMP-SYNTH-3119,Growth & Marketing,REMOTE,FULL_TIME,8,10.7,4,4.14,81.49,-0.5,1,1,1.9,6,2,0.33,FREQUENT,1
EMP-SYNTH-3120,Enterprise Sales,HYBRID,FULL_TIME,3,9.9,4,3.72,76.99,0.0,5,3,1.36,2,1,0.5,OCCASIONAL,0
EMP-SYNTH-3121,Product & Design,HYBRID,FULL_TIME,2,10.5,5,5.0,101.18,1.0,4,0,2.68,3,2,0.67,NONE,0
EMP-SYNTH-3122,Product & Design,OFFICE,CONTRACT,7,1.9,5,5.0,99.23,1.0,5,0,1.49,8,1,0.12,NONE,0
EMP-SYNTH-3123,Growth & Marketing,REMOTE,PART_TIME,8,9.6,4,3.74,77.45,-1.0,3,2,1.86,8,5,0.62,NONE,0
EMP-SYNTH-3124,Human Resources,HYBRID,CONTRACT,1,9.2,4,3.82,74.09,1.0,2,0,0.39,6,4,0.67,NONE,0
EMP-SYNTH-3125,Enterprise Sales,OFFICE,FULL_TIME,10,11.4,4,4.27,84.94,1.0,3,1,0.98,0,0,0.0,NONE,0
EMP-SYNTH-3126,Product & Design,OFFICE,PART_TIME,5,3.6,4,3.63,67.76,0.0,2,2,0.05,2,2,1.0,NONE,0
EMP-SYNTH-3127,Engineering,HYBRID,CONTRACT,1,11.5,3,2.74,58.61,0.0,5,1,1.75,0,0,0.0,OCCASIONAL,0
EMP-SYNTH-3128,Human Resources,OFFICE,PART_TIME,10,2.3,3,2.53,48.91,0.0,6,2,2.12,6,6,1.0,NONE,0
EMP-SYNTH-3129,Growth & Marketing,REMOTE,PART_TIME,8,4.8,4,4.23,84.03,1.0,1,0,1.78,4,1,0.25,NONE,0
EMP-SYNTH-3130,Engineering,HYBRID,PART_TIME,9,4.6,3,2.94,63.01,0.5,6,0,2.04,5,3,0.6,NONE,0
EMP-SYNTH-3131,Growth & Marketing,OFFICE,PART_TIME,8,6.5,1,1.35,27.61,0.5,3,2,1.89,8,4,0.5,OCCASIONAL,0
EMP-SYNTH-3132,Engineering,REMOTE,CONTRACT,6,10.5,2,1.82,38.86,1.0,3,0,2.69,2,1,0.5,NONE,0
EMP-SYNTH-3133,Growth & Marketing,HYBRID,PART_TIME,8,4.6,3,2.83,59.55,0.5,6,0,1.99,0,0,0.0,OCCASIONAL,0
EMP-SYNTH-3134,Human Resources,OFFICE,CONTRACT,7,9.6,3,2.55,50.63,0.0,1,0,1.9,4,4,1.0,OCCASIONAL,0
EMP-SYNTH-3135,Enterprise Sales,REMOTE,FULL_TIME,10,2.4,2,2.13,40.15,0.0,0,0,0.0,3,0,0.0,FREQUENT,0
EMP-SYNTH-3136,Growth & Marketing,HYBRID,PART_TIME,1,1.9,2,2.26,47.77,0.0,1,0,2.2,4,1,0.25,OCCASIONAL,0
EMP-SYNTH-3137,Engineering,HYBRID,CONTRACT,7,8.1,3,2.57,46.69,1.0,4,1,1.04,7,5,0.71,OCCASIONAL,0
EMP-SYNTH-3138,Engineering,HYBRID,FULL_TIME,2,11.5,5,5.0,96.93,1.0,0,0,0.0,6,0,0.0,FREQUENT,0
EMP-SYNTH-3139,Growth & Marketing,OFFICE,FULL_TIME,2,4.3,5,5.0,95.59,0.0,2,0,2.42,6,3,0.5,FREQUENT,0
EMP-SYNTH-3140,Engineering,HYBRID,CONTRACT,1,9.7,2,2.36,44.55,0.0,3,1,0.64,4,3,0.75,FREQUENT,0
EMP-SYNTH-3141,Product & Design,REMOTE,CONTRACT,2,0.9,1,1.0,19.3,1.0,1,1,2.72,8,8,1.0,FREQUENT,1
EMP-SYNTH-3142,Growth & Marketing,OFFICE,FULL_TIME,1,5.8,4,3.53,72.21,0.0,4,0,2.18,1,1,1.0,NONE,0
EMP-SYNTH-3143,Product & Design,REMOTE,CONTRACT,8,7.8,4,4.24,85.19,0.0,3,2,1.35,0,0,0.0,FREQUENT,1
EMP-SYNTH-3144,Product & Design,HYBRID,PART_TIME,5,9.3,5,5.0,103.33,-1.0,6,1,2.23,7,4,0.57,FREQUENT,1
EMP-SYNTH-3145,Enterprise Sales,REMOTE,FULL_TIME,4,9.4,3,2.79,59.19,-0.5,2,0,0.07,8,2,0.25,NONE,1
EMP-SYNTH-3146,Engineering,OFFICE,FULL_TIME,7,11.5,3,2.84,56.27,-0.5,6,3,2.41,1,1,1.0,NONE,0
EMP-SYNTH-3147,Growth & Marketing,OFFICE,CONTRACT,2,1.7,4,3.64,77.66,-0.5,0,0,0.0,5,4,0.8,NONE,0
EMP-SYNTH-3148,Human Resources,REMOTE,FULL_TIME,4,10.5,3,3.41,71.03,1.0,2,2,2.8,0,0,0.0,FREQUENT,1
EMP-SYNTH-3149,Engineering,OFFICE,FULL_TIME,6,6.3,3,3.2,61.32,0.0,2,2,2.49,7,7,1.0,NONE,0
EMP-SYNTH-3150,Engineering,HYBRID,CONTRACT,9,1.7,3,3.4,72.65,1.0,6,3,3.0,6,1,0.17,OCCASIONAL,0
EMP-SYNTH-3151,Human Resources,OFFICE,CONTRACT,3,11.2,3,3.33,66.12,-1.0,0,0,0.0,0,0,0.0,FREQUENT,0
EMP-SYNTH-3152,Product & Design,REMOTE,PART_TIME,5,1.7,3,2.74,58.55,0.0,3,2,0.57,7,4,0.57,NONE,0
EMP-SYNTH-3153,Product & Design,OFFICE,CONTRACT,8,5.6,3,3.08,62.3,1.0,3,3,2.43,3,2,0.67,NONE,0
EMP-SYNTH-3154,Engineering,OFFICE,PART_TIME,3,11.7,4,4.16,85.6,-1.0,0,0,0.0,0,0,0.0,FREQUENT,1
EMP-SYNTH-3155,Engineering,HYBRID,CONTRACT,2,4.5,5,4.6,93.1,0.0,5,1,0.42,0,0,0.0,OCCASIONAL,0
EMP-SYNTH-3156,Growth & Marketing,REMOTE,FULL_TIME,2,4.7,5,5.0,102.05,1.0,5,1,0.69,8,4,0.5,NONE,0
EMP-SYNTH-3157,Enterprise Sales,OFFICE,PART_TIME,10,8.4,5,5.0,99.34,0.5,5,0,0.96,6,3,0.5,NONE,0
EMP-SYNTH-3158,Human Resources,OFFICE,PART_TIME,9,1.2,5,5.0,97.15,-0.5,2,2,0.61,3,2,0.67,OCCASIONAL,0
EMP-SYNTH-3159,Growth & Marketing,OFFICE,PART_TIME,9,6.2,4,4.42,93.06,-0.5,2,1,0.43,4,0,0.0,FREQUENT,0
EMP-SYNTH-3160,Engineering,HYBRID,CONTRACT,5,3.3,4,3.79,73.81,0.5,5,1,0.42,8,3,0.38,FREQUENT,0
EMP-SYNTH-3161,Product & Design,HYBRID,CONTRACT,1,7.4,5,4.67,96.89,-1.0,3,1,1.68,0,0,0.0,OCCASIONAL,0
EMP-SYNTH-3162,Enterprise Sales,OFFICE,CONTRACT,8,10.9,3,3.36,64.07,0.5,0,0,0.0,8,7,0.88,OCCASIONAL,0
EMP-SYNTH-3163,Enterprise Sales,OFFICE,CONTRACT,1,3.4,2,1.94,42.47,0.0,2,1,1.28,2,0,0.0,OCCASIONAL,0
EMP-SYNTH-3164,Growth & Marketing,REMOTE,FULL_TIME,7,7.3,2,1.87,37.01,-0.5,2,2,1.97,8,4,0.5,OCCASIONAL,1
EMP-SYNTH-3165,Product & Design,HYBRID,CONTRACT,1,8.7,4,3.51,65.43,0.0,2,2,1.0,8,0,0.0,OCCASIONAL,0
EMP-SYNTH-3166,Enterprise Sales,HYBRID,CONTRACT,2,3.1,4,3.62,71.96,-1.0,3,1,0.59,4,4,1.0,NONE,0
EMP-SYNTH-3167,Human Resources,REMOTE,CONTRACT,3,3.8,5,5.0,100.37,0.0,6,0,1.99,5,1,0.2,OCCASIONAL,0
EMP-SYNTH-3168,Product & Design,REMOTE,CONTRACT,2,9.8,2,2.14,43.59,-1.0,0,0,0.0,4,3,0.75,NONE,1
EMP-SYNTH-3169,Growth & Marketing,HYBRID,PART_TIME,2,7.7,4,4.01,81.72,0.0,4,2,0.85,0,0,0.0,NONE,0
EMP-SYNTH-3170,Enterprise Sales,REMOTE,PART_TIME,2,11.0,3,3.0,58.38,0.5,0,0,0.0,7,4,0.57,OCCASIONAL,0
EMP-SYNTH-3171,Enterprise Sales,HYBRID,CONTRACT,1,11.0,1,1.0,22.93,0.5,4,1,0.5,0,0,0.0,OCCASIONAL,1
EMP-SYNTH-3172,Enterprise Sales,REMOTE,PART_TIME,5,0.9,4,3.75,74.21,0.0,1,1,1.92,8,7,0.88,NONE,0
EMP-SYNTH-3173,Growth & Marketing,OFFICE,FULL_TIME,4,6.8,3,2.92,63.31,-1.0,0,0,0.0,5,4,0.8,FREQUENT,1
EMP-SYNTH-3174,Growth & Marketing,HYBRID,PART_TIME,1,0.6,3,2.5,54.28,0.0,4,1,1.64,6,6,1.0,FREQUENT,0
EMP-SYNTH-3175,Enterprise Sales,HYBRID,FULL_TIME,3,1.1,4,3.69,73.34,-1.0,6,0,2.7,6,4,0.67,FREQUENT,1
EMP-SYNTH-3176,Growth & Marketing,REMOTE,CONTRACT,7,2.4,3,2.57,54.91,1.0,0,0,0.0,7,0,0.0,FREQUENT,0
EMP-SYNTH-3177,Human Resources,REMOTE,PART_TIME,3,7.6,2,2.32,47.34,-0.5,5,3,0.65,8,3,0.38,OCCASIONAL,0
EMP-SYNTH-3178,Enterprise Sales,OFFICE,PART_TIME,10,9.4,4,4.04,82.25,0.0,4,2,1.05,1,0,0.0,FREQUENT,0
EMP-SYNTH-3179,Human Resources,HYBRID,FULL_TIME,4,4.6,4,4.0,79.56,-0.5,4,1,0.79,3,0,0.0,OCCASIONAL,1
EMP-SYNTH-3180,Product & Design,REMOTE,PART_TIME,8,4.7,1,1.14,23.67,-1.0,2,2,1.76,0,0,0.0,NONE,1
EMP-SYNTH-3181,Enterprise Sales,REMOTE,PART_TIME,6,7.7,2,1.54,30.44,0.5,4,0,0.82,4,4,1.0,NONE,0
EMP-SYNTH-3182,Growth & Marketing,OFFICE,CONTRACT,3,6.4,3,3.02,60.76,0.0,2,2,0.77,0,0,0.0,OCCASIONAL,0
EMP-SYNTH-3183,Human Resources,HYBRID,PART_TIME,7,4.5,3,2.52,54.25,1.0,1,0,2.48,8,0,0.0,OCCASIONAL,0
EMP-SYNTH-3184,Growth & Marketing,REMOTE,CONTRACT,4,11.6,4,4.49,89.26,1.0,1,0,0.99,5,5,1.0,OCCASIONAL,0
EMP-SYNTH-3185,Growth & Marketing,OFFICE,PART_TIME,9,3.6,4,4.23,79.61,0.0,5,0,0.38,3,3,1.0,NONE,0
EMP-SYNTH-3186,Growth & Marketing,HYBRID,PART_TIME,5,9.5,4,3.5,74.73,0.0,0,0,0.0,6,5,0.83,OCCASIONAL,0
EMP-SYNTH-3187,Human Resources,REMOTE,PART_TIME,5,9.5,2,2.44,51.89,0.0,5,3,2.69,4,4,1.0,OCCASIONAL,0
EMP-SYNTH-3188,Human Resources,OFFICE,PART_TIME,9,2.9,3,3.17,64.43,0.5,0,0,0.0,0,0,0.0,NONE,0
EMP-SYNTH-3189,Product & Design,HYBRID,CONTRACT,5,7.7,4,4.0,83.2,-0.5,0,0,0.0,2,0,0.0,NONE,0
EMP-SYNTH-3190,Enterprise Sales,REMOTE,CONTRACT,4,3.0,4,3.93,79.15,1.0,6,1,2.79,7,6,0.86,OCCASIONAL,0
EMP-SYNTH-3191,Enterprise Sales,REMOTE,PART_TIME,6,4.5,3,2.91,56.44,0.0,4,2,0.07,6,6,1.0,OCCASIONAL,0
EMP-SYNTH-3192,Enterprise Sales,HYBRID,FULL_TIME,7,4.1,5,4.97,96.64,-1.0,0,0,0.0,5,2,0.4,OCCASIONAL,1
EMP-SYNTH-3193,Enterprise Sales,HYBRID,CONTRACT,6,10.3,3,2.94,58.9,-0.5,4,2,1.91,8,4,0.5,OCCASIONAL,0
EMP-SYNTH-3194,Engineering,HYBRID,PART_TIME,5,4.8,3,3.25,62.12,-0.5,3,0,1.28,5,5,1.0,NONE,0
EMP-SYNTH-3195,Engineering,HYBRID,FULL_TIME,10,5.0,2,2.03,40.01,0.0,5,2,0.98,4,1,0.25,NONE,0
EMP-SYNTH-3196,Human Resources,OFFICE,PART_TIME,3,3.8,4,4.11,85.67,0.0,5,0,0.24,0,0,0.0,FREQUENT,0
EMP-SYNTH-3197,Enterprise Sales,REMOTE,PART_TIME,8,3.9,4,3.88,80.9,0.5,4,0,2.6,8,5,0.62,FREQUENT,0
EMP-SYNTH-3198,Product & Design,OFFICE,PART_TIME,7,7.1,3,2.75,56.04,1.0,2,1,1.17,8,8,1.0,FREQUENT,0
EMP-SYNTH-3199,Human Resources,HYBRID,PART_TIME,7,1.4,4,3.59,76.03,1.0,3,3,1.15,5,4,0.8,FREQUENT,0
EMP-SYNTH-3200,Engineering,HYBRID,CONTRACT,6,2.4,2,2.19,47.17,1.0,0,0,0.0,5,1,0.2,FREQUENT,1
EMP-SYNTH-3201,Engineering,OFFICE,CONTRACT,1,4.8,4,3.99,75.42,1.0,6,2,2.78,5,4,0.8,OCCASIONAL,0
EMP-SYNTH-3202,Growth & Marketing,OFFICE,PART_TIME,3,5.3,2,1.53,30.78,0.0,6,1,0.33,8,3,0.38,OCCASIONAL,0
EMP-SYNTH-3203,Growth & Marketing,REMOTE,FULL_TIME,3,9.0,4,4.49,88.08,1.0,1,0,0.53,5,5,1.0,FREQUENT,0
EMP-SYNTH-3204,Product & Design,REMOTE,CONTRACT,8,1.4,2,1.88,34.39,1.0,3,2,2.31,5,0,0.0,OCCASIONAL,1
EMP-SYNTH-3205,Growth & Marketing,OFFICE,PART_TIME,7,2.8,3,2.55,48.06,0.0,2,2,2.71,0,0,0.0,FREQUENT,1
EMP-SYNTH-3206,Enterprise Sales,OFFICE,PART_TIME,8,5.0,4,3.77,72.48,1.0,3,0,0.54,6,1,0.17,NONE,0
EMP-SYNTH-3207,Product & Design,REMOTE,CONTRACT,2,8.7,4,4.09,82.27,0.0,0,0,0.0,5,1,0.2,NONE,0
EMP-SYNTH-3208,Engineering,REMOTE,PART_TIME,4,11.4,4,3.6,68.31,-0.5,5,3,2.77,5,0,0.0,OCCASIONAL,1
EMP-SYNTH-3209,Product & Design,HYBRID,CONTRACT,3,5.0,4,4.25,88.22,-0.5,2,1,1.97,2,0,0.0,OCCASIONAL,1
EMP-SYNTH-3210,Product & Design,OFFICE,FULL_TIME,7,10.8,5,5.0,101.13,-1.0,2,1,1.97,2,1,0.5,OCCASIONAL,0
EMP-SYNTH-3211,Human Resources,OFFICE,CONTRACT,1,6.3,1,1.0,20.62,1.0,1,0,1.0,5,3,0.6,NONE,0
EMP-SYNTH-3212,Engineering,HYBRID,FULL_TIME,9,3.5,3,3.06,60.59,0.5,6,3,1.74,0,0,0.0,OCCASIONAL,0
EMP-SYNTH-3213,Product & Design,REMOTE,PART_TIME,4,10.0,4,4.41,83.23,0.5,5,1,1.22,6,0,0.0,FREQUENT,0
EMP-SYNTH-3214,Product & Design,REMOTE,CONTRACT,1,1.7,4,3.52,69.52,0.0,2,1,1.55,0,0,0.0,OCCASIONAL,0
EMP-SYNTH-3215,Growth & Marketing,REMOTE,PART_TIME,8,10.5,4,4.21,80.84,-0.5,2,0,0.13,3,0,0.0,NONE,0
EMP-SYNTH-3216,Growth & Marketing,OFFICE,FULL_TIME,7,10.3,3,3.35,69.39,-0.5,3,1,1.02,1,0,0.0,OCCASIONAL,1
EMP-SYNTH-3217,Human Resources,OFFICE,FULL_TIME,9,5.1,2,1.64,29.38,0.0,5,0,0.81,2,2,1.0,OCCASIONAL,0
EMP-SYNTH-3218,Human Resources,REMOTE,PART_TIME,10,2.3,3,2.52,47.71,-0.5,6,0,0.05,1,0,0.0,NONE,0
EMP-SYNTH-3219,Enterprise Sales,HYBRID,PART_TIME,3,6.8,4,3.76,72.56,-1.0,5,3,1.7,3,2,0.67,NONE,0
EMP-SYNTH-3220,Enterprise Sales,OFFICE,PART_TIME,8,12.0,2,1.78,37.97,0.5,2,1,2.21,6,2,0.33,NONE,0
EMP-SYNTH-3221,Growth & Marketing,HYBRID,CONTRACT,8,7.2,3,2.88,61.65,-1.0,4,1,0.0,7,0,0.0,FREQUENT,1
EMP-SYNTH-3222,Human Resources,REMOTE,FULL_TIME,3,6.1,2,1.62,37.1,0.0,3,1,1.26,7,3,0.43,OCCASIONAL,0
EMP-SYNTH-3223,Human Resources,HYBRID,FULL_TIME,5,4.2,3,3.05,60.71,0.0,6,3,0.59,2,2,1.0,OCCASIONAL,0
EMP-SYNTH-3224,Engineering,REMOTE,CONTRACT,3,7.3,2,2.49,54.26,-0.5,1,0,0.59,5,1,0.2,FREQUENT,1
EMP-SYNTH-3225,Human Resources,OFFICE,CONTRACT,10,11.9,3,2.99,55.07,0.5,6,2,2.76,0,0,0.0,OCCASIONAL,0
EMP-SYNTH-3226,Product & Design,OFFICE,FULL_TIME,10,11.9,3,2.87,56.83,-1.0,4,1,1.73,3,2,0.67,NONE,1
EMP-SYNTH-3227,Product & Design,REMOTE,FULL_TIME,10,8.5,2,2.45,46.78,0.0,1,1,1.66,3,1,0.33,FREQUENT,0
EMP-SYNTH-3228,Growth & Marketing,REMOTE,PART_TIME,2,8.9,4,4.11,80.6,-1.0,4,2,1.02,7,5,0.71,FREQUENT,1
EMP-SYNTH-3229,Product & Design,OFFICE,PART_TIME,3,4.5,5,4.63,89.42,1.0,5,1,0.04,7,0,0.0,FREQUENT,0
EMP-SYNTH-3230,Growth & Marketing,REMOTE,PART_TIME,5,6.3,3,3.18,61.45,1.0,5,2,0.5,1,1,1.0,FREQUENT,0
EMP-SYNTH-3231,Human Resources,HYBRID,CONTRACT,7,10.5,1,1.14,21.61,-0.5,5,1,1.37,0,0,0.0,OCCASIONAL,1
EMP-SYNTH-3232,Product & Design,HYBRID,PART_TIME,5,10.8,2,1.61,33.88,0.0,2,2,1.23,4,0,0.0,NONE,0
EMP-SYNTH-3233,Enterprise Sales,HYBRID,CONTRACT,8,5.3,4,3.53,72.07,0.5,6,2,2.85,5,4,0.8,OCCASIONAL,0
EMP-SYNTH-3234,Human Resources,REMOTE,CONTRACT,3,10.2,4,3.82,73.39,1.0,1,0,1.29,4,1,0.25,NONE,0
EMP-SYNTH-3235,Enterprise Sales,HYBRID,FULL_TIME,5,11.9,3,2.56,52.86,-0.5,3,0,1.04,4,1,0.25,NONE,1
EMP-SYNTH-3236,Enterprise Sales,HYBRID,FULL_TIME,1,7.6,4,3.87,79.67,-1.0,5,1,0.49,5,1,0.2,FREQUENT,1
EMP-SYNTH-3237,Enterprise Sales,REMOTE,PART_TIME,8,3.7,3,2.56,50.58,1.0,5,3,0.87,2,2,1.0,OCCASIONAL,0
EMP-SYNTH-3238,Engineering,REMOTE,PART_TIME,1,5.8,2,1.54,26.49,-1.0,0,0,0.0,4,2,0.5,FREQUENT,1
EMP-SYNTH-3239,Engineering,REMOTE,CONTRACT,10,7.9,5,4.6,94.39,0.0,2,2,1.76,0,0,0.0,OCCASIONAL,0
EMP-SYNTH-3240,Engineering,HYBRID,PART_TIME,1,5.6,4,4.19,86.12,0.0,4,1,3.0,4,4,1.0,FREQUENT,0
EMP-SYNTH-3241,Human Resources,OFFICE,PART_TIME,7,3.8,4,3.59,67.53,0.0,0,0,0.0,3,0,0.0,NONE,0
EMP-SYNTH-3242,Engineering,OFFICE,FULL_TIME,6,8.9,3,3.05,56.39,0.0,0,0,0.0,7,5,0.71,FREQUENT,0
EMP-SYNTH-3243,Engineering,REMOTE,FULL_TIME,5,6.5,3,2.57,50.43,0.5,2,0,0.8,2,1,0.5,OCCASIONAL,0
EMP-SYNTH-3244,Product & Design,OFFICE,PART_TIME,7,1.8,5,4.62,88.19,1.0,3,1,2.6,7,1,0.14,OCCASIONAL,0
EMP-SYNTH-3245,Human Resources,REMOTE,PART_TIME,4,3.5,1,1.0,23.57,0.0,0,0,0.0,7,2,0.29,OCCASIONAL,0
EMP-SYNTH-3246,Engineering,REMOTE,FULL_TIME,8,10.8,2,1.51,26.65,1.0,0,0,0.0,5,5,1.0,FREQUENT,0
EMP-SYNTH-3247,Human Resources,REMOTE,FULL_TIME,9,6.5,4,3.53,71.7,1.0,4,1,0.95,3,1,0.33,OCCASIONAL,0
EMP-SYNTH-3248,Growth & Marketing,HYBRID,PART_TIME,10,7.1,4,4.33,87.51,-1.0,6,2,2.32,0,0,0.0,NONE,1
EMP-SYNTH-3249,Growth & Marketing,REMOTE,PART_TIME,2,11.9,3,3.16,66.65,1.0,1,1,2.57,4,0,0.0,OCCASIONAL,0
EMP-SYNTH-3250,Product & Design,HYBRID,FULL_TIME,6,3.5,2,2.21,47.41,-0.5,3,3,0.78,2,1,0.5,NONE,0
EMP-SYNTH-3251,Growth & Marketing,HYBRID,CONTRACT,10,10.3,4,4.39,88.29,-1.0,0,0,0.0,1,0,0.0,FREQUENT,0
EMP-SYNTH-3252,Enterprise Sales,OFFICE,CONTRACT,4,0.7,3,2.97,60.58,-0.5,5,3,1.37,8,1,0.12,NONE,1
EMP-SYNTH-3253,Enterprise Sales,OFFICE,PART_TIME,3,3.4,2,2.11,39.43,0.0,0,0,0.0,3,0,0.0,OCCASIONAL,0
EMP-SYNTH-3254,Growth & Marketing,OFFICE,PART_TIME,4,9.6,3,3.33,65.47,-0.5,0,0,0.0,7,2,0.29,FREQUENT,1
EMP-SYNTH-3255,Product & Design,HYBRID,FULL_TIME,3,4.9,4,3.9,81.82,0.5,6,3,2.85,6,6,1.0,NONE,0
EMP-SYNTH-3256,Engineering,HYBRID,CONTRACT,1,8.2,4,4.24,81.61,1.0,5,3,1.17,7,3,0.43,OCCASIONAL,0
EMP-SYNTH-3257,Engineering,HYBRID,CONTRACT,4,10.7,3,3.32,67.36,0.0,0,0,0.0,6,5,0.83,OCCASIONAL,0
EMP-SYNTH-3258,Engineering,HYBRID,CONTRACT,6,0.7,4,4.15,81.4,-1.0,5,0,1.65,0,0,0.0,FREQUENT,0
EMP-SYNTH-3259,Growth & Marketing,OFFICE,CONTRACT,1,8.5,3,3.01,55.56,0.0,3,2,0.93,1,1,1.0,NONE,0
EMP-SYNTH-3260,Enterprise Sales,OFFICE,CONTRACT,1,4.8,4,4.1,84.52,0.5,4,0,1.32,1,0,0.0,FREQUENT,0
EMP-SYNTH-3261,Growth & Marketing,OFFICE,PART_TIME,5,7.5,3,2.91,58.42,0.5,0,0,0.0,2,0,0.0,OCCASIONAL,0
EMP-SYNTH-3262,Engineering,OFFICE,CONTRACT,7,5.5,3,3.47,74.37,-1.0,2,0,2.48,5,5,1.0,NONE,0
EMP-SYNTH-3263,Engineering,REMOTE,CONTRACT,6,7.9,4,3.63,69.37,0.0,0,0,0.0,8,6,0.75,NONE,0
EMP-SYNTH-3264,Engineering,OFFICE,CONTRACT,8,3.8,3,3.35,70.82,0.0,2,0,2.32,5,0,0.0,OCCASIONAL,0
EMP-SYNTH-3265,Human Resources,REMOTE,PART_TIME,8,3.8,3,2.64,47.81,-1.0,1,0,1.37,0,0,0.0,NONE,0
EMP-SYNTH-3266,Engineering,OFFICE,FULL_TIME,4,7.8,4,3.51,66.72,-0.5,2,0,2.44,6,0,0.0,FREQUENT,0
EMP-SYNTH-3267,Growth & Marketing,OFFICE,PART_TIME,8,4.5,4,4.03,83.57,-1.0,3,3,0.25,0,0,0.0,OCCASIONAL,1
EMP-SYNTH-3268,Growth & Marketing,OFFICE,CONTRACT,4,9.5,3,3.17,67.32,0.0,5,0,1.3,2,0,0.0,FREQUENT,0
EMP-SYNTH-3269,Human Resources,REMOTE,PART_TIME,8,2.0,2,1.84,39.61,-1.0,1,1,0.06,2,2,1.0,FREQUENT,1
EMP-SYNTH-3270,Product & Design,HYBRID,CONTRACT,10,2.1,2,2.03,38.77,0.5,4,3,2.71,3,1,0.33,FREQUENT,1
EMP-SYNTH-3271,Growth & Marketing,REMOTE,CONTRACT,6,2.7,4,3.56,66.63,-0.5,4,2,1.67,6,0,0.0,FREQUENT,1
EMP-SYNTH-3272,Human Resources,HYBRID,PART_TIME,8,10.9,3,3.14,58.17,-1.0,4,2,1.32,3,3,1.0,FREQUENT,1
EMP-SYNTH-3273,Product & Design,REMOTE,CONTRACT,4,1.7,4,4.15,79.8,0.5,0,0,0.0,2,1,0.5,FREQUENT,0
EMP-SYNTH-3274,Product & Design,OFFICE,FULL_TIME,5,5.1,5,4.58,87.29,-0.5,0,0,0.0,7,6,0.86,FREQUENT,0
EMP-SYNTH-3275,Engineering,HYBRID,PART_TIME,7,1.0,1,1.45,28.27,0.0,4,3,1.51,2,2,1.0,OCCASIONAL,1
EMP-SYNTH-3276,Enterprise Sales,REMOTE,PART_TIME,3,9.2,3,3.32,63.91,1.0,0,0,0.0,4,2,0.5,NONE,0
EMP-SYNTH-3277,Human Resources,HYBRID,PART_TIME,7,2.7,4,3.7,71.54,0.0,4,0,1.57,4,2,0.5,FREQUENT,0
EMP-SYNTH-3278,Human Resources,HYBRID,PART_TIME,7,9.6,5,4.68,94.16,-0.5,6,0,1.03,3,0,0.0,OCCASIONAL,0
EMP-SYNTH-3279,Engineering,REMOTE,PART_TIME,2,7.6,4,4.21,86.16,0.5,3,0,0.23,0,0,0.0,NONE,0
EMP-SYNTH-3280,Product & Design,OFFICE,FULL_TIME,10,6.6,4,4.15,80.51,0.0,6,0,1.52,3,3,1.0,FREQUENT,0
EMP-SYNTH-3281,Growth & Marketing,OFFICE,CONTRACT,8,9.2,4,3.64,71.3,0.0,6,2,0.67,2,0,0.0,NONE,0
EMP-SYNTH-3282,Engineering,HYBRID,PART_TIME,1,5.6,3,2.95,57.33,-1.0,0,0,0.0,3,2,0.67,OCCASIONAL,0
EMP-SYNTH-3283,Enterprise Sales,HYBRID,FULL_TIME,4,5.0,3,2.72,53.29,0.0,1,1,1.42,1,1,1.0,NONE,0
EMP-SYNTH-3284,Human Resources,HYBRID,CONTRACT,7,5.3,2,1.78,39.41,1.0,1,1,1.96,6,2,0.33,FREQUENT,0
EMP-SYNTH-3285,Product & Design,OFFICE,CONTRACT,9,2.4,3,2.86,57.15,-0.5,0,0,0.0,1,1,1.0,OCCASIONAL,0
EMP-SYNTH-3286,Product & Design,OFFICE,PART_TIME,7,4.0,4,3.56,74.45,0.5,1,1,1.24,8,3,0.38,FREQUENT,0
EMP-SYNTH-3287,Product & Design,HYBRID,PART_TIME,7,10.0,3,2.75,58.07,0.5,3,3,1.44,5,2,0.4,NONE,0
EMP-SYNTH-3288,Enterprise Sales,OFFICE,CONTRACT,6,1.8,2,1.77,39.18,-0.5,4,1,1.25,5,5,1.0,OCCASIONAL,1
EMP-SYNTH-3289,Product & Design,OFFICE,PART_TIME,4,11.0,3,2.86,53.99,0.0,6,2,1.02,4,0,0.0,NONE,1
EMP-SYNTH-3290,Growth & Marketing,HYBRID,FULL_TIME,10,5.7,4,3.83,75.59,0.0,5,1,0.54,0,0,0.0,OCCASIONAL,0
EMP-SYNTH-3291,Engineering,REMOTE,CONTRACT,5,6.2,3,3.0,62.09,-0.5,4,0,0.2,8,7,0.88,OCCASIONAL,0
EMP-SYNTH-3292,Human Resources,REMOTE,FULL_TIME,5,10.4,3,2.83,58.83,0.5,3,0,2.55,5,5,1.0,FREQUENT,0
EMP-SYNTH-3293,Human Resources,REMOTE,PART_TIME,5,3.1,2,2.08,43.49,0.0,5,1,1.65,4,2,0.5,NONE,0
EMP-SYNTH-3294,Growth & Marketing,REMOTE,PART_TIME,1,4.0,3,3.03,62.63,1.0,4,0,1.62,7,6,0.86,NONE,0
EMP-SYNTH-3295,Product & Design,HYBRID,FULL_TIME,8,2.4,3,2.97,55.51,0.0,4,3,0.58,8,1,0.12,OCCASIONAL,1
EMP-SYNTH-3296,Enterprise Sales,OFFICE,FULL_TIME,8,2.9,5,5.0,97.35,0.5,5,3,0.59,4,0,0.0,FREQUENT,0
EMP-SYNTH-3297,Human Resources,OFFICE,PART_TIME,2,5.1,3,3.27,61.6,-0.5,2,2,2.02,6,4,0.67,FREQUENT,0
EMP-SYNTH-3298,Enterprise Sales,REMOTE,CONTRACT,3,11.3,2,1.64,30.92,0.5,5,1,0.38,7,6,0.86,FREQUENT,0
EMP-SYNTH-3299,Growth & Marketing,REMOTE,CONTRACT,1,11.8,3,2.89,57.23,1.0,2,2,2.0,5,3,0.6,FREQUENT,0
EMP-SYNTH-3300,Product & Design,HYBRID,FULL_TIME,4,11.5,5,5.0,95.55,-1.0,6,1,0.88,1,0,0.0,OCCASIONAL,1
EMP-SYNTH-3301,Human Resources,REMOTE,CONTRACT,5,2.0,3,3.33,69.78,-1.0,0,0,0.0,5,4,0.8,NONE,0
EMP-SYNTH-3302,Growth & Marketing,OFFICE,PART_TIME,6,1.5,2,2.1,37.02,-1.0,3,3,1.42,6,5,0.83,FREQUENT,0
EMP-SYNTH-3303,Human Resources,OFFICE,FULL_TIME,2,9.6,3,3.36,65.33,0.5,1,0,1.2,4,1,0.25,OCCASIONAL,0
EMP-SYNTH-3304,Human Resources,REMOTE,FULL_TIME,4,8.5,4,4.22,81.15,1.0,0,0,0.0,1,0,0.0,OCCASIONAL,0
EMP-SYNTH-3305,Product & Design,HYBRID,CONTRACT,8,4.3,4,3.57,72.19,1.0,4,2,2.55,7,7,1.0,NONE,0
EMP-SYNTH-3306,Enterprise Sales,OFFICE,CONTRACT,7,6.6,4,3.87,74.36,-1.0,0,0,0.0,3,2,0.67,OCCASIONAL,0
EMP-SYNTH-3307,Product & Design,REMOTE,FULL_TIME,7,10.6,4,4.02,83.44,-0.5,3,3,0.71,4,2,0.5,FREQUENT,1
EMP-SYNTH-3308,Engineering,OFFICE,PART_TIME,7,11.2,2,1.63,31.73,0.0,6,1,1.69,0,0,0.0,FREQUENT,1
EMP-SYNTH-3309,Engineering,REMOTE,FULL_TIME,10,3.9,4,4.36,89.76,-1.0,4,1,0.8,4,1,0.25,FREQUENT,1
EMP-SYNTH-3310,Engineering,REMOTE,PART_TIME,8,6.7,2,2.08,43.98,0.5,3,1,2.62,1,0,0.0,NONE,0
EMP-SYNTH-3311,Human Resources,HYBRID,FULL_TIME,10,7.6,2,2.26,49.92,-1.0,0,0,0.0,0,0,0.0,FREQUENT,1
EMP-SYNTH-3312,Enterprise Sales,OFFICE,CONTRACT,9,11.9,2,2.13,41.48,-1.0,1,0,0.93,0,0,0.0,OCCASIONAL,1
EMP-SYNTH-3313,Product & Design,REMOTE,PART_TIME,1,1.4,4,3.7,77.2,0.0,1,0,1.25,5,3,0.6,OCCASIONAL,0
EMP-SYNTH-3314,Engineering,OFFICE,CONTRACT,5,7.1,4,4.24,86.27,-0.5,4,0,2.28,7,1,0.14,FREQUENT,1
EMP-SYNTH-3315,Enterprise Sales,HYBRID,PART_TIME,1,7.4,2,1.88,33.26,1.0,3,2,2.86,2,0,0.0,OCCASIONAL,1
EMP-SYNTH-3316,Human Resources,REMOTE,FULL_TIME,10,11.9,4,4.49,89.01,0.5,0,0,0.0,1,1,1.0,FREQUENT,0
EMP-SYNTH-3317,Human Resources,HYBRID,CONTRACT,1,7.7,3,3.11,60.84,-0.5,5,2,2.68,7,3,0.43,NONE,1
EMP-SYNTH-3318,Enterprise Sales,OFFICE,FULL_TIME,6,2.8,3,3.13,67.35,-1.0,2,0,0.54,5,3,0.6,FREQUENT,1
EMP-SYNTH-3319,Human Resources,REMOTE,PART_TIME,9,6.8,4,4.15,84.88,0.5,0,0,0.0,7,0,0.0,OCCASIONAL,0
EMP-SYNTH-3320,Product & Design,REMOTE,CONTRACT,2,8.4,3,2.71,56.37,-1.0,6,2,2.68,7,4,0.57,NONE,1
EMP-SYNTH-3321,Engineering,HYBRID,PART_TIME,4,4.8,3,3.13,59.94,1.0,6,0,2.08,6,3,0.5,OCCASIONAL,0
EMP-SYNTH-3322,Product & Design,OFFICE,FULL_TIME,9,11.0,3,3.0,64.76,0.5,5,0,0.78,3,2,0.67,NONE,0
EMP-SYNTH-3323,Growth & Marketing,OFFICE,FULL_TIME,9,8.3,3,3.49,68.07,0.5,6,2,1.45,3,0,0.0,NONE,0
EMP-SYNTH-3324,Enterprise Sales,OFFICE,FULL_TIME,3,1.1,5,5.0,99.1,1.0,5,2,1.56,3,0,0.0,OCCASIONAL,0
EMP-SYNTH-3325,Product & Design,HYBRID,CONTRACT,9,1.4,2,2.48,51.83,0.0,5,0,2.77,0,0,0.0,NONE,1
EMP-SYNTH-3326,Human Resources,HYBRID,PART_TIME,7,1.4,4,3.5,74.68,0.5,6,2,0.91,1,0,0.0,FREQUENT,0
EMP-SYNTH-3327,Human Resources,HYBRID,CONTRACT,9,11.1,1,1.23,22.44,0.0,1,1,0.98,3,3,1.0,NONE,0
EMP-SYNTH-3328,Engineering,REMOTE,CONTRACT,2,11.3,4,4.22,86.32,1.0,4,3,0.18,0,0,0.0,FREQUENT,1
EMP-SYNTH-3329,Human Resources,OFFICE,CONTRACT,3,7.3,2,2.31,42.3,-1.0,6,2,1.55,3,1,0.33,OCCASIONAL,1
EMP-SYNTH-3330,Enterprise Sales,HYBRID,CONTRACT,3,11.2,3,2.58,47.83,0.0,5,2,1.55,0,0,0.0,NONE,0
EMP-SYNTH-3331,Engineering,OFFICE,PART_TIME,4,3.0,4,3.62,71.95,0.0,2,1,1.88,6,5,0.83,OCCASIONAL,0
EMP-SYNTH-3332,Growth & Marketing,HYBRID,PART_TIME,4,5.0,3,2.79,53.87,0.0,1,0,2.41,0,0,0.0,OCCASIONAL,0
EMP-SYNTH-3333,Growth & Marketing,HYBRID,FULL_TIME,6,11.8,3,3.5,72.3,1.0,0,0,0.0,5,0,0.0,FREQUENT,0
EMP-SYNTH-3334,Product & Design,OFFICE,PART_TIME,2,5.5,3,2.65,57.53,0.0,1,0,0.08,8,7,0.88,NONE,0
EMP-SYNTH-3335,Enterprise Sales,REMOTE,FULL_TIME,1,10.1,3,2.58,56.17,0.0,5,3,2.72,8,1,0.12,OCCASIONAL,0
EMP-SYNTH-3336,Product & Design,HYBRID,CONTRACT,6,2.4,3,2.75,53.17,-0.5,0,0,0.0,3,1,0.33,FREQUENT,1
EMP-SYNTH-3337,Product & Design,OFFICE,CONTRACT,9,6.0,4,3.67,73.75,1.0,1,0,2.67,1,1,1.0,NONE,0
EMP-SYNTH-3338,Human Resources,HYBRID,CONTRACT,3,0.9,4,4.34,86.96,-1.0,1,0,0.87,6,1,0.17,FREQUENT,1
EMP-SYNTH-3339,Product & Design,OFFICE,FULL_TIME,4,1.2,2,2.35,44.2,-1.0,0,0,0.0,3,0,0.0,OCCASIONAL,0
EMP-SYNTH-3340,Human Resources,OFFICE,CONTRACT,4,5.8,3,3.18,65.37,0.0,2,2,2.73,2,2,1.0,NONE,0
EMP-SYNTH-3341,Enterprise Sales,REMOTE,FULL_TIME,3,5.4,4,4.06,80.2,1.0,3,3,2.09,5,3,0.6,FREQUENT,0
EMP-SYNTH-3342,Product & Design,OFFICE,FULL_TIME,4,4.5,4,4.19,86.66,0.5,4,3,1.36,7,6,0.86,NONE,0
EMP-SYNTH-3343,Human Resources,HYBRID,CONTRACT,9,0.8,1,1.0,16.06,0.0,3,2,0.14,5,5,1.0,NONE,1
EMP-SYNTH-3344,Human Resources,REMOTE,FULL_TIME,5,2.1,5,4.87,98.1,-0.5,1,0,0.63,8,1,0.12,OCCASIONAL,0
EMP-SYNTH-3345,Human Resources,OFFICE,FULL_TIME,7,10.8,5,4.93,97.66,0.5,5,3,0.92,4,3,0.75,FREQUENT,0
EMP-SYNTH-3346,Engineering,HYBRID,PART_TIME,10,4.3,2,1.61,30.9,0.5,3,1,0.72,0,0,0.0,OCCASIONAL,1
EMP-SYNTH-3347,Engineering,REMOTE,PART_TIME,6,11.3,3,2.51,49.22,-0.5,1,1,2.61,4,2,0.5,FREQUENT,0
EMP-SYNTH-3348,Enterprise Sales,HYBRID,PART_TIME,4,5.6,4,3.96,79.71,0.0,6,0,1.56,0,0,0.0,FREQUENT,0
EMP-SYNTH-3349,Enterprise Sales,HYBRID,FULL_TIME,2,10.7,4,4.0,77.58,0.0,2,0,0.18,7,4,0.57,FREQUENT,0
EMP-SYNTH-3350,Product & Design,OFFICE,CONTRACT,10,10.0,3,2.93,54.12,0.0,4,3,2.36,7,1,0.14,NONE,0
EMP-SYNTH-3351,Growth & Marketing,HYBRID,FULL_TIME,7,1.3,2,1.99,39.21,-0.5,2,1,1.39,6,3,0.5,FREQUENT,1
EMP-SYNTH-3352,Human Resources,REMOTE,FULL_TIME,4,7.9,4,4.14,86.1,0.5,0,0,0.0,6,3,0.5,OCCASIONAL,0
EMP-SYNTH-3353,Product & Design,OFFICE,FULL_TIME,6,3.7,4,4.13,81.04,0.0,4,3,1.91,0,0,0.0,FREQUENT,1
EMP-SYNTH-3354,Enterprise Sales,HYBRID,FULL_TIME,5,7.8,3,3.47,64.67,-1.0,0,0,0.0,3,0,0.0,OCCASIONAL,0
EMP-SYNTH-3355,Engineering,OFFICE,CONTRACT,3,11.6,3,2.61,49.03,1.0,4,2,1.15,2,1,0.5,NONE,0
EMP-SYNTH-3356,Human Resources,REMOTE,FULL_TIME,8,5.9,4,3.86,75.41,1.0,3,2,2.74,4,1,0.25,OCCASIONAL,0
EMP-SYNTH-3357,Product & Design,OFFICE,PART_TIME,3,9.5,1,1.0,17.75,-1.0,3,2,2.71,6,0,0.0,OCCASIONAL,1
EMP-SYNTH-3358,Engineering,HYBRID,FULL_TIME,5,6.4,3,3.12,61.91,-0.5,3,1,1.12,0,0,0.0,NONE,1
EMP-SYNTH-3359,Engineering,HYBRID,PART_TIME,6,5.0,4,4.12,85.29,-1.0,2,2,0.0,5,0,0.0,OCCASIONAL,1
EMP-SYNTH-3360,Engineering,HYBRID,PART_TIME,6,11.0,3,2.77,53.91,-0.5,3,2,1.74,4,0,0.0,NONE,1
EMP-SYNTH-3361,Engineering,OFFICE,PART_TIME,3,0.9,3,2.99,62.27,0.0,0,0,0.0,2,0,0.0,NONE,0
EMP-SYNTH-3362,Enterprise Sales,REMOTE,FULL_TIME,10,4.8,3,2.68,54.37,-1.0,2,2,1.29,3,0,0.0,OCCASIONAL,1
EMP-SYNTH-3363,Human Resources,REMOTE,FULL_TIME,3,0.9,4,4.4,85.17,1.0,0,0,0.0,7,2,0.29,NONE,0
EMP-SYNTH-3364,Growth & Marketing,HYBRID,CONTRACT,9,7.0,4,3.99,77.73,0.5,5,3,0.1,7,6,0.86,FREQUENT,0
EMP-SYNTH-3365,Enterprise Sales,HYBRID,PART_TIME,8,11.5,5,5.0,100.16,-1.0,0,0,0.0,3,0,0.0,FREQUENT,0
EMP-SYNTH-3366,Growth & Marketing,OFFICE,FULL_TIME,9,3.1,5,4.66,90.3,0.0,2,0,0.81,8,0,0.0,OCCASIONAL,0
EMP-SYNTH-3367,Human Resources,HYBRID,FULL_TIME,5,3.7,4,3.9,75.5,-1.0,2,0,2.78,2,1,0.5,NONE,0
EMP-SYNTH-3368,Product & Design,HYBRID,CONTRACT,3,5.9,3,3.16,63.91,-1.0,1,0,2.66,4,3,0.75,NONE,0
EMP-SYNTH-3369,Enterprise Sales,HYBRID,PART_TIME,1,4.1,4,3.57,67.89,0.5,6,3,1.99,5,2,0.4,OCCASIONAL,0
EMP-SYNTH-3370,Product & Design,OFFICE,CONTRACT,8,10.5,2,2.16,42.78,-1.0,2,0,0.62,6,6,1.0,NONE,1
EMP-SYNTH-3371,Human Resources,REMOTE,FULL_TIME,5,5.1,3,2.83,61.51,0.0,0,0,0.0,8,5,0.62,NONE,0
EMP-SYNTH-3372,Enterprise Sales,REMOTE,CONTRACT,4,2.5,2,1.9,39.05,-1.0,0,0,0.0,8,5,0.62,NONE,1
EMP-SYNTH-3373,Human Resources,REMOTE,PART_TIME,3,8.3,2,2.47,45.17,0.5,2,0,2.29,2,2,1.0,NONE,0
EMP-SYNTH-3374,Product & Design,OFFICE,PART_TIME,8,4.3,4,4.47,88.3,0.0,3,2,2.04,2,0,0.0,FREQUENT,0
EMP-SYNTH-3375,Product & Design,REMOTE,PART_TIME,9,11.7,4,3.94,73.94,0.5,4,1,0.7,4,0,0.0,FREQUENT,0
EMP-SYNTH-3376,Human Resources,REMOTE,PART_TIME,4,5.0,4,3.85,78.35,-0.5,6,3,1.24,6,3,0.5,FREQUENT,1
EMP-SYNTH-3377,Growth & Marketing,OFFICE,PART_TIME,1,6.0,3,2.84,52.31,-1.0,1,0,1.45,5,0,0.0,FREQUENT,1
EMP-SYNTH-3378,Engineering,REMOTE,CONTRACT,1,7.6,3,2.73,51.82,-1.0,2,0,2.05,3,3,1.0,OCCASIONAL,0
EMP-SYNTH-3379,Enterprise Sales,OFFICE,CONTRACT,10,3.1,2,1.64,31.88,1.0,5,2,2.62,5,2,0.4,NONE,0
EMP-SYNTH-3380,Human Resources,HYBRID,FULL_TIME,4,11.3,4,4.37,87.51,-0.5,6,2,0.09,7,2,0.29,FREQUENT,1
EMP-SYNTH-3381,Engineering,HYBRID,CONTRACT,10,6.3,4,4.17,87.6,1.0,4,0,1.77,8,0,0.0,FREQUENT,0
EMP-SYNTH-3382,Product & Design,OFFICE,PART_TIME,4,3.2,4,3.94,83.75,0.0,2,0,0.56,5,4,0.8,OCCASIONAL,0
EMP-SYNTH-3383,Human Resources,REMOTE,CONTRACT,4,9.7,4,4.21,84.04,-0.5,1,0,2.4,5,1,0.2,NONE,0
EMP-SYNTH-3384,Enterprise Sales,HYBRID,PART_TIME,4,9.4,2,2.43,48.03,0.0,0,0,0.0,6,2,0.33,FREQUENT,1
EMP-SYNTH-3385,Engineering,REMOTE,FULL_TIME,9,5.1,4,3.8,76.93,0.0,0,0,0.0,3,3,1.0,OCCASIONAL,0
EMP-SYNTH-3386,Product & Design,REMOTE,CONTRACT,3,7.9,3,3.24,68.87,0.0,0,0,0.0,8,1,0.12,NONE,0
EMP-SYNTH-3387,Human Resources,HYBRID,FULL_TIME,8,2.3,4,3.62,74.5,0.5,2,1,0.99,5,0,0.0,OCCASIONAL,0
EMP-SYNTH-3388,Growth & Marketing,REMOTE,FULL_TIME,7,5.8,4,3.92,82.14,0.0,4,0,2.82,6,6,1.0,OCCASIONAL,0
EMP-SYNTH-3389,Growth & Marketing,REMOTE,CONTRACT,1,9.0,2,1.88,42.43,0.5,5,2,2.06,4,1,0.25,OCCASIONAL,1
EMP-SYNTH-3390,Human Resources,HYBRID,CONTRACT,3,3.9,2,1.92,37.7,-1.0,3,3,1.41,4,2,0.5,NONE,0
EMP-SYNTH-3391,Human Resources,OFFICE,FULL_TIME,3,8.3,2,2.15,46.1,0.5,6,3,0.58,8,1,0.12,FREQUENT,1
EMP-SYNTH-3392,Growth & Marketing,OFFICE,FULL_TIME,5,5.6,2,1.83,31.91,-0.5,4,2,1.62,8,5,0.62,NONE,0
EMP-SYNTH-3393,Growth & Marketing,HYBRID,FULL_TIME,4,2.4,2,1.8,33.07,0.0,0,0,0.0,5,5,1.0,OCCASIONAL,0
EMP-SYNTH-3394,Product & Design,OFFICE,FULL_TIME,8,11.6,4,4.46,93.86,0.0,1,0,2.28,4,3,0.75,FREQUENT,0
EMP-SYNTH-3395,Engineering,HYBRID,CONTRACT,5,10.5,3,3.44,70.14,-0.5,2,1,0.32,6,4,0.67,FREQUENT,1
EMP-SYNTH-3396,Human Resources,OFFICE,CONTRACT,9,2.0,5,5.0,102.26,0.0,6,0,0.52,8,4,0.5,OCCASIONAL,0
EMP-SYNTH-3397,Enterprise Sales,OFFICE,PART_TIME,9,5.3,5,5.0,102.57,1.0,5,0,1.28,2,1,0.5,OCCASIONAL,0
EMP-SYNTH-3398,Product & Design,REMOTE,FULL_TIME,7,4.4,3,3.42,73.06,-1.0,6,1,1.24,4,3,0.75,NONE,0
EMP-SYNTH-3399,Enterprise Sales,OFFICE,CONTRACT,1,4.2,3,2.95,54.2,1.0,6,1,1.15,1,0,0.0,OCCASIONAL,0
EMP-SYNTH-3400,Enterprise Sales,HYBRID,CONTRACT,4,9.8,2,1.95,39.29,0.5,2,0,1.99,6,4,0.67,OCCASIONAL,0
EMP-SYNTH-3401,Human Resources,HYBRID,CONTRACT,8,11.8,4,3.77,75.95,-0.5,4,1,0.2,1,1,1.0,OCCASIONAL,0
EMP-SYNTH-3402,Enterprise Sales,REMOTE,PART_TIME,9,4.9,3,3.46,64.34,-1.0,4,1,1.91,5,1,0.2,NONE,0
EMP-SYNTH-3403,Enterprise Sales,REMOTE,CONTRACT,1,3.5,4,3.93,76.55,-0.5,4,2,0.15,7,2,0.29,OCCASIONAL,0
EMP-SYNTH-3404,Enterprise Sales,REMOTE,PART_TIME,1,7.2,2,1.63,36.94,-1.0,4,2,1.18,6,5,0.83,FREQUENT,1
EMP-SYNTH-3405,Engineering,OFFICE,PART_TIME,6,7.9,2,2.26,42.06,-1.0,1,0,1.85,6,3,0.5,FREQUENT,1
EMP-SYNTH-3406,Product & Design,OFFICE,CONTRACT,9,8.5,4,4.12,78.48,0.5,3,3,1.23,8,5,0.62,FREQUENT,0
EMP-SYNTH-3407,Enterprise Sales,HYBRID,PART_TIME,10,2.2,3,3.15,67.88,-0.5,3,3,0.59,6,1,0.17,FREQUENT,1
EMP-SYNTH-3408,Engineering,REMOTE,CONTRACT,4,11.6,3,3.26,63.67,-0.5,4,2,2.78,0,0,0.0,FREQUENT,1
EMP-SYNTH-3409,Growth & Marketing,HYBRID,PART_TIME,6,6.3,4,4.11,82.58,-0.5,6,0,1.82,7,2,0.29,FREQUENT,0
EMP-SYNTH-3410,Product & Design,OFFICE,CONTRACT,10,2.9,4,4.12,86.52,-1.0,2,2,2.11,4,1,0.25,NONE,1
EMP-SYNTH-3411,Product & Design,REMOTE,CONTRACT,1,7.2,3,2.89,55.91,-0.5,4,2,1.48,0,0,0.0,NONE,1
EMP-SYNTH-3412,Enterprise Sales,HYBRID,PART_TIME,8,11.9,4,3.7,71.51,0.0,3,3,2.8,3,0,0.0,OCCASIONAL,0
EMP-SYNTH-3413,Enterprise Sales,HYBRID,PART_TIME,8,4.2,4,3.5,65.28,1.0,5,2,2.3,1,1,1.0,NONE,0
EMP-SYNTH-3414,Human Resources,REMOTE,CONTRACT,2,4.7,1,1.0,22.4,0.0,0,0,0.0,2,0,0.0,NONE,0
EMP-SYNTH-3415,Growth & Marketing,OFFICE,CONTRACT,2,9.2,3,2.53,47.39,1.0,2,0,0.19,1,1,1.0,OCCASIONAL,0
EMP-SYNTH-3416,Enterprise Sales,OFFICE,PART_TIME,10,1.1,3,2.87,53.67,0.0,4,1,2.08,0,0,0.0,FREQUENT,1
EMP-SYNTH-3417,Enterprise Sales,REMOTE,CONTRACT,5,4.1,5,4.78,91.96,0.0,1,0,0.63,3,2,0.67,FREQUENT,0
EMP-SYNTH-3418,Growth & Marketing,OFFICE,FULL_TIME,5,7.0,4,4.06,79.15,-0.5,0,0,0.0,6,6,1.0,NONE,0
EMP-SYNTH-3419,Enterprise Sales,HYBRID,CONTRACT,5,9.8,1,1.0,22.44,-0.5,6,2,2.78,1,1,1.0,FREQUENT,1
EMP-SYNTH-3420,Human Resources,OFFICE,CONTRACT,4,11.3,4,3.54,73.38,0.0,0,0,0.0,1,0,0.0,NONE,0
EMP-SYNTH-3421,Enterprise Sales,HYBRID,FULL_TIME,7,8.1,3,3.46,64.87,0.0,3,0,2.03,0,0,0.0,NONE,0
EMP-SYNTH-3422,Growth & Marketing,HYBRID,FULL_TIME,7,12.0,4,4.41,90.9,-0.5,6,2,1.35,5,1,0.2,OCCASIONAL,1
EMP-SYNTH-3423,Enterprise Sales,REMOTE,CONTRACT,2,10.9,4,4.18,82.09,0.0,5,1,1.57,3,3,1.0,NONE,0
EMP-SYNTH-3424,Human Resources,OFFICE,PART_TIME,5,11.6,2,1.73,34.35,0.0,4,0,0.78,0,0,0.0,FREQUENT,1
EMP-SYNTH-3425,Engineering,HYBRID,FULL_TIME,10,8.3,4,3.64,76.75,0.5,1,1,0.71,1,0,0.0,OCCASIONAL,0
EMP-SYNTH-3426,Human Resources,OFFICE,PART_TIME,3,5.6,5,4.82,93.56,0.0,4,0,2.58,4,4,1.0,OCCASIONAL,0
EMP-SYNTH-3427,Enterprise Sales,HYBRID,PART_TIME,10,8.6,3,3.06,61.68,1.0,2,2,0.55,1,0,0.0,FREQUENT,1
EMP-SYNTH-3428,Product & Design,HYBRID,CONTRACT,5,9.4,3,2.81,57.15,-1.0,3,2,0.17,1,1,1.0,NONE,0
EMP-SYNTH-3429,Human Resources,HYBRID,FULL_TIME,3,1.7,4,3.96,80.35,-1.0,1,1,2.33,8,3,0.38,FREQUENT,1
EMP-SYNTH-3430,Human Resources,OFFICE,FULL_TIME,5,1.7,2,2.14,39.11,-1.0,0,0,0.0,7,2,0.29,FREQUENT,1
EMP-SYNTH-3431,Product & Design,REMOTE,CONTRACT,6,10.7,2,1.93,38.23,1.0,0,0,0.0,6,6,1.0,FREQUENT,0
EMP-SYNTH-3432,Engineering,OFFICE,FULL_TIME,6,1.7,3,2.94,59.13,0.5,1,0,2.72,7,4,0.57,OCCASIONAL,0
EMP-SYNTH-3433,Human Resources,OFFICE,FULL_TIME,4,4.0,3,3.22,65.02,1.0,4,2,2.89,5,3,0.6,NONE,1
EMP-SYNTH-3434,Growth & Marketing,HYBRID,CONTRACT,10,0.9,4,4.07,85.15,-1.0,6,2,1.5,3,3,1.0,OCCASIONAL,0
EMP-SYNTH-3435,Human Resources,REMOTE,PART_TIME,3,4.5,3,2.79,55.88,0.5,3,2,2.99,6,3,0.5,FREQUENT,0
EMP-SYNTH-3436,Enterprise Sales,REMOTE,PART_TIME,1,4.2,3,3.36,71.61,-1.0,3,3,1.8,6,2,0.33,OCCASIONAL,1
EMP-SYNTH-3437,Engineering,OFFICE,CONTRACT,10,7.9,3,2.64,57.78,0.0,3,3,0.01,2,1,0.5,OCCASIONAL,0
EMP-SYNTH-3438,Growth & Marketing,REMOTE,FULL_TIME,9,1.0,4,4.19,82.87,-1.0,5,3,0.66,2,2,1.0,OCCASIONAL,0
EMP-SYNTH-3439,Engineering,HYBRID,CONTRACT,2,5.3,4,3.83,80.19,1.0,5,1,0.08,2,0,0.0,OCCASIONAL,0
EMP-SYNTH-3440,Human Resources,HYBRID,FULL_TIME,3,7.2,4,3.78,77.6,0.0,6,1,2.69,6,1,0.17,OCCASIONAL,0
EMP-SYNTH-3441,Engineering,REMOTE,PART_TIME,8,3.5,4,4.13,80.75,-1.0,1,1,0.83,8,3,0.38,FREQUENT,0
EMP-SYNTH-3442,Human Resources,REMOTE,PART_TIME,5,7.1,4,4.1,83.14,-1.0,3,2,0.67,5,5,1.0,FREQUENT,0
EMP-SYNTH-3443,Growth & Marketing,HYBRID,CONTRACT,3,2.0,4,4.15,81.22,-0.5,0,0,0.0,1,0,0.0,OCCASIONAL,0
EMP-SYNTH-3444,Enterprise Sales,OFFICE,FULL_TIME,2,1.4,4,3.92,75.5,-1.0,4,0,2.79,0,0,0.0,FREQUENT,0
EMP-SYNTH-3445,Engineering,REMOTE,PART_TIME,6,7.5,3,3.35,68.18,0.0,5,2,0.18,5,4,0.8,OCCASIONAL,0
EMP-SYNTH-3446,Product & Design,HYBRID,CONTRACT,6,7.4,3,2.59,53.96,-0.5,0,0,0.0,1,0,0.0,FREQUENT,1
EMP-SYNTH-3447,Enterprise Sales,REMOTE,CONTRACT,10,0.9,3,2.94,57.04,-1.0,5,2,0.93,5,0,0.0,FREQUENT,1
EMP-SYNTH-3448,Product & Design,REMOTE,CONTRACT,1,11.8,4,4.33,87.39,0.0,5,0,2.96,6,0,0.0,FREQUENT,0
EMP-SYNTH-3449,Enterprise Sales,HYBRID,CONTRACT,2,2.9,3,2.6,55.17,0.0,6,1,1.14,5,2,0.4,FREQUENT,0
EMP-SYNTH-3450,Human Resources,REMOTE,CONTRACT,1,8.5,3,3.35,70.86,0.0,4,0,2.46,6,4,0.67,FREQUENT,0
EMP-SYNTH-3451,Product & Design,HYBRID,FULL_TIME,7,10.7,4,4.15,82.97,-1.0,0,0,0.0,2,2,1.0,NONE,0
EMP-SYNTH-3452,Human Resources,OFFICE,PART_TIME,5,4.7,3,3.28,66.44,0.0,6,3,0.62,4,4,1.0,OCCASIONAL,0
EMP-SYNTH-3453,Human Resources,HYBRID,CONTRACT,7,2.8,3,3.07,61.52,1.0,2,2,2.08,3,3,1.0,FREQUENT,0
EMP-SYNTH-3454,Engineering,HYBRID,PART_TIME,2,7.7,4,4.36,89.01,-1.0,5,1,0.7,7,5,0.71,FREQUENT,0
EMP-SYNTH-3455,Human Resources,OFFICE,FULL_TIME,2,3.6,2,1.58,35.65,-1.0,5,3,2.63,1,0,0.0,OCCASIONAL,1
EMP-SYNTH-3456,Enterprise Sales,OFFICE,FULL_TIME,9,6.1,4,4.15,86.42,1.0,0,0,0.0,2,0,0.0,FREQUENT,0
EMP-SYNTH-3457,Engineering,HYBRID,FULL_TIME,3,10.6,3,3.02,61.99,1.0,1,1,0.34,7,1,0.14,OCCASIONAL,0
EMP-SYNTH-3458,Enterprise Sales,OFFICE,FULL_TIME,5,11.7,4,3.84,78.02,-1.0,0,0,0.0,8,4,0.5,NONE,0
EMP-SYNTH-3459,Human Resources,REMOTE,FULL_TIME,8,1.0,2,2.3,47.53,-0.5,6,0,0.72,7,4,0.57,NONE,1
EMP-SYNTH-3460,Engineering,REMOTE,PART_TIME,8,7.1,3,3.31,62.11,-0.5,1,0,2.77,8,1,0.12,NONE,0
EMP-SYNTH-3461,Enterprise Sales,HYBRID,FULL_TIME,3,1.0,4,3.83,73.16,1.0,3,3,1.66,4,3,0.75,NONE,0
EMP-SYNTH-3462,Enterprise Sales,OFFICE,PART_TIME,1,5.3,1,1.0,16.06,-0.5,2,0,1.37,6,3,0.5,OCCASIONAL,1
EMP-SYNTH-3463,Product & Design,HYBRID,FULL_TIME,7,2.3,3,2.62,54.36,1.0,2,0,1.9,1,0,0.0,NONE,0
EMP-SYNTH-3464,Enterprise Sales,HYBRID,PART_TIME,10,4.3,3,3.32,62.23,0.5,2,2,2.82,4,2,0.5,OCCASIONAL,1
EMP-SYNTH-3465,Growth & Marketing,REMOTE,PART_TIME,10,5.6,3,2.97,55.87,-1.0,2,1,0.75,4,1,0.25,FREQUENT,1
EMP-SYNTH-3466,Enterprise Sales,OFFICE,PART_TIME,5,7.2,5,5.0,98.26,0.0,2,1,0.92,5,3,0.6,OCCASIONAL,0
EMP-SYNTH-3467,Growth & Marketing,OFFICE,CONTRACT,6,2.3,2,2.39,50.36,0.5,5,3,0.89,5,0,0.0,FREQUENT,1
EMP-SYNTH-3468,Product & Design,OFFICE,FULL_TIME,8,11.2,3,2.58,55.99,-1.0,1,1,2.11,7,5,0.71,OCCASIONAL,0
EMP-SYNTH-3469,Growth & Marketing,OFFICE,PART_TIME,4,6.1,3,3.5,72.48,0.0,5,0,3.0,4,1,0.25,NONE,0
EMP-SYNTH-3470,Product & Design,OFFICE,PART_TIME,4,10.3,4,3.78,71.58,0.0,3,1,0.54,7,2,0.29,NONE,0
EMP-SYNTH-3471,Enterprise Sales,REMOTE,FULL_TIME,10,6.1,3,2.98,64.03,-1.0,6,3,0.71,3,3,1.0,OCCASIONAL,0
EMP-SYNTH-3472,Human Resources,OFFICE,FULL_TIME,9,4.4,3,3.47,69.0,0.0,5,1,2.91,3,1,0.33,NONE,1
EMP-SYNTH-3473,Growth & Marketing,HYBRID,CONTRACT,6,10.6,4,4.06,79.67,0.5,4,0,1.58,1,1,1.0,NONE,0
EMP-SYNTH-3474,Growth & Marketing,OFFICE,CONTRACT,3,9.5,1,1.0,17.0,0.5,5,2,1.02,4,1,0.25,NONE,1
EMP-SYNTH-3475,Product & Design,HYBRID,PART_TIME,8,8.7,4,3.94,80.05,0.0,0,0,0.0,2,1,0.5,NONE,0
EMP-SYNTH-3476,Engineering,OFFICE,PART_TIME,2,8.3,5,4.96,95.32,-0.5,1,0,0.88,3,0,0.0,FREQUENT,1
EMP-SYNTH-3477,Growth & Marketing,HYBRID,PART_TIME,8,9.3,2,1.75,35.03,0.5,5,0,2.77,1,0,0.0,NONE,0
EMP-SYNTH-3478,Enterprise Sales,HYBRID,PART_TIME,10,5.5,4,3.58,68.06,-1.0,4,1,1.41,2,1,0.5,OCCASIONAL,0
EMP-SYNTH-3479,Growth & Marketing,REMOTE,FULL_TIME,1,5.6,3,3.13,58.37,-0.5,6,1,0.26,7,7,1.0,FREQUENT,0
EMP-SYNTH-3480,Enterprise Sales,REMOTE,FULL_TIME,2,10.6,1,1.0,17.97,-1.0,6,1,1.4,6,0,0.0,NONE,1
EMP-SYNTH-3481,Human Resources,OFFICE,FULL_TIME,7,2.1,4,3.87,72.65,-1.0,0,0,0.0,6,6,1.0,OCCASIONAL,0
EMP-SYNTH-3482,Product & Design,OFFICE,PART_TIME,8,11.9,3,2.77,58.38,1.0,6,0,2.24,8,4,0.5,OCCASIONAL,0
EMP-SYNTH-3483,Growth & Marketing,OFFICE,CONTRACT,4,10.4,5,4.61,93.12,-1.0,4,1,0.58,3,3,1.0,NONE,0
EMP-SYNTH-3484,Human Resources,HYBRID,PART_TIME,9,11.2,4,3.71,76.75,-1.0,0,0,0.0,6,1,0.17,NONE,0
EMP-SYNTH-3485,Enterprise Sales,OFFICE,CONTRACT,1,4.9,3,2.79,58.03,-0.5,5,2,0.48,2,2,1.0,NONE,0
EMP-SYNTH-3486,Enterprise Sales,REMOTE,PART_TIME,5,6.2,3,2.58,52.62,0.0,2,1,2.7,0,0,0.0,OCCASIONAL,1
EMP-SYNTH-3487,Product & Design,OFFICE,CONTRACT,5,2.3,5,4.94,103.68,0.0,3,3,1.36,6,5,0.83,NONE,0
EMP-SYNTH-3488,Enterprise Sales,REMOTE,FULL_TIME,8,4.0,3,2.51,53.25,0.0,1,0,0.88,2,2,1.0,NONE,0
EMP-SYNTH-3489,Product & Design,HYBRID,CONTRACT,5,11.7,2,1.79,35.3,-1.0,3,2,0.69,1,1,1.0,NONE,1
EMP-SYNTH-3490,Growth & Marketing,HYBRID,CONTRACT,4,1.3,3,2.62,51.2,0.0,1,1,0.56,1,0,0.0,FREQUENT,0
EMP-SYNTH-3491,Product & Design,REMOTE,FULL_TIME,5,0.6,3,3.18,61.21,1.0,3,0,2.11,6,6,1.0,FREQUENT,0
EMP-SYNTH-3492,Human Resources,REMOTE,PART_TIME,6,10.8,5,5.0,104.5,0.0,2,1,0.79,8,7,0.88,OCCASIONAL,0
EMP-SYNTH-3493,Growth & Marketing,REMOTE,PART_TIME,10,9.4,4,3.76,73.69,0.0,1,0,2.19,4,1,0.25,OCCASIONAL,0
EMP-SYNTH-3494,Product & Design,REMOTE,PART_TIME,5,7.2,3,3.17,61.68,1.0,3,3,2.72,7,2,0.29,OCCASIONAL,0
EMP-SYNTH-3495,Human Resources,OFFICE,PART_TIME,2,4.3,1,1.36,31.83,0.5,5,2,1.12,1,0,0.0,FREQUENT,1
EMP-SYNTH-3496,Product & Design,REMOTE,CONTRACT,2,7.9,4,4.12,78.94,0.0,1,0,1.32,1,0,0.0,NONE,0
EMP-SYNTH-3497,Human Resources,HYBRID,PART_TIME,6,10.5,4,3.69,69.54,0.5,6,3,1.05,0,0,0.0,NONE,0
EMP-SYNTH-3498,Human Resources,REMOTE,FULL_TIME,4,8.4,1,1.0,23.07,0.0,6,0,1.87,7,2,0.29,FREQUENT,1
EMP-SYNTH-3499,Growth & Marketing,HYBRID,CONTRACT,2,8.1,3,2.99,60.11,-1.0,3,1,0.46,8,4,0.5,NONE,1
EMP-SYNTH-3500,Engineering,OFFICE,FULL_TIME,4,11.4,3,3.12,58.41,0.0,3,3,1.77,8,7,0.88,OCCASIONAL,0
EMP-SYNTH-3501,Human Resources,REMOTE,FULL_TIME,2,11.7,4,4.29,85.27,0.5,1,1,0.93,0,0,0.0,NONE,0
EMP-SYNTH-3502,Growth & Marketing,HYBRID,CONTRACT,8,3.9,1,1.19,19.35,0.5,1,0,1.11,6,3,0.5,FREQUENT,1
EMP-SYNTH-3503,Engineering,HYBRID,FULL_TIME,7,1.6,3,2.84,54.24,0.0,0,0,0.0,7,0,0.0,NONE,0
EMP-SYNTH-3504,Human Resources,OFFICE,PART_TIME,2,2.4,3,3.33,70.34,0.5,0,0,0.0,1,0,0.0,NONE,0
EMP-SYNTH-3505,Engineering,HYBRID,FULL_TIME,7,7.0,4,4.23,80.72,0.0,3,3,1.85,7,1,0.14,NONE,0
EMP-SYNTH-3506,Growth & Marketing,REMOTE,FULL_TIME,2,9.6,5,5.0,97.29,-0.5,4,1,2.23,5,0,0.0,FREQUENT,1
EMP-SYNTH-3507,Enterprise Sales,REMOTE,FULL_TIME,10,11.3,3,2.89,57.13,-0.5,0,0,0.0,7,0,0.0,NONE,0
EMP-SYNTH-3508,Product & Design,HYBRID,CONTRACT,6,4.3,5,5.0,104.24,-0.5,5,0,2.53,2,1,0.5,OCCASIONAL,0
EMP-SYNTH-3509,Growth & Marketing,OFFICE,CONTRACT,8,11.4,4,4.47,84.42,-0.5,2,0,2.91,2,1,0.5,NONE,0
EMP-SYNTH-3510,Human Resources,OFFICE,PART_TIME,8,7.7,3,2.94,63.23,1.0,1,0,0.01,0,0,0.0,NONE,0
EMP-SYNTH-3511,Human Resources,HYBRID,PART_TIME,3,0.7,2,2.02,39.9,1.0,6,3,0.84,8,2,0.25,NONE,1
EMP-SYNTH-3512,Engineering,REMOTE,FULL_TIME,10,1.2,5,5.0,101.12,-0.5,0,0,0.0,6,3,0.5,OCCASIONAL,0
EMP-SYNTH-3513,Enterprise Sales,OFFICE,PART_TIME,7,0.9,2,2.29,46.89,0.0,5,2,2.53,1,0,0.0,OCCASIONAL,1
EMP-SYNTH-3514,Enterprise Sales,REMOTE,PART_TIME,6,10.4,5,5.0,101.38,0.0,5,2,2.73,5,3,0.6,OCCASIONAL,0
EMP-SYNTH-3515,Engineering,OFFICE,PART_TIME,8,1.8,2,1.67,33.42,0.5,1,0,1.56,7,3,0.43,NONE,1
EMP-SYNTH-3516,Enterprise Sales,REMOTE,CONTRACT,6,3.5,4,4.13,78.88,0.0,6,2,2.94,4,2,0.5,FREQUENT,0
EMP-SYNTH-3517,Product & Design,HYBRID,FULL_TIME,4,10.8,1,1.0,21.43,0.0,1,1,1.25,4,2,0.5,NONE,0
EMP-SYNTH-3518,Human Resources,OFFICE,FULL_TIME,5,9.6,3,2.74,53.29,0.0,4,1,2.96,8,6,0.75,OCCASIONAL,0
EMP-SYNTH-3519,Enterprise Sales,HYBRID,CONTRACT,5,7.5,4,4.16,87.93,-0.5,6,0,0.34,3,3,1.0,FREQUENT,0
EMP-SYNTH-3520,Engineering,REMOTE,PART_TIME,8,6.0,1,1.41,31.97,-1.0,0,0,0.0,8,1,0.12,FREQUENT,1
EMP-SYNTH-3521,Enterprise Sales,OFFICE,FULL_TIME,2,4.6,4,3.66,68.93,0.0,4,3,2.63,6,2,0.33,NONE,0
EMP-SYNTH-3522,Human Resources,HYBRID,CONTRACT,6,0.8,4,4.32,87.46,-0.5,0,0,0.0,1,0,0.0,FREQUENT,0
EMP-SYNTH-3523,Growth & Marketing,HYBRID,FULL_TIME,1,0.8,3,2.76,52.41,-1.0,1,1,1.46,2,0,0.0,FREQUENT,1
EMP-SYNTH-3524,Product & Design,OFFICE,CONTRACT,7,7.7,3,3.33,66.86,0.0,6,1,2.8,6,6,1.0,OCCASIONAL,0
EMP-SYNTH-3525,Enterprise Sales,HYBRID,FULL_TIME,2,1.5,3,3.25,64.59,-0.5,6,3,2.98,4,0,0.0,OCCASIONAL,1
EMP-SYNTH-3526,Enterprise Sales,HYBRID,CONTRACT,3,7.3,1,1.0,24.95,0.0,5,3,2.67,4,1,0.25,FREQUENT,1
EMP-SYNTH-3527,Human Resources,HYBRID,PART_TIME,2,5.2,3,3.22,66.31,1.0,4,2,2.72,0,0,0.0,FREQUENT,1
EMP-SYNTH-3528,Human Resources,HYBRID,PART_TIME,5,6.1,3,3.3,70.49,0.0,6,1,1.96,5,4,0.8,OCCASIONAL,0
EMP-SYNTH-3529,Growth & Marketing,HYBRID,PART_TIME,9,2.6,5,4.79,94.25,0.0,0,0,0.0,2,0,0.0,NONE,0
EMP-SYNTH-3530,Growth & Marketing,HYBRID,CONTRACT,2,1.8,4,3.97,79.67,0.0,2,0,1.7,0,0,0.0,OCCASIONAL,0
EMP-SYNTH-3531,Growth & Marketing,HYBRID,CONTRACT,7,11.2,5,4.93,95.37,-0.5,1,1,2.4,0,0,0.0,FREQUENT,1
EMP-SYNTH-3532,Product & Design,HYBRID,CONTRACT,4,7.3,4,3.68,75.0,0.0,5,1,1.36,7,3,0.43,NONE,0
EMP-SYNTH-3533,Human Resources,REMOTE,FULL_TIME,5,4.7,4,3.99,75.12,-0.5,0,0,0.0,1,1,1.0,OCCASIONAL,0
EMP-SYNTH-3534,Human Resources,REMOTE,PART_TIME,4,5.2,4,4.33,87.92,-1.0,2,0,1.02,4,2,0.5,NONE,0
EMP-SYNTH-3535,Growth & Marketing,REMOTE,PART_TIME,8,1.3,5,4.73,99.11,0.5,1,1,2.69,8,1,0.12,NONE,0
EMP-SYNTH-3536,Product & Design,HYBRID,FULL_TIME,6,5.5,4,3.98,80.71,0.0,1,0,2.57,6,0,0.0,NONE,0
EMP-SYNTH-3537,Engineering,HYBRID,PART_TIME,10,2.1,3,3.16,64.81,1.0,3,2,0.46,7,7,1.0,OCCASIONAL,0
EMP-SYNTH-3538,Enterprise Sales,OFFICE,FULL_TIME,10,5.6,5,5.0,95.36,0.0,3,0,2.05,2,2,1.0,FREQUENT,0
EMP-SYNTH-3539,Product & Design,HYBRID,CONTRACT,9,4.3,4,3.79,75.0,0.5,1,0,0.3,1,0,0.0,OCCASIONAL,0
EMP-SYNTH-3540,Growth & Marketing,REMOTE,CONTRACT,1,2.5,4,3.63,72.78,0.0,5,0,2.15,6,1,0.17,NONE,0
EMP-SYNTH-3541,Human Resources,HYBRID,CONTRACT,2,6.8,4,3.64,74.39,0.0,6,2,1.2,3,0,0.0,OCCASIONAL,0
EMP-SYNTH-3542,Growth & Marketing,HYBRID,CONTRACT,2,8.0,3,2.79,54.01,0.0,2,0,0.09,7,4,0.57,OCCASIONAL,0
EMP-SYNTH-3543,Enterprise Sales,HYBRID,CONTRACT,8,11.1,2,2.39,51.79,1.0,6,2,2.6,8,3,0.38,NONE,0
EMP-SYNTH-3544,Human Resources,REMOTE,FULL_TIME,4,8.6,2,1.83,38.95,0.0,5,3,1.21,0,0,0.0,NONE,1
EMP-SYNTH-3545,Human Resources,REMOTE,FULL_TIME,8,8.8,3,2.93,62.96,0.5,5,2,0.06,5,5,1.0,NONE,0
EMP-SYNTH-3546,Enterprise Sales,HYBRID,PART_TIME,7,4.8,4,4.24,81.16,0.0,3,2,2.6,4,0,0.0,NONE,1
EMP-SYNTH-3547,Product & Design,OFFICE,PART_TIME,5,2.7,3,2.78,59.04,0.0,4,3,0.15,0,0,0.0,FREQUENT,1
EMP-SYNTH-3548,Growth & Marketing,REMOTE,FULL_TIME,7,7.8,3,3.05,61.92,1.0,5,1,1.43,1,0,0.0,FREQUENT,0
EMP-SYNTH-3549,Engineering,HYBRID,PART_TIME,8,10.6,2,1.91,33.23,0.5,0,0,0.0,5,3,0.6,OCCASIONAL,0
EMP-SYNTH-3550,Engineering,HYBRID,CONTRACT,8,8.4,3,2.63,51.71,0.0,4,0,1.0,8,3,0.38,NONE,0
EMP-SYNTH-3551,Growth & Marketing,OFFICE,CONTRACT,7,4.4,4,3.99,79.69,-1.0,1,0,2.54,7,4,0.57,FREQUENT,0
EMP-SYNTH-3552,Human Resources,HYBRID,PART_TIME,8,8.3,3,2.68,56.62,0.0,4,1,2.86,6,5,0.83,OCCASIONAL,0
EMP-SYNTH-3553,Engineering,OFFICE,PART_TIME,3,4.2,4,3.92,81.14,-1.0,3,1,1.79,7,2,0.29,OCCASIONAL,1
EMP-SYNTH-3554,Growth & Marketing,HYBRID,FULL_TIME,7,2.5,2,2.24,49.25,0.0,0,0,0.0,5,0,0.0,NONE,0
EMP-SYNTH-3555,Human Resources,REMOTE,CONTRACT,1,8.7,3,3.09,65.26,0.5,3,2,1.34,4,3,0.75,FREQUENT,0
EMP-SYNTH-3556,Growth & Marketing,OFFICE,FULL_TIME,9,10.2,4,3.99,80.95,0.5,5,1,0.32,2,1,0.5,OCCASIONAL,0
EMP-SYNTH-3557,Growth & Marketing,HYBRID,CONTRACT,8,3.7,1,1.28,21.18,-1.0,2,0,0.62,6,2,0.33,NONE,0
EMP-SYNTH-3558,Product & Design,HYBRID,CONTRACT,10,7.0,3,3.25,65.46,0.0,2,1,2.65,1,0,0.0,OCCASIONAL,0
EMP-SYNTH-3559,Engineering,OFFICE,CONTRACT,4,7.9,3,3.2,68.02,1.0,1,1,2.59,1,0,0.0,OCCASIONAL,0
EMP-SYNTH-3560,Human Resources,HYBRID,PART_TIME,10,11.4,3,2.88,56.82,-0.5,5,0,2.63,7,0,0.0,NONE,1
EMP-SYNTH-3561,Growth & Marketing,OFFICE,FULL_TIME,7,5.6,4,3.95,77.11,-1.0,0,0,0.0,3,3,1.0,NONE,0
EMP-SYNTH-3562,Growth & Marketing,OFFICE,PART_TIME,1,10.9,3,3.42,66.15,0.5,5,1,1.01,8,2,0.25,OCCASIONAL,0
EMP-SYNTH-3563,Engineering,REMOTE,FULL_TIME,3,9.9,5,4.71,95.84,0.0,3,3,0.84,6,5,0.83,OCCASIONAL,0
EMP-SYNTH-3564,Product & Design,REMOTE,PART_TIME,9,6.2,5,5.0,100.26,0.5,2,1,2.56,7,5,0.71,OCCASIONAL,0
EMP-SYNTH-3565,Growth & Marketing,REMOTE,FULL_TIME,2,3.9,3,2.96,63.82,0.0,3,0,1.94,0,0,0.0,FREQUENT,0
EMP-SYNTH-3566,Human Resources,HYBRID,PART_TIME,10,9.7,2,2.04,42.29,1.0,6,1,2.84,7,6,0.86,OCCASIONAL,0
EMP-SYNTH-3567,Growth & Marketing,REMOTE,PART_TIME,10,7.1,3,2.52,47.69,0.0,6,2,0.18,3,0,0.0,OCCASIONAL,1
EMP-SYNTH-3568,Engineering,REMOTE,FULL_TIME,1,8.9,5,4.87,93.35,-0.5,1,1,0.53,4,4,1.0,OCCASIONAL,0
EMP-SYNTH-3569,Enterprise Sales,REMOTE,FULL_TIME,4,8.7,4,4.07,85.03,-1.0,0,0,0.0,2,2,1.0,FREQUENT,0
EMP-SYNTH-3570,Product & Design,OFFICE,PART_TIME,7,6.7,3,2.64,55.31,0.0,3,3,1.13,1,0,0.0,OCCASIONAL,1
EMP-SYNTH-3571,Product & Design,HYBRID,CONTRACT,7,9.1,5,5.0,104.87,-1.0,2,2,0.59,8,3,0.38,FREQUENT,1
EMP-SYNTH-3572,Growth & Marketing,HYBRID,PART_TIME,6,3.3,5,4.68,98.45,-1.0,0,0,0.0,0,0,0.0,NONE,0
EMP-SYNTH-3573,Engineering,OFFICE,CONTRACT,2,11.7,3,2.71,56.36,-0.5,1,1,2.17,3,0,0.0,NONE,1
EMP-SYNTH-3574,Product & Design,OFFICE,CONTRACT,8,1.9,3,3.4,71.71,0.0,1,0,2.28,7,4,0.57,FREQUENT,0
EMP-SYNTH-3575,Human Resources,HYBRID,PART_TIME,3,1.6,4,4.0,79.96,0.0,4,1,0.24,5,0,0.0,OCCASIONAL,0
EMP-SYNTH-3576,Enterprise Sales,HYBRID,PART_TIME,7,3.2,3,2.77,51.0,1.0,2,2,1.17,1,1,1.0,FREQUENT,0
EMP-SYNTH-3577,Product & Design,OFFICE,PART_TIME,7,5.0,3,2.78,55.44,0.0,2,2,1.59,6,6,1.0,FREQUENT,0
EMP-SYNTH-3578,Human Resources,REMOTE,PART_TIME,6,8.5,3,2.6,55.84,0.0,0,0,0.0,1,0,0.0,FREQUENT,0
EMP-SYNTH-3579,Growth & Marketing,OFFICE,CONTRACT,7,8.8,3,3.17,65.92,0.0,5,0,0.0,2,2,1.0,OCCASIONAL,0
EMP-SYNTH-3580,Human Resources,HYBRID,CONTRACT,5,4.4,3,3.49,67.7,-0.5,0,0,0.0,3,3,1.0,FREQUENT,0
EMP-SYNTH-3581,Engineering,REMOTE,CONTRACT,7,10.8,3,3.06,63.58,-1.0,5,3,1.63,4,4,1.0,FREQUENT,0
EMP-SYNTH-3582,Growth & Marketing,HYBRID,FULL_TIME,3,0.6,4,3.64,71.58,0.0,4,3,0.08,3,3,1.0,OCCASIONAL,0
EMP-SYNTH-3583,Product & Design,HYBRID,CONTRACT,9,4.7,4,3.83,78.65,0.0,2,0,0.01,2,1,0.5,FREQUENT,0
EMP-SYNTH-3584,Engineering,HYBRID,FULL_TIME,4,2.0,2,2.48,48.31,0.0,0,0,0.0,2,1,0.5,OCCASIONAL,0
EMP-SYNTH-3585,Product & Design,OFFICE,PART_TIME,6,8.9,1,1.0,24.06,0.0,5,3,0.7,4,4,1.0,NONE,0
EMP-SYNTH-3586,Human Resources,OFFICE,PART_TIME,5,6.2,3,2.7,54.55,1.0,4,0,1.44,1,0,0.0,NONE,0
EMP-SYNTH-3587,Human Resources,REMOTE,CONTRACT,9,9.4,4,4.18,82.89,-1.0,5,3,1.97,3,3,1.0,FREQUENT,0
EMP-SYNTH-3588,Human Resources,HYBRID,FULL_TIME,4,6.3,4,4.03,83.79,0.5,4,1,1.66,6,4,0.67,FREQUENT,0
EMP-SYNTH-3589,Growth & Marketing,OFFICE,CONTRACT,9,1.9,3,3.06,63.4,0.5,0,0,0.0,5,1,0.2,FREQUENT,0
EMP-SYNTH-3590,Enterprise Sales,HYBRID,PART_TIME,10,3.2,3,2.99,62.13,0.0,1,0,1.74,8,0,0.0,OCCASIONAL,0
EMP-SYNTH-3591,Growth & Marketing,REMOTE,PART_TIME,7,0.9,2,1.71,32.09,0.5,6,2,0.17,6,3,0.5,NONE,1
EMP-SYNTH-3592,Enterprise Sales,OFFICE,PART_TIME,2,10.8,3,2.94,61.21,0.0,6,3,2.89,3,3,1.0,NONE,0
EMP-SYNTH-3593,Growth & Marketing,OFFICE,PART_TIME,1,4.6,3,2.76,54.5,0.5,4,1,0.65,5,1,0.2,FREQUENT,0
EMP-SYNTH-3594,Enterprise Sales,OFFICE,CONTRACT,3,5.0,2,1.74,31.31,0.5,5,3,1.49,6,2,0.33,NONE,0
EMP-SYNTH-3595,Growth & Marketing,HYBRID,CONTRACT,10,1.8,3,2.91,57.13,-0.5,1,1,0.06,3,2,0.67,OCCASIONAL,0
EMP-SYNTH-3596,Human Resources,HYBRID,PART_TIME,6,6.0,2,1.9,40.0,0.0,0,0,0.0,7,2,0.29,FREQUENT,1
EMP-SYNTH-3597,Product & Design,OFFICE,PART_TIME,6,6.5,4,3.51,70.99,0.5,4,3,1.3,2,2,1.0,OCCASIONAL,0
EMP-SYNTH-3598,Product & Design,HYBRID,FULL_TIME,6,1.2,3,2.53,50.63,0.0,5,1,1.03,7,5,0.71,OCCASIONAL,0
EMP-SYNTH-3599,Human Resources,REMOTE,CONTRACT,4,11.9,4,4.12,81.32,1.0,0,0,0.0,7,7,1.0,OCCASIONAL,0
EMP-SYNTH-3600,Enterprise Sales,REMOTE,CONTRACT,2,9.2,3,2.74,59.3,-1.0,1,1,0.03,7,5,0.71,FREQUENT,1
EMP-SYNTH-3601,Engineering,REMOTE,CONTRACT,10,5.9,4,3.94,79.43,0.5,5,0,2.69,1,1,1.0,OCCASIONAL,0
EMP-SYNTH-3602,Growth & Marketing,HYBRID,FULL_TIME,2,11.2,3,3.37,63.95,-1.0,3,2,2.62,0,0,0.0,OCCASIONAL,1
EMP-SYNTH-3603,Growth & Marketing,HYBRID,PART_TIME,2,11.4,3,3.38,66.06,0.5,1,0,2.59,4,2,0.5,OCCASIONAL,0
EMP-SYNTH-3604,Human Resources,OFFICE,FULL_TIME,3,1.6,4,4.04,81.95,0.0,6,0,0.57,5,5,1.0,NONE,0
EMP-SYNTH-3605,Enterprise Sales,REMOTE,PART_TIME,10,2.8,5,4.74,90.59,0.0,4,2,1.76,0,0,0.0,NONE,0
EMP-SYNTH-3606,Enterprise Sales,HYBRID,CONTRACT,2,0.6,3,3.32,65.51,-1.0,5,0,2.42,8,7,0.88,OCCASIONAL,0
EMP-SYNTH-3607,Engineering,HYBRID,PART_TIME,2,1.2,4,4.48,91.47,0.5,6,1,2.5,2,0,0.0,OCCASIONAL,0
EMP-SYNTH-3608,Growth & Marketing,HYBRID,PART_TIME,10,10.7,3,3.01,64.82,-0.5,0,0,0.0,8,4,0.5,NONE,1
EMP-SYNTH-3609,Product & Design,OFFICE,FULL_TIME,9,4.6,3,3.36,67.8,-0.5,5,0,1.71,2,2,1.0,OCCASIONAL,0
EMP-SYNTH-3610,Growth & Marketing,REMOTE,PART_TIME,9,7.0,3,3.11,62.72,0.5,2,1,2.88,3,3,1.0,OCCASIONAL,0
EMP-SYNTH-3611,Product & Design,REMOTE,FULL_TIME,10,9.4,5,5.0,104.42,1.0,2,1,1.53,4,4,1.0,OCCASIONAL,0
EMP-SYNTH-3612,Human Resources,OFFICE,FULL_TIME,1,10.1,3,2.51,51.69,0.0,2,2,1.17,1,1,1.0,NONE,0
EMP-SYNTH-3613,Engineering,OFFICE,PART_TIME,4,11.0,2,1.89,36.55,0.0,3,0,2.54,5,0,0.0,OCCASIONAL,0
EMP-SYNTH-3614,Product & Design,HYBRID,CONTRACT,8,5.4,3,3.39,64.93,0.0,4,1,1.75,4,3,0.75,OCCASIONAL,0
EMP-SYNTH-3615,Human Resources,REMOTE,FULL_TIME,10,10.2,1,1.0,23.7,-1.0,5,3,2.42,0,0,0.0,NONE,1
EMP-SYNTH-3616,Product & Design,REMOTE,FULL_TIME,5,2.7,4,3.73,70.41,-1.0,6,0,0.39,6,6,1.0,FREQUENT,0
EMP-SYNTH-3617,Human Resources,OFFICE,CONTRACT,8,2.7,4,4.05,83.83,-0.5,0,0,0.0,1,1,1.0,OCCASIONAL,0
EMP-SYNTH-3618,Growth & Marketing,OFFICE,FULL_TIME,5,4.9,4,4.24,81.61,0.0,2,2,0.46,5,3,0.6,OCCASIONAL,0
EMP-SYNTH-3619,Enterprise Sales,HYBRID,CONTRACT,7,9.2,1,1.16,21.54,0.5,0,0,0.0,0,0,0.0,FREQUENT,0
EMP-SYNTH-3620,Human Resources,HYBRID,FULL_TIME,6,5.9,3,3.39,71.93,0.0,2,0,2.05,5,3,0.6,FREQUENT,0
EMP-SYNTH-3621,Engineering,HYBRID,PART_TIME,1,11.6,3,3.47,71.52,0.0,4,0,2.4,8,8,1.0,NONE,0
EMP-SYNTH-3622,Engineering,REMOTE,CONTRACT,7,5.2,4,4.16,81.61,-1.0,3,0,0.11,6,2,0.33,OCCASIONAL,0
EMP-SYNTH-3623,Human Resources,REMOTE,CONTRACT,7,6.7,3,3.36,65.34,0.0,1,1,0.66,7,6,0.86,OCCASIONAL,0
EMP-SYNTH-3624,Product & Design,HYBRID,PART_TIME,1,2.4,3,2.78,58.34,-0.5,1,0,2.5,2,0,0.0,OCCASIONAL,0
EMP-SYNTH-3625,Enterprise Sales,REMOTE,PART_TIME,5,7.6,2,2.15,38.97,0.0,1,0,1.21,5,4,0.8,NONE,0
EMP-SYNTH-3626,Human Resources,OFFICE,PART_TIME,6,1.4,2,2.18,40.57,0.0,0,0,0.0,7,0,0.0,NONE,0
EMP-SYNTH-3627,Enterprise Sales,HYBRID,CONTRACT,8,2.7,3,3.48,70.38,-0.5,3,1,2.24,3,0,0.0,OCCASIONAL,0
EMP-SYNTH-3628,Enterprise Sales,HYBRID,FULL_TIME,3,4.5,3,3.17,63.63,0.0,5,1,0.36,5,5,1.0,FREQUENT,0
EMP-SYNTH-3629,Enterprise Sales,REMOTE,FULL_TIME,9,5.6,3,2.53,50.12,0.5,3,1,1.72,6,0,0.0,FREQUENT,0
EMP-SYNTH-3630,Enterprise Sales,REMOTE,PART_TIME,10,9.8,2,1.62,36.38,1.0,2,1,0.45,1,0,0.0,FREQUENT,1
EMP-SYNTH-3631,Engineering,HYBRID,CONTRACT,5,4.3,2,2.4,49.63,0.0,0,0,0.0,2,2,1.0,OCCASIONAL,0
EMP-SYNTH-3632,Engineering,OFFICE,CONTRACT,2,8.2,1,1.33,28.27,0.0,4,0,0.91,5,1,0.2,NONE,1
EMP-SYNTH-3633,Enterprise Sales,HYBRID,CONTRACT,3,0.7,4,3.88,73.56,0.0,5,0,1.14,4,0,0.0,OCCASIONAL,0
EMP-SYNTH-3634,Enterprise Sales,REMOTE,PART_TIME,5,0.6,4,3.7,69.72,0.0,4,0,0.05,0,0,0.0,NONE,0
EMP-SYNTH-3635,Growth & Marketing,REMOTE,CONTRACT,2,8.1,3,2.84,54.92,0.0,0,0,0.0,5,2,0.4,FREQUENT,0
EMP-SYNTH-3636,Human Resources,REMOTE,PART_TIME,1,11.5,3,3.09,61.06,-1.0,6,0,1.61,3,0,0.0,OCCASIONAL,0
EMP-SYNTH-3637,Growth & Marketing,REMOTE,PART_TIME,3,10.4,4,4.48,91.12,-1.0,6,0,1.37,0,0,0.0,FREQUENT,1
EMP-SYNTH-3638,Product & Design,OFFICE,FULL_TIME,1,8.1,3,2.5,48.58,1.0,0,0,0.0,8,1,0.12,FREQUENT,0
EMP-SYNTH-3639,Enterprise Sales,OFFICE,FULL_TIME,1,0.8,3,3.32,63.79,-0.5,6,3,0.55,3,3,1.0,NONE,0
EMP-SYNTH-3640,Product & Design,OFFICE,CONTRACT,4,2.2,4,4.39,86.12,-1.0,2,1,0.7,3,2,0.67,NONE,0
EMP-SYNTH-3641,Human Resources,REMOTE,PART_TIME,6,3.5,3,3.47,72.56,0.0,6,1,2.88,7,3,0.43,OCCASIONAL,0
EMP-SYNTH-3642,Product & Design,HYBRID,PART_TIME,7,3.9,3,3.13,65.84,1.0,0,0,0.0,2,1,0.5,OCCASIONAL,0
EMP-SYNTH-3643,Engineering,HYBRID,CONTRACT,2,3.5,4,3.61,75.72,0.0,0,0,0.0,1,0,0.0,OCCASIONAL,0
EMP-SYNTH-3644,Engineering,HYBRID,FULL_TIME,6,11.1,4,3.67,68.81,0.0,1,0,0.5,8,4,0.5,NONE,0
EMP-SYNTH-3645,Product & Design,REMOTE,PART_TIME,10,2.7,4,3.82,77.13,0.0,4,1,0.47,1,1,1.0,OCCASIONAL,0
EMP-SYNTH-3646,Growth & Marketing,REMOTE,PART_TIME,8,5.8,3,2.81,52.82,0.5,5,2,2.99,3,1,0.33,OCCASIONAL,0
EMP-SYNTH-3647,Enterprise Sales,REMOTE,CONTRACT,6,9.4,2,1.58,26.63,-0.5,1,0,0.74,8,7,0.88,OCCASIONAL,1
EMP-SYNTH-3648,Product & Design,OFFICE,FULL_TIME,5,3.8,3,3.32,64.76,1.0,6,2,2.26,7,4,0.57,FREQUENT,0
EMP-SYNTH-3649,Growth & Marketing,HYBRID,PART_TIME,4,7.6,4,4.47,90.02,-0.5,2,0,1.11,4,1,0.25,NONE,0
EMP-SYNTH-3650,Product & Design,HYBRID,FULL_TIME,6,2.5,2,1.56,28.16,0.0,6,3,1.26,0,0,0.0,FREQUENT,1
EMP-SYNTH-3651,Growth & Marketing,HYBRID,PART_TIME,3,11.7,3,2.6,50.58,0.0,3,0,0.05,0,0,0.0,NONE,0
EMP-SYNTH-3652,Human Resources,OFFICE,FULL_TIME,3,2.9,3,2.86,53.99,0.0,4,1,0.41,2,2,1.0,OCCASIONAL,0
EMP-SYNTH-3653,Product & Design,OFFICE,CONTRACT,3,11.3,3,2.73,50.93,1.0,5,1,0.34,4,2,0.5,NONE,0
EMP-SYNTH-3654,Engineering,REMOTE,CONTRACT,2,10.1,3,3.04,60.21,0.5,4,0,2.3,1,0,0.0,FREQUENT,0
EMP-SYNTH-3655,Product & Design,HYBRID,FULL_TIME,4,2.6,3,2.69,57.86,1.0,5,3,0.57,5,2,0.4,OCCASIONAL,0
EMP-SYNTH-3656,Human Resources,HYBRID,CONTRACT,10,8.6,2,2.38,51.13,0.0,0,0,0.0,3,1,0.33,NONE,0
EMP-SYNTH-3657,Growth & Marketing,OFFICE,CONTRACT,5,4.4,2,2.47,53.79,1.0,3,3,1.92,2,2,1.0,OCCASIONAL,0
EMP-SYNTH-3658,Human Resources,REMOTE,CONTRACT,5,0.8,4,3.73,75.83,0.5,4,3,1.53,1,1,1.0,NONE,0
EMP-SYNTH-3659,Enterprise Sales,HYBRID,PART_TIME,7,6.2,3,2.89,58.51,0.5,1,0,3.0,1,1,1.0,FREQUENT,0
EMP-SYNTH-3660,Enterprise Sales,REMOTE,CONTRACT,2,2.5,5,4.58,93.56,-1.0,0,0,0.0,4,0,0.0,OCCASIONAL,0
EMP-SYNTH-3661,Product & Design,OFFICE,CONTRACT,6,6.5,3,2.72,58.62,0.0,1,1,0.61,2,1,0.5,NONE,0
EMP-SYNTH-3662,Growth & Marketing,HYBRID,CONTRACT,7,11.6,3,3.31,70.55,0.0,6,2,0.64,1,1,1.0,NONE,0
EMP-SYNTH-3663,Engineering,OFFICE,PART_TIME,7,4.6,4,3.58,73.61,0.0,6,3,0.62,6,5,0.83,OCCASIONAL,0
EMP-SYNTH-3664,Human Resources,OFFICE,FULL_TIME,6,4.6,3,3.16,67.52,1.0,0,0,0.0,7,5,0.71,FREQUENT,0
EMP-SYNTH-3665,Enterprise Sales,OFFICE,PART_TIME,9,11.9,4,4.05,82.1,0.5,1,1,2.6,4,1,0.25,OCCASIONAL,0
EMP-SYNTH-3666,Product & Design,HYBRID,CONTRACT,6,2.4,2,1.85,40.7,0.5,3,0,1.27,0,0,0.0,FREQUENT,0
EMP-SYNTH-3667,Engineering,HYBRID,CONTRACT,1,8.0,4,4.22,86.68,0.5,4,0,0.95,4,0,0.0,OCCASIONAL,0
EMP-SYNTH-3668,Growth & Marketing,REMOTE,FULL_TIME,2,8.6,4,3.98,77.33,-0.5,4,3,2.73,6,2,0.33,NONE,1
EMP-SYNTH-3669,Human Resources,OFFICE,CONTRACT,5,5.7,3,2.77,52.59,0.5,5,1,0.86,3,3,1.0,NONE,0
EMP-SYNTH-3670,Engineering,HYBRID,FULL_TIME,8,3.8,4,3.64,74.53,0.5,5,3,1.58,5,5,1.0,NONE,0
EMP-SYNTH-3671,Enterprise Sales,REMOTE,PART_TIME,3,0.7,2,2.15,39.02,-0.5,2,1,1.17,4,1,0.25,FREQUENT,1
EMP-SYNTH-3672,Engineering,OFFICE,FULL_TIME,10,9.3,3,3.21,65.27,1.0,1,1,2.6,1,1,1.0,FREQUENT,0
EMP-SYNTH-3673,Engineering,OFFICE,CONTRACT,6,8.0,3,2.94,55.15,0.0,1,0,1.5,7,0,0.0,FREQUENT,0
EMP-SYNTH-3674,Human Resources,REMOTE,CONTRACT,6,6.8,2,1.87,37.07,0.0,1,0,2.05,5,1,0.2,NONE,0
EMP-SYNTH-3675,Human Resources,OFFICE,FULL_TIME,4,11.1,2,2.45,49.75,0.0,2,1,2.29,1,0,0.0,NONE,1
EMP-SYNTH-3676,Engineering,HYBRID,CONTRACT,9,3.1,3,3.04,63.7,0.0,1,0,1.24,6,1,0.17,NONE,0
EMP-SYNTH-3677,Product & Design,REMOTE,FULL_TIME,1,7.3,4,3.53,67.66,1.0,2,2,1.71,3,0,0.0,OCCASIONAL,0
EMP-SYNTH-3678,Human Resources,HYBRID,CONTRACT,7,6.2,3,2.81,60.02,1.0,1,1,0.25,4,2,0.5,NONE,0
EMP-SYNTH-3679,Human Resources,HYBRID,PART_TIME,3,2.9,4,4.19,87.11,0.5,5,2,2.18,7,3,0.43,FREQUENT,0
EMP-SYNTH-3680,Product & Design,REMOTE,CONTRACT,6,6.8,5,4.72,91.16,1.0,4,3,0.0,6,2,0.33,NONE,0
EMP-SYNTH-3681,Enterprise Sales,REMOTE,FULL_TIME,3,2.8,4,4.29,87.21,0.0,2,0,0.47,4,3,0.75,FREQUENT,0
EMP-SYNTH-3682,Enterprise Sales,REMOTE,FULL_TIME,2,5.1,2,2.13,47.19,1.0,2,2,0.35,1,0,0.0,FREQUENT,1
EMP-SYNTH-3683,Product & Design,OFFICE,CONTRACT,10,7.7,3,3.43,72.94,-0.5,3,1,2.19,2,1,0.5,OCCASIONAL,0
EMP-SYNTH-3684,Human Resources,REMOTE,CONTRACT,7,6.4,5,4.98,104.16,0.0,5,2,1.17,2,1,0.5,FREQUENT,0
EMP-SYNTH-3685,Growth & Marketing,REMOTE,PART_TIME,4,0.6,4,4.19,80.86,-0.5,3,1,2.44,7,0,0.0,NONE,0
EMP-SYNTH-3686,Enterprise Sales,OFFICE,PART_TIME,10,4.9,3,3.1,63.23,0.5,2,0,0.92,7,5,0.71,OCCASIONAL,0
EMP-SYNTH-3687,Engineering,REMOTE,PART_TIME,1,9.7,3,3.08,59.86,1.0,1,1,0.09,6,4,0.67,NONE,0
EMP-SYNTH-3688,Enterprise Sales,HYBRID,CONTRACT,7,1.3,4,4.25,85.66,0.0,3,0,2.02,5,4,0.8,NONE,0
EMP-SYNTH-3689,Growth & Marketing,OFFICE,FULL_TIME,6,11.5,3,3.1,66.11,0.5,2,0,1.27,0,0,0.0,NONE,0
EMP-SYNTH-3690,Human Resources,REMOTE,PART_TIME,8,9.0,4,4.46,91.54,-1.0,1,0,0.41,3,0,0.0,FREQUENT,0
EMP-SYNTH-3691,Human Resources,OFFICE,PART_TIME,6,7.8,4,4.2,87.21,1.0,5,1,1.78,2,0,0.0,OCCASIONAL,0
EMP-SYNTH-3692,Human Resources,OFFICE,CONTRACT,9,2.2,3,3.04,62.56,-1.0,0,0,0.0,3,3,1.0,FREQUENT,0
EMP-SYNTH-3693,Enterprise Sales,OFFICE,PART_TIME,8,7.4,3,3.49,68.7,0.0,4,1,0.74,0,0,0.0,NONE,1
EMP-SYNTH-3694,Enterprise Sales,REMOTE,FULL_TIME,5,3.4,3,3.01,58.59,0.0,1,0,2.7,2,0,0.0,OCCASIONAL,0
EMP-SYNTH-3695,Growth & Marketing,OFFICE,CONTRACT,9,7.8,4,4.11,78.43,0.5,5,3,0.42,2,2,1.0,FREQUENT,0
EMP-SYNTH-3696,Engineering,HYBRID,CONTRACT,4,11.1,3,2.62,50.3,-1.0,4,0,2.26,1,1,1.0,FREQUENT,1
EMP-SYNTH-3697,Enterprise Sales,OFFICE,FULL_TIME,1,7.7,5,5.0,102.53,0.0,4,2,0.16,4,2,0.5,NONE,0
EMP-SYNTH-3698,Engineering,HYBRID,FULL_TIME,10,6.9,4,3.51,72.26,0.0,5,2,2.29,1,1,1.0,NONE,0
EMP-SYNTH-3699,Enterprise Sales,HYBRID,FULL_TIME,7,9.8,3,2.56,53.61,0.0,6,0,2.83,6,1,0.17,NONE,0
EMP-SYNTH-3700,Enterprise Sales,OFFICE,PART_TIME,6,6.1,4,3.58,69.03,0.0,1,0,1.24,5,4,0.8,OCCASIONAL,0
EMP-SYNTH-3701,Engineering,HYBRID,CONTRACT,3,4.6,4,4.03,80.86,-1.0,6,3,0.7,7,1,0.14,NONE,0
EMP-SYNTH-3702,Product & Design,HYBRID,CONTRACT,7,10.0,3,2.98,62.83,-0.5,5,0,2.38,1,0,0.0,NONE,1
EMP-SYNTH-3703,Growth & Marketing,HYBRID,FULL_TIME,6,6.5,4,4.36,90.82,1.0,0,0,0.0,8,5,0.62,FREQUENT,0
EMP-SYNTH-3704,Engineering,OFFICE,CONTRACT,7,1.0,2,2.25,42.5,0.0,5,3,1.53,8,0,0.0,NONE,1
EMP-SYNTH-3705,Product & Design,OFFICE,PART_TIME,2,10.3,4,3.84,74.08,-1.0,3,3,2.45,6,0,0.0,NONE,1
EMP-SYNTH-3706,Growth & Marketing,OFFICE,CONTRACT,9,10.8,3,2.77,55.09,1.0,6,3,2.87,8,1,0.12,FREQUENT,1
EMP-SYNTH-3707,Human Resources,HYBRID,FULL_TIME,5,6.2,4,4.25,83.48,-1.0,0,0,0.0,7,3,0.43,NONE,0
EMP-SYNTH-3708,Human Resources,HYBRID,FULL_TIME,2,3.0,4,4.2,87.39,-0.5,2,2,2.66,1,1,1.0,FREQUENT,0
EMP-SYNTH-3709,Human Resources,OFFICE,CONTRACT,5,4.1,3,3.03,61.49,-0.5,6,2,1.69,3,2,0.67,FREQUENT,1
EMP-SYNTH-3710,Engineering,OFFICE,PART_TIME,8,5.3,4,4.11,79.67,0.0,0,0,0.0,4,0,0.0,FREQUENT,0
EMP-SYNTH-3711,Product & Design,OFFICE,PART_TIME,2,2.8,1,1.0,22.76,0.0,0,0,0.0,0,0,0.0,FREQUENT,1
EMP-SYNTH-3712,Enterprise Sales,HYBRID,PART_TIME,5,10.3,3,3.19,65.54,-0.5,6,0,2.79,8,7,0.88,NONE,0
EMP-SYNTH-3713,Growth & Marketing,REMOTE,PART_TIME,2,6.4,3,3.07,62.44,-0.5,6,2,0.76,4,0,0.0,OCCASIONAL,1
EMP-SYNTH-3714,Product & Design,REMOTE,CONTRACT,3,1.5,3,3.07,64.93,1.0,3,1,0.08,1,1,1.0,NONE,0
EMP-SYNTH-3715,Product & Design,HYBRID,PART_TIME,5,11.4,3,3.2,67.64,-1.0,4,0,0.19,0,0,0.0,OCCASIONAL,1
EMP-SYNTH-3716,Enterprise Sales,OFFICE,CONTRACT,3,1.6,3,2.86,57.75,-0.5,6,2,1.54,4,0,0.0,OCCASIONAL,1
EMP-SYNTH-3717,Enterprise Sales,OFFICE,CONTRACT,8,1.5,4,3.66,72.37,0.0,2,1,2.57,4,0,0.0,FREQUENT,0
EMP-SYNTH-3718,Enterprise Sales,REMOTE,FULL_TIME,6,5.8,4,3.61,68.03,-1.0,1,0,2.81,0,0,0.0,FREQUENT,0
EMP-SYNTH-3719,Engineering,HYBRID,CONTRACT,9,9.3,2,1.87,36.63,1.0,4,1,2.41,6,1,0.17,OCCASIONAL,1
EMP-SYNTH-3720,Product & Design,REMOTE,CONTRACT,2,4.5,4,4.42,93.28,-0.5,1,1,2.62,8,4,0.5,FREQUENT,0
EMP-SYNTH-3721,Engineering,HYBRID,CONTRACT,2,6.3,4,4.17,84.76,1.0,1,0,2.46,3,2,0.67,NONE,0
EMP-SYNTH-3722,Enterprise Sales,HYBRID,CONTRACT,4,2.0,4,4.19,78.83,1.0,1,0,2.7,8,3,0.38,NONE,0
EMP-SYNTH-3723,Growth & Marketing,OFFICE,CONTRACT,1,1.0,3,3.31,65.4,0.5,2,2,2.76,0,0,0.0,OCCASIONAL,1
EMP-SYNTH-3724,Product & Design,HYBRID,FULL_TIME,3,10.1,3,2.99,61.53,0.5,0,0,0.0,0,0,0.0,FREQUENT,0
EMP-SYNTH-3725,Enterprise Sales,HYBRID,PART_TIME,10,0.6,3,2.89,61.39,0.5,6,0,1.55,3,3,1.0,OCCASIONAL,0
EMP-SYNTH-3726,Enterprise Sales,OFFICE,CONTRACT,10,11.0,3,2.91,55.14,0.0,5,3,2.66,7,7,1.0,OCCASIONAL,0
EMP-SYNTH-3727,Human Resources,HYBRID,CONTRACT,10,8.6,5,5.0,101.89,0.5,0,0,0.0,4,4,1.0,FREQUENT,0
EMP-SYNTH-3728,Growth & Marketing,HYBRID,FULL_TIME,5,1.6,2,1.83,33.24,0.0,6,3,0.11,0,0,0.0,OCCASIONAL,0
EMP-SYNTH-3729,Product & Design,OFFICE,CONTRACT,7,2.4,3,3.32,62.2,1.0,6,3,1.33,5,0,0.0,NONE,0
EMP-SYNTH-3730,Growth & Marketing,OFFICE,PART_TIME,8,1.2,5,5.0,95.81,-0.5,0,0,0.0,3,2,0.67,FREQUENT,1
EMP-SYNTH-3731,Growth & Marketing,REMOTE,FULL_TIME,9,11.8,4,4.05,83.64,-1.0,2,0,0.88,2,1,0.5,OCCASIONAL,0
EMP-SYNTH-3732,Human Resources,REMOTE,CONTRACT,3,3.0,4,3.98,76.87,-1.0,4,0,0.73,5,2,0.4,OCCASIONAL,0
EMP-SYNTH-3733,Enterprise Sales,HYBRID,PART_TIME,5,9.7,3,3.26,68.55,1.0,0,0,0.0,4,4,1.0,OCCASIONAL,0
EMP-SYNTH-3734,Enterprise Sales,HYBRID,PART_TIME,4,1.2,5,5.0,95.03,0.5,0,0,0.0,6,3,0.5,OCCASIONAL,0
EMP-SYNTH-3735,Engineering,REMOTE,FULL_TIME,10,7.1,2,2.25,42.15,0.0,3,1,0.96,6,1,0.17,NONE,1
EMP-SYNTH-3736,Growth & Marketing,OFFICE,FULL_TIME,9,0.8,3,3.42,69.3,1.0,2,1,0.07,0,0,0.0,OCCASIONAL,0
EMP-SYNTH-3737,Product & Design,OFFICE,CONTRACT,7,10.3,4,3.88,74.98,0.0,5,3,2.69,7,5,0.71,OCCASIONAL,0
EMP-SYNTH-3738,Human Resources,OFFICE,FULL_TIME,2,5.7,3,2.68,57.81,-0.5,4,0,0.96,7,0,0.0,NONE,1
EMP-SYNTH-3739,Human Resources,HYBRID,CONTRACT,7,8.6,1,1.44,28.36,-1.0,5,1,0.46,4,4,1.0,FREQUENT,1
EMP-SYNTH-3740,Human Resources,HYBRID,CONTRACT,8,11.0,3,2.98,63.84,0.0,3,2,0.61,2,1,0.5,NONE,1
EMP-SYNTH-3741,Product & Design,HYBRID,CONTRACT,3,5.3,5,5.0,104.73,1.0,0,0,0.0,7,5,0.71,OCCASIONAL,0
EMP-SYNTH-3742,Enterprise Sales,REMOTE,PART_TIME,6,8.3,3,2.87,60.62,0.0,0,0,0.0,4,1,0.25,OCCASIONAL,0
EMP-SYNTH-3743,Growth & Marketing,OFFICE,CONTRACT,7,6.7,2,2.15,44.68,0.0,0,0,0.0,5,1,0.2,NONE,0
EMP-SYNTH-3744,Human Resources,REMOTE,FULL_TIME,2,6.8,3,2.89,55.4,1.0,0,0,0.0,4,4,1.0,OCCASIONAL,0
EMP-SYNTH-3745,Enterprise Sales,REMOTE,CONTRACT,8,11.3,4,4.08,83.19,-1.0,0,0,0.0,1,1,1.0,NONE,0
EMP-SYNTH-3746,Enterprise Sales,OFFICE,CONTRACT,9,6.3,3,2.88,59.28,0.0,5,1,2.85,5,5,1.0,FREQUENT,0
EMP-SYNTH-3747,Engineering,HYBRID,CONTRACT,8,6.7,3,2.68,56.83,0.0,1,1,2.31,5,0,0.0,FREQUENT,0
EMP-SYNTH-3748,Engineering,REMOTE,FULL_TIME,2,2.0,3,2.57,54.99,1.0,4,1,1.89,8,7,0.88,FREQUENT,0
EMP-SYNTH-3749,Engineering,HYBRID,PART_TIME,7,8.1,3,3.29,70.01,0.0,3,3,2.42,1,1,1.0,NONE,0
EMP-SYNTH-3750,Growth & Marketing,OFFICE,PART_TIME,7,5.8,2,2.4,49.88,0.0,5,1,0.55,4,0,0.0,FREQUENT,1
EMP-SYNTH-3751,Human Resources,REMOTE,CONTRACT,6,4.4,4,4.44,89.81,1.0,3,3,2.9,3,2,0.67,NONE,0
EMP-SYNTH-3752,Engineering,OFFICE,FULL_TIME,8,8.7,2,2.15,43.0,-1.0,1,0,2.24,8,0,0.0,NONE,1
EMP-SYNTH-3753,Growth & Marketing,REMOTE,CONTRACT,6,9.9,3,2.95,58.86,0.0,5,1,0.45,2,0,0.0,FREQUENT,1
EMP-SYNTH-3754,Engineering,HYBRID,PART_TIME,4,5.3,3,3.23,62.23,0.5,1,1,1.76,0,0,0.0,OCCASIONAL,0
EMP-SYNTH-3755,Growth & Marketing,HYBRID,CONTRACT,4,2.1,5,4.95,97.16,0.0,6,2,1.28,7,1,0.14,FREQUENT,1
EMP-SYNTH-3756,Human Resources,REMOTE,CONTRACT,7,10.3,3,2.85,57.42,0.5,5,0,1.81,6,3,0.5,NONE,0
EMP-SYNTH-3757,Growth & Marketing,REMOTE,CONTRACT,9,2.8,2,1.92,42.62,0.0,2,1,2.16,5,4,0.8,FREQUENT,1
EMP-SYNTH-3758,Enterprise Sales,OFFICE,CONTRACT,5,9.2,3,3.46,66.63,-0.5,5,2,2.39,0,0,0.0,OCCASIONAL,1
EMP-SYNTH-3759,Product & Design,HYBRID,FULL_TIME,10,10.0,3,2.59,47.6,-0.5,0,0,0.0,1,1,1.0,FREQUENT,1
EMP-SYNTH-3760,Growth & Marketing,REMOTE,FULL_TIME,4,4.9,3,2.82,59.8,1.0,3,2,0.5,3,3,1.0,NONE,0
EMP-SYNTH-3761,Engineering,HYBRID,CONTRACT,8,6.0,2,1.55,26.46,-0.5,1,1,0.08,3,2,0.67,OCCASIONAL,0
EMP-SYNTH-3762,Human Resources,REMOTE,CONTRACT,5,10.6,3,2.77,56.76,-1.0,6,0,2.45,3,1,0.33,NONE,1
EMP-SYNTH-3763,Human Resources,HYBRID,PART_TIME,6,9.8,3,3.22,68.99,0.0,1,0,2.24,8,5,0.62,FREQUENT,0
EMP-SYNTH-3764,Product & Design,REMOTE,PART_TIME,10,5.3,2,1.77,31.33,-0.5,5,0,0.45,5,4,0.8,FREQUENT,1
EMP-SYNTH-3765,Growth & Marketing,HYBRID,FULL_TIME,10,2.4,3,2.98,55.79,-1.0,1,1,1.4,6,3,0.5,NONE,0
EMP-SYNTH-3766,Human Resources,REMOTE,CONTRACT,6,4.0,4,3.97,80.94,0.0,0,0,0.0,3,0,0.0,OCCASIONAL,0
EMP-SYNTH-3767,Enterprise Sales,HYBRID,CONTRACT,4,1.8,1,1.0,18.87,0.0,2,2,2.18,6,1,0.17,FREQUENT,1
EMP-SYNTH-3768,Growth & Marketing,REMOTE,CONTRACT,9,3.0,2,1.51,30.93,-0.5,6,2,1.66,5,4,0.8,FREQUENT,1
EMP-SYNTH-3769,Enterprise Sales,OFFICE,CONTRACT,4,8.3,4,3.97,74.74,-0.5,3,0,1.82,6,2,0.33,NONE,0
EMP-SYNTH-3770,Human Resources,HYBRID,CONTRACT,3,11.2,3,3.34,62.11,-0.5,3,3,2.8,4,4,1.0,OCCASIONAL,1
EMP-SYNTH-3771,Engineering,REMOTE,PART_TIME,10,10.0,3,3.12,64.68,1.0,5,0,1.69,6,5,0.83,FREQUENT,0
EMP-SYNTH-3772,Human Resources,REMOTE,CONTRACT,3,2.7,3,2.53,46.33,-1.0,6,0,2.65,8,7,0.88,NONE,0
EMP-SYNTH-3773,Engineering,OFFICE,FULL_TIME,9,10.5,2,2.49,48.39,-0.5,5,1,0.13,3,2,0.67,OCCASIONAL,1
EMP-SYNTH-3774,Growth & Marketing,HYBRID,FULL_TIME,5,5.4,2,1.95,42.36,-1.0,6,0,0.86,8,2,0.25,OCCASIONAL,1
EMP-SYNTH-3775,Enterprise Sales,REMOTE,PART_TIME,10,8.8,4,4.4,84.91,-1.0,6,3,1.26,0,0,0.0,FREQUENT,1
EMP-SYNTH-3776,Product & Design,REMOTE,PART_TIME,7,9.5,2,2.45,45.97,0.0,0,0,0.0,5,0,0.0,NONE,0
EMP-SYNTH-3777,Product & Design,REMOTE,FULL_TIME,7,10.0,5,4.63,92.23,-1.0,5,2,0.46,4,0,0.0,FREQUENT,1
EMP-SYNTH-3778,Product & Design,HYBRID,PART_TIME,6,5.5,3,3.04,59.59,0.0,6,2,1.24,1,1,1.0,NONE,0
EMP-SYNTH-3779,Growth & Marketing,REMOTE,FULL_TIME,1,0.6,5,4.51,92.18,-0.5,6,3,0.79,7,4,0.57,OCCASIONAL,0
EMP-SYNTH-3780,Enterprise Sales,OFFICE,PART_TIME,3,2.7,2,1.83,38.84,1.0,5,1,0.67,6,6,1.0,NONE,0
EMP-SYNTH-3781,Human Resources,OFFICE,PART_TIME,4,3.6,1,1.0,16.19,0.0,3,2,1.39,6,6,1.0,OCCASIONAL,1
EMP-SYNTH-3782,Engineering,OFFICE,FULL_TIME,6,7.4,4,3.62,76.37,-0.5,5,2,1.5,3,1,0.33,FREQUENT,1
EMP-SYNTH-3783,Human Resources,REMOTE,PART_TIME,10,1.5,2,1.89,38.69,1.0,3,1,0.26,5,5,1.0,OCCASIONAL,0
EMP-SYNTH-3784,Engineering,HYBRID,FULL_TIME,9,6.0,3,2.84,55.08,1.0,1,0,1.53,3,1,0.33,NONE,0
EMP-SYNTH-3785,Enterprise Sales,OFFICE,PART_TIME,9,3.7,3,3.04,62.18,-1.0,0,0,0.0,8,1,0.12,NONE,0
EMP-SYNTH-3786,Product & Design,OFFICE,PART_TIME,5,2.5,3,3.45,71.4,0.0,3,0,0.2,7,3,0.43,NONE,0
EMP-SYNTH-3787,Enterprise Sales,HYBRID,FULL_TIME,2,1.0,3,2.9,56.46,1.0,6,3,0.25,7,3,0.43,NONE,0
EMP-SYNTH-3788,Enterprise Sales,OFFICE,PART_TIME,8,5.9,3,3.27,67.67,0.5,5,0,1.3,0,0,0.0,NONE,0
EMP-SYNTH-3789,Growth & Marketing,REMOTE,PART_TIME,7,0.6,5,4.88,101.24,-1.0,0,0,0.0,8,2,0.25,NONE,0
EMP-SYNTH-3790,Product & Design,HYBRID,CONTRACT,5,3.0,3,2.74,55.65,0.0,1,0,2.07,3,0,0.0,OCCASIONAL,0
EMP-SYNTH-3791,Growth & Marketing,OFFICE,PART_TIME,10,5.2,3,3.02,59.44,1.0,3,2,1.94,8,6,0.75,NONE,0
EMP-SYNTH-3792,Product & Design,HYBRID,CONTRACT,5,8.2,2,1.53,33.69,0.5,6,1,1.01,5,4,0.8,NONE,0
EMP-SYNTH-3793,Engineering,OFFICE,FULL_TIME,6,6.6,4,4.21,86.97,0.0,3,1,0.76,4,4,1.0,NONE,0
EMP-SYNTH-3794,Growth & Marketing,HYBRID,CONTRACT,4,3.8,3,3.05,65.21,0.5,6,1,1.32,2,1,0.5,OCCASIONAL,0
EMP-SYNTH-3795,Growth & Marketing,OFFICE,CONTRACT,1,6.2,4,4.13,79.48,0.5,0,0,0.0,6,5,0.83,OCCASIONAL,0
EMP-SYNTH-3796,Enterprise Sales,HYBRID,FULL_TIME,2,0.6,3,2.67,58.04,0.0,6,1,1.31,7,4,0.57,OCCASIONAL,0
EMP-SYNTH-3797,Enterprise Sales,REMOTE,FULL_TIME,8,7.7,2,1.77,35.68,-1.0,6,0,0.08,0,0,0.0,NONE,1
EMP-SYNTH-3798,Human Resources,HYBRID,FULL_TIME,5,10.0,3,2.76,50.28,-1.0,5,1,2.5,2,0,0.0,OCCASIONAL,1
EMP-SYNTH-3799,Growth & Marketing,HYBRID,FULL_TIME,10,2.2,4,4.44,86.47,-0.5,5,3,2.13,4,2,0.5,OCCASIONAL,1
EMP-SYNTH-3800,Product & Design,REMOTE,PART_TIME,10,10.7,3,3.19,64.25,-0.5,1,1,2.83,7,4,0.57,OCCASIONAL,1
EMP-SYNTH-3801,Engineering,HYBRID,PART_TIME,2,3.9,3,3.5,66.19,-0.5,5,0,2.6,3,1,0.33,FREQUENT,1
EMP-SYNTH-3802,Enterprise Sales,REMOTE,CONTRACT,2,7.0,3,3.3,66.81,0.5,0,0,0.0,6,3,0.5,OCCASIONAL,0
EMP-SYNTH-3803,Growth & Marketing,HYBRID,FULL_TIME,7,8.9,3,3.07,57.98,1.0,3,3,2.02,8,6,0.75,FREQUENT,0
EMP-SYNTH-3804,Product & Design,HYBRID,PART_TIME,7,4.8,3,2.94,63.33,0.5,3,3,1.3,3,0,0.0,NONE,0
EMP-SYNTH-3805,Enterprise Sales,REMOTE,FULL_TIME,7,6.5,2,2.23,47.4,-0.5,6,1,1.7,4,3,0.75,OCCASIONAL,0
EMP-SYNTH-3806,Human Resources,REMOTE,CONTRACT,9,6.3,4,3.95,78.47,1.0,6,2,0.78,6,0,0.0,FREQUENT,0
EMP-SYNTH-3807,Product & Design,OFFICE,FULL_TIME,8,11.9,5,4.64,90.29,-1.0,5,2,1.54,7,2,0.29,FREQUENT,1
EMP-SYNTH-3808,Human Resources,HYBRID,PART_TIME,3,7.3,4,3.83,79.12,0.0,3,1,0.17,8,8,1.0,NONE,0
EMP-SYNTH-3809,Enterprise Sales,HYBRID,FULL_TIME,8,7.4,3,2.57,53.35,0.5,6,0,1.25,3,0,0.0,OCCASIONAL,0
EMP-SYNTH-3810,Product & Design,REMOTE,PART_TIME,2,7.0,3,3.39,67.34,1.0,4,2,1.62,6,3,0.5,NONE,0
EMP-SYNTH-3811,Engineering,HYBRID,CONTRACT,3,3.9,3,2.82,57.26,-0.5,2,0,1.27,0,0,0.0,NONE,0
EMP-SYNTH-3812,Enterprise Sales,REMOTE,FULL_TIME,5,0.6,4,3.66,74.85,-1.0,0,0,0.0,2,0,0.0,OCCASIONAL,0
EMP-SYNTH-3813,Enterprise Sales,REMOTE,CONTRACT,1,1.2,4,3.58,71.25,0.0,0,0,0.0,4,2,0.5,FREQUENT,0
EMP-SYNTH-3814,Human Resources,HYBRID,FULL_TIME,8,9.8,5,5.0,100.5,1.0,0,0,0.0,2,0,0.0,NONE,0
EMP-SYNTH-3815,Engineering,HYBRID,PART_TIME,7,0.9,1,1.42,27.25,1.0,0,0,0.0,3,2,0.67,NONE,1
EMP-SYNTH-3816,Product & Design,OFFICE,CONTRACT,7,10.1,3,2.8,51.86,-0.5,1,0,2.8,5,2,0.4,FREQUENT,1
EMP-SYNTH-3817,Engineering,REMOTE,CONTRACT,10,1.5,4,3.91,73.44,-0.5,3,1,0.7,6,5,0.83,OCCASIONAL,0
EMP-SYNTH-3818,Engineering,REMOTE,CONTRACT,5,2.9,2,2.3,49.47,-1.0,0,0,0.0,6,2,0.33,NONE,0
EMP-SYNTH-3819,Enterprise Sales,REMOTE,CONTRACT,1,9.8,4,4.11,85.64,1.0,6,3,1.46,1,0,0.0,OCCASIONAL,1
EMP-SYNTH-3820,Human Resources,REMOTE,CONTRACT,9,11.3,3,3.08,63.45,0.0,1,1,2.75,0,0,0.0,NONE,0
EMP-SYNTH-3821,Product & Design,HYBRID,FULL_TIME,9,3.7,5,4.88,94.69,-0.5,4,2,1.91,6,2,0.33,NONE,0
EMP-SYNTH-3822,Enterprise Sales,OFFICE,FULL_TIME,1,3.9,4,3.6,68.73,0.0,6,1,2.9,4,3,0.75,FREQUENT,0
EMP-SYNTH-3823,Engineering,HYBRID,PART_TIME,9,1.6,4,4.15,81.62,0.5,0,0,0.0,3,1,0.33,FREQUENT,0
EMP-SYNTH-3824,Human Resources,REMOTE,FULL_TIME,6,7.2,3,3.37,66.68,0.0,5,0,0.33,2,2,1.0,OCCASIONAL,0
EMP-SYNTH-3825,Growth & Marketing,HYBRID,FULL_TIME,3,6.4,4,4.27,80.43,-1.0,3,1,2.61,8,1,0.12,FREQUENT,1
EMP-SYNTH-3826,Growth & Marketing,OFFICE,CONTRACT,6,1.8,3,2.59,51.3,-1.0,5,3,0.02,1,0,0.0,OCCASIONAL,1
EMP-SYNTH-3827,Human Resources,HYBRID,FULL_TIME,4,3.1,5,4.83,92.83,1.0,1,1,0.62,5,1,0.2,OCCASIONAL,0
EMP-SYNTH-3828,Growth & Marketing,REMOTE,PART_TIME,3,8.8,5,5.0,101.34,0.0,5,0,1.72,1,1,1.0,OCCASIONAL,0
EMP-SYNTH-3829,Enterprise Sales,OFFICE,CONTRACT,9,2.4,4,4.04,76.58,1.0,1,1,0.86,8,2,0.25,NONE,0
EMP-SYNTH-3830,Growth & Marketing,REMOTE,FULL_TIME,4,6.5,4,3.78,79.27,1.0,5,3,2.63,2,2,1.0,NONE,0
EMP-SYNTH-3831,Human Resources,OFFICE,FULL_TIME,5,2.3,3,2.95,62.71,1.0,1,1,1.54,1,0,0.0,OCCASIONAL,0
EMP-SYNTH-3832,Human Resources,HYBRID,CONTRACT,9,3.7,3,2.51,47.78,0.0,5,0,1.33,4,1,0.25,OCCASIONAL,0
EMP-SYNTH-3833,Product & Design,OFFICE,FULL_TIME,6,5.8,3,3.23,63.47,0.0,1,1,0.65,3,1,0.33,OCCASIONAL,0
EMP-SYNTH-3834,Growth & Marketing,OFFICE,CONTRACT,6,1.9,5,4.87,101.59,0.5,5,3,1.45,4,3,0.75,NONE,0
EMP-SYNTH-3835,Growth & Marketing,OFFICE,PART_TIME,6,8.2,1,1.0,16.78,1.0,0,0,0.0,6,1,0.17,NONE,0
EMP-SYNTH-3836,Enterprise Sales,REMOTE,FULL_TIME,5,7.5,3,3.43,65.25,0.5,2,2,2.9,6,0,0.0,OCCASIONAL,0
EMP-SYNTH-3837,Human Resources,HYBRID,PART_TIME,4,0.6,4,4.05,83.28,0.5,6,0,1.53,0,0,0.0,FREQUENT,0
EMP-SYNTH-3838,Growth & Marketing,HYBRID,FULL_TIME,3,12.0,3,2.63,49.37,-1.0,0,0,0.0,2,0,0.0,FREQUENT,1
EMP-SYNTH-3839,Product & Design,HYBRID,CONTRACT,8,7.0,3,3.23,64.5,0.5,1,0,0.5,1,0,0.0,NONE,0
EMP-SYNTH-3840,Human Resources,REMOTE,PART_TIME,9,11.1,2,1.86,36.84,0.5,6,1,1.0,4,1,0.25,NONE,0
EMP-SYNTH-3841,Enterprise Sales,OFFICE,FULL_TIME,3,10.2,3,3.05,64.56,0.0,3,0,0.04,7,1,0.14,OCCASIONAL,0
EMP-SYNTH-3842,Enterprise Sales,HYBRID,CONTRACT,3,3.9,1,1.01,25.19,0.5,2,2,0.48,0,0,0.0,NONE,1
EMP-SYNTH-3843,Product & Design,OFFICE,FULL_TIME,3,7.9,3,3.42,73.02,-1.0,4,3,2.9,4,4,1.0,OCCASIONAL,0
EMP-SYNTH-3844,Enterprise Sales,OFFICE,CONTRACT,10,10.8,3,2.8,60.21,1.0,3,1,1.41,5,4,0.8,FREQUENT,0
EMP-SYNTH-3845,Engineering,OFFICE,FULL_TIME,6,7.4,3,2.78,57.5,0.0,6,1,2.1,7,6,0.86,FREQUENT,0
EMP-SYNTH-3846,Human Resources,HYBRID,PART_TIME,6,8.2,5,5.0,103.97,0.0,0,0,0.0,7,7,1.0,NONE,0
EMP-SYNTH-3847,Engineering,REMOTE,FULL_TIME,10,9.8,4,4.2,88.21,-0.5,2,0,0.66,3,2,0.67,FREQUENT,1
EMP-SYNTH-3848,Enterprise Sales,OFFICE,FULL_TIME,5,0.6,3,3.13,61.33,0.5,5,3,1.26,1,1,1.0,FREQUENT,0
EMP-SYNTH-3849,Human Resources,HYBRID,CONTRACT,1,4.8,2,1.8,39.58,-1.0,0,0,0.0,4,4,1.0,FREQUENT,1
EMP-SYNTH-3850,Enterprise Sales,REMOTE,PART_TIME,10,4.4,3,2.73,56.14,0.0,2,2,0.36,3,0,0.0,NONE,0
EMP-SYNTH-3851,Enterprise Sales,REMOTE,FULL_TIME,1,8.5,3,2.56,47.37,-1.0,0,0,0.0,3,1,0.33,NONE,0
EMP-SYNTH-3852,Human Resources,REMOTE,CONTRACT,5,11.6,3,3.23,60.4,0.5,4,0,1.93,7,5,0.71,OCCASIONAL,0
EMP-SYNTH-3853,Engineering,REMOTE,PART_TIME,2,4.5,4,3.9,78.58,-1.0,5,1,0.81,4,4,1.0,FREQUENT,0
EMP-SYNTH-3854,Product & Design,HYBRID,CONTRACT,1,6.5,4,3.57,75.96,0.0,4,2,1.2,8,1,0.12,FREQUENT,1
EMP-SYNTH-3855,Growth & Marketing,HYBRID,FULL_TIME,4,11.2,5,4.69,92.78,0.5,6,1,1.17,6,2,0.33,NONE,0
EMP-SYNTH-3856,Human Resources,HYBRID,FULL_TIME,8,4.5,3,3.32,67.07,1.0,3,2,0.06,1,0,0.0,OCCASIONAL,0
EMP-SYNTH-3857,Enterprise Sales,OFFICE,FULL_TIME,10,1.7,4,3.87,72.58,0.0,4,1,2.49,0,0,0.0,OCCASIONAL,0
EMP-SYNTH-3858,Growth & Marketing,REMOTE,CONTRACT,6,8.7,2,1.69,34.05,1.0,3,3,2.2,5,2,0.4,FREQUENT,1
EMP-SYNTH-3859,Human Resources,REMOTE,CONTRACT,9,1.7,2,2.49,49.97,0.5,5,0,0.02,8,6,0.75,FREQUENT,1
EMP-SYNTH-3860,Engineering,OFFICE,PART_TIME,8,1.0,4,3.52,71.67,0.5,0,0,0.0,6,1,0.17,NONE,0
EMP-SYNTH-3861,Human Resources,REMOTE,CONTRACT,9,6.8,2,2.24,48.15,1.0,0,0,0.0,7,7,1.0,OCCASIONAL,0
EMP-SYNTH-3862,Engineering,HYBRID,FULL_TIME,8,12.0,4,3.81,73.83,0.0,3,0,0.18,2,1,0.5,FREQUENT,0
EMP-SYNTH-3863,Enterprise Sales,REMOTE,CONTRACT,8,1.6,3,2.8,54.5,0.0,6,3,1.7,5,0,0.0,FREQUENT,1
EMP-SYNTH-3864,Growth & Marketing,OFFICE,FULL_TIME,5,0.8,4,4.46,87.55,1.0,2,1,2.57,6,1,0.17,FREQUENT,0
EMP-SYNTH-3865,Product & Design,OFFICE,FULL_TIME,7,4.5,3,3.33,66.17,1.0,1,0,1.37,6,3,0.5,FREQUENT,0
EMP-SYNTH-3866,Human Resources,REMOTE,PART_TIME,5,2.6,5,4.74,98.18,0.0,3,3,0.03,5,4,0.8,NONE,0
EMP-SYNTH-3867,Engineering,OFFICE,CONTRACT,6,9.2,4,3.94,76.14,-0.5,2,0,2.03,6,5,0.83,FREQUENT,1
EMP-SYNTH-3868,Human Resources,OFFICE,CONTRACT,2,9.3,3,2.67,56.97,0.5,5,1,1.07,6,0,0.0,NONE,0
EMP-SYNTH-3869,Enterprise Sales,HYBRID,CONTRACT,3,10.4,3,3.0,63.38,-0.5,1,1,0.3,5,5,1.0,OCCASIONAL,1
EMP-SYNTH-3870,Engineering,OFFICE,PART_TIME,9,2.0,3,3.27,61.73,1.0,0,0,0.0,2,1,0.5,FREQUENT,0
EMP-SYNTH-3871,Human Resources,OFFICE,CONTRACT,7,5.9,3,3.28,61.54,1.0,6,2,0.66,1,0,0.0,OCCASIONAL,0
EMP-SYNTH-3872,Human Resources,REMOTE,CONTRACT,3,11.4,5,5.0,99.61,-0.5,5,0,2.33,4,4,1.0,NONE,0
EMP-SYNTH-3873,Human Resources,REMOTE,CONTRACT,10,2.2,3,3.32,70.1,0.5,3,2,1.09,8,7,0.88,NONE,0
EMP-SYNTH-3874,Growth & Marketing,OFFICE,PART_TIME,1,2.9,2,1.6,34.58,0.5,5,0,1.4,1,0,0.0,NONE,0
EMP-SYNTH-3875,Product & Design,REMOTE,CONTRACT,5,11.6,4,3.59,68.14,0.0,0,0,0.0,1,0,0.0,FREQUENT,0
EMP-SYNTH-3876,Engineering,REMOTE,PART_TIME,2,7.3,3,3.49,71.89,1.0,2,1,2.69,6,4,0.67,FREQUENT,0
EMP-SYNTH-3877,Enterprise Sales,OFFICE,CONTRACT,4,5.2,4,3.6,68.23,-0.5,0,0,0.0,4,2,0.5,FREQUENT,1
EMP-SYNTH-3878,Engineering,HYBRID,CONTRACT,6,4.9,5,5.0,102.21,-0.5,1,0,0.14,2,0,0.0,OCCASIONAL,0
EMP-SYNTH-3879,Human Resources,OFFICE,FULL_TIME,8,1.6,5,4.81,101.08,1.0,5,1,2.21,5,0,0.0,FREQUENT,0
EMP-SYNTH-3880,Human Resources,OFFICE,FULL_TIME,2,4.1,5,5.0,99.42,-1.0,6,1,2.18,6,6,1.0,OCCASIONAL,0
EMP-SYNTH-3881,Enterprise Sales,HYBRID,CONTRACT,3,1.0,5,5.0,96.17,-1.0,3,1,0.23,1,0,0.0,FREQUENT,1
EMP-SYNTH-3882,Product & Design,REMOTE,FULL_TIME,1,9.9,2,2.42,46.51,0.0,6,3,2.7,8,6,0.75,FREQUENT,1
EMP-SYNTH-3883,Product & Design,OFFICE,FULL_TIME,4,6.8,3,2.71,56.06,-0.5,1,1,2.32,8,3,0.38,FREQUENT,1
EMP-SYNTH-3884,Engineering,OFFICE,CONTRACT,4,2.6,3,3.04,64.47,-1.0,3,3,1.8,6,2,0.33,OCCASIONAL,0
EMP-SYNTH-3885,Enterprise Sales,REMOTE,CONTRACT,5,3.0,3,3.1,58.64,0.5,0,0,0.0,6,1,0.17,NONE,0
EMP-SYNTH-3886,Product & Design,REMOTE,PART_TIME,4,3.5,3,3.2,68.71,-1.0,0,0,0.0,0,0,0.0,FREQUENT,1
EMP-SYNTH-3887,Enterprise Sales,HYBRID,PART_TIME,2,6.9,2,1.71,36.34,1.0,2,2,1.72,4,2,0.5,OCCASIONAL,0
EMP-SYNTH-3888,Product & Design,HYBRID,CONTRACT,9,4.6,4,4.28,88.51,1.0,2,1,2.91,1,1,1.0,NONE,0
EMP-SYNTH-3889,Engineering,HYBRID,CONTRACT,8,2.1,4,3.59,68.13,1.0,0,0,0.0,1,0,0.0,NONE,0
EMP-SYNTH-3890,Human Resources,HYBRID,FULL_TIME,8,5.1,3,2.9,62.42,-0.5,1,1,0.97,5,5,1.0,FREQUENT,0
EMP-SYNTH-3891,Human Resources,REMOTE,PART_TIME,10,9.5,4,3.94,82.19,-1.0,6,3,2.38,7,3,0.43,NONE,1
EMP-SYNTH-3892,Enterprise Sales,HYBRID,FULL_TIME,4,10.3,4,3.71,73.2,0.0,1,0,2.14,5,1,0.2,FREQUENT,0
EMP-SYNTH-3893,Engineering,HYBRID,FULL_TIME,10,11.4,3,2.66,57.55,0.5,6,0,1.53,3,2,0.67,NONE,0
EMP-SYNTH-3894,Product & Design,HYBRID,PART_TIME,6,4.4,3,2.89,53.99,-1.0,5,0,0.8,2,1,0.5,FREQUENT,1
EMP-SYNTH-3895,Product & Design,REMOTE,PART_TIME,7,2.4,3,3.44,71.34,-0.5,5,3,2.63,2,1,0.5,NONE,1
EMP-SYNTH-3896,Product & Design,REMOTE,CONTRACT,7,10.5,5,4.58,95.06,0.0,4,3,1.03,0,0,0.0,OCCASIONAL,0
EMP-SYNTH-3897,Product & Design,REMOTE,PART_TIME,4,3.3,3,2.82,54.74,-1.0,0,0,0.0,2,0,0.0,NONE,1
EMP-SYNTH-3898,Growth & Marketing,HYBRID,PART_TIME,5,6.9,3,2.63,48.14,0.0,4,1,0.17,8,3,0.38,NONE,0
EMP-SYNTH-3899,Growth & Marketing,HYBRID,FULL_TIME,3,2.2,1,1.22,28.63,-1.0,6,3,1.28,7,0,0.0,FREQUENT,1
EMP-SYNTH-3900,Growth & Marketing,OFFICE,PART_TIME,3,4.8,3,2.79,57.64,-1.0,5,0,1.8,7,7,1.0,NONE,0
EMP-SYNTH-3901,Product & Design,HYBRID,CONTRACT,10,8.1,2,2.17,44.38,0.5,0,0,0.0,2,0,0.0,NONE,0
EMP-SYNTH-3902,Engineering,OFFICE,FULL_TIME,6,3.1,4,3.7,76.29,0.0,3,1,1.4,6,3,0.5,FREQUENT,0
EMP-SYNTH-3903,Product & Design,REMOTE,CONTRACT,5,0.8,4,3.77,72.15,-1.0,0,0,0.0,5,5,1.0,OCCASIONAL,0
EMP-SYNTH-3904,Product & Design,REMOTE,CONTRACT,4,2.4,3,3.47,71.76,1.0,6,2,2.64,5,2,0.4,NONE,1
EMP-SYNTH-3905,Human Resources,REMOTE,PART_TIME,5,9.7,1,1.47,32.56,1.0,3,0,1.39,2,2,1.0,FREQUENT,0
EMP-SYNTH-3906,Human Resources,HYBRID,FULL_TIME,9,7.8,3,3.21,63.26,0.0,4,0,0.29,6,5,0.83,FREQUENT,0
EMP-SYNTH-3907,Product & Design,HYBRID,FULL_TIME,9,4.5,5,5.0,95.32,-0.5,5,1,2.24,6,0,0.0,OCCASIONAL,1
EMP-SYNTH-3908,Enterprise Sales,OFFICE,PART_TIME,8,0.7,4,4.0,77.61,-0.5,0,0,0.0,5,0,0.0,NONE,0
EMP-SYNTH-3909,Growth & Marketing,REMOTE,FULL_TIME,8,7.1,5,5.0,99.43,1.0,4,0,0.14,4,4,1.0,OCCASIONAL,0
EMP-SYNTH-3910,Growth & Marketing,OFFICE,PART_TIME,6,10.4,2,2.32,46.96,0.0,4,2,1.9,4,0,0.0,OCCASIONAL,1
EMP-SYNTH-3911,Enterprise Sales,OFFICE,CONTRACT,1,8.3,4,4.41,88.38,0.0,6,2,2.54,1,1,1.0,FREQUENT,0
EMP-SYNTH-3912,Human Resources,OFFICE,PART_TIME,2,11.3,2,2.13,43.42,1.0,0,0,0.0,8,8,1.0,OCCASIONAL,0
EMP-SYNTH-3913,Engineering,REMOTE,PART_TIME,8,10.2,4,3.73,77.41,1.0,4,2,1.41,1,1,1.0,NONE,0
EMP-SYNTH-3914,Growth & Marketing,OFFICE,PART_TIME,5,2.1,4,4.5,89.9,0.0,2,0,1.3,3,3,1.0,OCCASIONAL,0
EMP-SYNTH-3915,Enterprise Sales,HYBRID,CONTRACT,8,6.9,4,3.71,73.63,0.0,2,0,1.19,1,0,0.0,OCCASIONAL,0
EMP-SYNTH-3916,Product & Design,OFFICE,CONTRACT,2,10.9,2,2.02,38.41,0.5,1,1,1.22,3,2,0.67,FREQUENT,0
EMP-SYNTH-3917,Human Resources,OFFICE,CONTRACT,2,0.6,4,3.53,72.18,0.5,4,1,2.08,4,4,1.0,FREQUENT,0
EMP-SYNTH-3918,Engineering,OFFICE,FULL_TIME,3,1.0,2,1.95,37.06,0.0,5,0,2.99,7,6,0.86,NONE,0
EMP-SYNTH-3919,Growth & Marketing,REMOTE,FULL_TIME,4,9.5,2,2.24,41.53,0.0,6,1,0.79,7,0,0.0,FREQUENT,1
EMP-SYNTH-3920,Engineering,HYBRID,FULL_TIME,8,6.5,4,3.95,81.32,0.0,5,2,0.49,4,1,0.25,FREQUENT,0
EMP-SYNTH-3921,Product & Design,HYBRID,CONTRACT,1,11.4,3,3.38,68.89,1.0,2,1,1.22,2,0,0.0,OCCASIONAL,0
EMP-SYNTH-3922,Enterprise Sales,OFFICE,FULL_TIME,4,8.6,4,4.02,79.78,-1.0,4,3,2.83,3,1,0.33,OCCASIONAL,0
EMP-SYNTH-3923,Product & Design,REMOTE,FULL_TIME,10,5.6,3,3.39,68.29,0.5,5,0,2.06,8,5,0.62,OCCASIONAL,0
EMP-SYNTH-3924,Engineering,OFFICE,PART_TIME,5,3.7,5,4.65,93.18,0.0,5,1,1.98,8,4,0.5,FREQUENT,0
EMP-SYNTH-3925,Product & Design,OFFICE,PART_TIME,5,9.8,3,2.56,49.06,0.0,0,0,0.0,3,3,1.0,FREQUENT,0
EMP-SYNTH-3926,Engineering,REMOTE,FULL_TIME,9,9.4,4,3.75,75.18,-1.0,5,0,0.04,2,2,1.0,OCCASIONAL,0
EMP-SYNTH-3927,Growth & Marketing,OFFICE,CONTRACT,8,8.9,3,3.13,61.82,1.0,2,0,0.01,2,0,0.0,NONE,0
EMP-SYNTH-3928,Growth & Marketing,HYBRID,FULL_TIME,7,7.7,3,3.45,72.2,-0.5,6,1,2.15,2,0,0.0,NONE,1
EMP-SYNTH-3929,Enterprise Sales,OFFICE,FULL_TIME,5,3.5,3,3.4,71.81,-1.0,4,1,1.67,1,1,1.0,FREQUENT,0
EMP-SYNTH-3930,Growth & Marketing,HYBRID,FULL_TIME,3,3.0,5,4.63,92.62,1.0,2,1,2.26,6,0,0.0,FREQUENT,0
EMP-SYNTH-3931,Growth & Marketing,HYBRID,CONTRACT,2,1.0,4,4.27,84.4,-0.5,0,0,0.0,3,3,1.0,FREQUENT,0
EMP-SYNTH-3932,Human Resources,OFFICE,CONTRACT,6,8.1,4,3.76,71.51,0.0,0,0,0.0,4,4,1.0,FREQUENT,0
EMP-SYNTH-3933,Growth & Marketing,REMOTE,CONTRACT,5,2.4,2,1.84,38.63,0.0,1,0,0.66,4,4,1.0,OCCASIONAL,0
EMP-SYNTH-3934,Enterprise Sales,REMOTE,FULL_TIME,3,8.9,4,4.39,92.7,0.0,5,0,2.49,8,3,0.38,NONE,0
EMP-SYNTH-3935,Enterprise Sales,REMOTE,FULL_TIME,7,9.1,3,3.26,69.74,0.0,4,3,2.71,1,1,1.0,OCCASIONAL,0
EMP-SYNTH-3936,Product & Design,OFFICE,PART_TIME,4,6.2,5,5.0,96.84,0.5,5,2,2.34,0,0,0.0,OCCASIONAL,0
EMP-SYNTH-3937,Growth & Marketing,HYBRID,CONTRACT,8,4.9,2,2.11,41.83,1.0,4,0,0.46,0,0,0.0,FREQUENT,1
EMP-SYNTH-3938,Growth & Marketing,OFFICE,PART_TIME,10,4.6,2,2.16,45.74,0.0,3,0,2.61,3,3,1.0,NONE,0
EMP-SYNTH-3939,Engineering,OFFICE,CONTRACT,1,1.2,3,3.14,61.13,0.0,3,3,2.62,7,3,0.43,OCCASIONAL,1
EMP-SYNTH-3940,Enterprise Sales,HYBRID,CONTRACT,5,3.5,4,4.11,82.28,-1.0,6,3,2.85,6,3,0.5,FREQUENT,1
EMP-SYNTH-3941,Enterprise Sales,HYBRID,PART_TIME,9,1.1,1,1.0,17.86,0.5,6,1,0.66,0,0,0.0,FREQUENT,1
EMP-SYNTH-3942,Growth & Marketing,REMOTE,FULL_TIME,6,8.6,4,3.52,73.49,0.5,5,1,0.16,3,0,0.0,NONE,0
EMP-SYNTH-3943,Product & Design,REMOTE,FULL_TIME,2,10.0,3,3.24,60.89,1.0,4,2,2.39,0,0,0.0,FREQUENT,1
EMP-SYNTH-3944,Growth & Marketing,OFFICE,PART_TIME,9,6.2,3,3.35,67.66,-0.5,1,0,1.93,2,1,0.5,FREQUENT,0
EMP-SYNTH-3945,Engineering,HYBRID,PART_TIME,3,10.9,3,3.3,67.63,0.5,3,1,2.62,1,0,0.0,OCCASIONAL,0
EMP-SYNTH-3946,Enterprise Sales,REMOTE,PART_TIME,7,11.0,5,5.0,100.43,0.0,4,0,2.74,4,4,1.0,OCCASIONAL,0
EMP-SYNTH-3947,Enterprise Sales,OFFICE,CONTRACT,7,8.5,5,5.0,103.47,0.0,2,1,1.76,1,1,1.0,NONE,0
EMP-SYNTH-3948,Human Resources,REMOTE,FULL_TIME,6,4.3,3,2.51,46.22,0.5,5,0,1.58,2,1,0.5,FREQUENT,0
EMP-SYNTH-3949,Product & Design,OFFICE,FULL_TIME,1,2.0,4,3.98,84.36,-0.5,3,2,0.47,5,1,0.2,OCCASIONAL,1
EMP-SYNTH-3950,Human Resources,OFFICE,FULL_TIME,2,8.6,3,2.57,50.26,-0.5,4,1,1.25,7,5,0.71,FREQUENT,1
EMP-SYNTH-3951,Enterprise Sales,OFFICE,CONTRACT,8,5.9,4,4.01,77.95,-1.0,2,0,2.11,4,3,0.75,FREQUENT,0
EMP-SYNTH-3952,Product & Design,OFFICE,PART_TIME,7,9.6,3,3.19,64.14,0.0,6,3,0.28,4,3,0.75,NONE,1
EMP-SYNTH-3953,Growth & Marketing,OFFICE,PART_TIME,2,9.3,3,2.69,56.49,0.0,1,0,2.74,8,1,0.12,NONE,0
EMP-SYNTH-3954,Enterprise Sales,HYBRID,CONTRACT,9,3.2,4,4.49,89.98,-0.5,5,3,0.61,4,0,0.0,FREQUENT,1
EMP-SYNTH-3955,Growth & Marketing,REMOTE,PART_TIME,1,2.9,2,1.82,38.73,-1.0,4,1,0.69,2,0,0.0,OCCASIONAL,1
EMP-SYNTH-3956,Product & Design,REMOTE,CONTRACT,6,8.9,3,2.78,55.42,-0.5,3,3,2.13,2,1,0.5,OCCASIONAL,1
EMP-SYNTH-3957,Enterprise Sales,HYBRID,PART_TIME,8,11.1,2,1.81,35.28,0.0,4,3,1.35,4,1,0.25,NONE,1
EMP-SYNTH-3958,Human Resources,REMOTE,CONTRACT,10,11.7,4,3.69,72.56,0.5,1,1,2.93,3,0,0.0,FREQUENT,0
EMP-SYNTH-3959,Enterprise Sales,HYBRID,CONTRACT,10,0.8,2,2.0,35.77,-1.0,1,1,0.65,8,1,0.12,OCCASIONAL,1
EMP-SYNTH-3960,Human Resources,REMOTE,FULL_TIME,3,8.7,4,4.24,85.88,-0.5,2,1,0.39,8,4,0.5,OCCASIONAL,0
EMP-SYNTH-3961,Human Resources,REMOTE,PART_TIME,3,9.7,2,2.41,45.74,1.0,0,0,0.0,5,5,1.0,NONE,0
EMP-SYNTH-3962,Human Resources,OFFICE,PART_TIME,2,6.7,3,3.15,59.53,0.0,4,3,1.98,6,6,1.0,FREQUENT,0
EMP-SYNTH-3963,Enterprise Sales,HYBRID,FULL_TIME,1,2.7,2,1.67,35.86,-1.0,4,1,2.63,7,5,0.71,NONE,1
EMP-SYNTH-3964,Growth & Marketing,REMOTE,PART_TIME,2,4.0,4,4.21,86.56,0.0,4,0,1.67,5,0,0.0,FREQUENT,0
EMP-SYNTH-3965,Human Resources,OFFICE,PART_TIME,5,11.9,4,3.85,79.89,0.0,0,0,0.0,0,0,0.0,OCCASIONAL,0
EMP-SYNTH-3966,Product & Design,HYBRID,PART_TIME,4,8.5,2,2.38,43.07,0.0,2,0,1.65,7,2,0.29,NONE,0
EMP-SYNTH-3967,Product & Design,REMOTE,PART_TIME,6,1.0,5,4.84,94.28,1.0,6,0,1.99,2,1,0.5,NONE,0
EMP-SYNTH-3968,Growth & Marketing,REMOTE,CONTRACT,1,3.3,1,1.08,22.06,0.0,2,1,1.41,7,2,0.29,NONE,1
EMP-SYNTH-3969,Growth & Marketing,REMOTE,CONTRACT,8,6.5,3,3.46,67.39,-1.0,3,1,1.63,6,3,0.5,NONE,0
EMP-SYNTH-3970,Product & Design,OFFICE,PART_TIME,10,10.1,5,4.96,98.87,-0.5,1,0,1.5,4,4,1.0,NONE,0
EMP-SYNTH-3971,Human Resources,REMOTE,FULL_TIME,5,7.8,4,3.8,71.25,1.0,1,0,2.74,5,3,0.6,OCCASIONAL,0
EMP-SYNTH-3972,Growth & Marketing,REMOTE,PART_TIME,5,1.3,4,4.07,84.48,0.5,1,1,2.14,0,0,0.0,NONE,0
EMP-SYNTH-3973,Growth & Marketing,OFFICE,CONTRACT,2,1.4,3,2.8,60.39,0.5,5,3,0.57,3,0,0.0,OCCASIONAL,0
EMP-SYNTH-3974,Engineering,REMOTE,FULL_TIME,5,3.1,4,3.6,70.75,-0.5,0,0,0.0,2,1,0.5,NONE,0
EMP-SYNTH-3975,Engineering,HYBRID,PART_TIME,5,4.3,3,3.15,65.56,0.0,3,3,0.31,2,1,0.5,OCCASIONAL,0
EMP-SYNTH-3976,Growth & Marketing,HYBRID,CONTRACT,6,12.0,3,2.82,60.28,0.5,4,3,2.98,8,1,0.12,OCCASIONAL,0
EMP-SYNTH-3977,Enterprise Sales,HYBRID,PART_TIME,1,7.7,3,2.6,52.49,0.5,4,3,0.86,4,3,0.75,NONE,0
EMP-SYNTH-3978,Enterprise Sales,HYBRID,CONTRACT,5,4.2,3,2.98,61.42,-1.0,3,0,1.56,5,5,1.0,OCCASIONAL,0
EMP-SYNTH-3979,Growth & Marketing,HYBRID,PART_TIME,4,4.1,4,4.36,85.04,1.0,1,0,2.56,5,2,0.4,NONE,0
EMP-SYNTH-3980,Product & Design,REMOTE,CONTRACT,3,5.9,2,1.58,33.02,0.0,1,1,1.2,8,1,0.12,FREQUENT,1
EMP-SYNTH-3981,Engineering,REMOTE,FULL_TIME,8,11.9,3,2.53,51.18,0.0,3,1,2.45,6,5,0.83,OCCASIONAL,0
EMP-SYNTH-3982,Engineering,REMOTE,PART_TIME,7,7.8,3,2.7,50.61,0.0,2,1,2.08,8,3,0.38,FREQUENT,0
EMP-SYNTH-3983,Growth & Marketing,OFFICE,PART_TIME,4,3.1,2,2.08,43.11,0.0,6,2,1.53,2,2,1.0,FREQUENT,1
EMP-SYNTH-3984,Enterprise Sales,REMOTE,CONTRACT,6,2.9,3,2.95,60.98,-1.0,0,0,0.0,0,0,0.0,FREQUENT,0
EMP-SYNTH-3985,Engineering,OFFICE,FULL_TIME,1,2.9,2,1.92,37.49,-1.0,3,0,1.52,8,6,0.75,OCCASIONAL,0
EMP-SYNTH-3986,Growth & Marketing,OFFICE,CONTRACT,3,11.5,4,4.28,84.06,-0.5,6,2,2.8,2,1,0.5,NONE,1
EMP-SYNTH-3987,Engineering,OFFICE,FULL_TIME,10,1.8,5,4.87,96.97,0.5,1,1,0.22,7,6,0.86,FREQUENT,0
EMP-SYNTH-3988,Human Resources,REMOTE,FULL_TIME,10,9.2,2,2.03,36.69,1.0,0,0,0.0,0,0,0.0,OCCASIONAL,0
EMP-SYNTH-3989,Enterprise Sales,REMOTE,CONTRACT,7,0.7,3,3.49,73.9,0.0,4,0,1.46,5,0,0.0,OCCASIONAL,0
EMP-SYNTH-3990,Human Resources,OFFICE,FULL_TIME,4,3.1,4,4.35,84.26,0.5,3,3,0.52,7,4,0.57,NONE,0
EMP-SYNTH-3991,Engineering,HYBRID,FULL_TIME,8,4.5,3,2.88,58.21,1.0,3,3,1.58,8,2,0.25,NONE,0
EMP-SYNTH-3992,Human Resources,HYBRID,FULL_TIME,8,6.6,1,1.31,24.1,0.5,6,3,0.65,5,2,0.4,OCCASIONAL,0
EMP-SYNTH-3993,Engineering,OFFICE,FULL_TIME,2,8.1,4,4.07,77.21,1.0,4,2,0.39,3,2,0.67,FREQUENT,0
EMP-SYNTH-3994,Engineering,HYBRID,CONTRACT,6,3.6,4,3.56,74.12,0.5,6,2,2.91,5,5,1.0,FREQUENT,0
EMP-SYNTH-3995,Growth & Marketing,HYBRID,FULL_TIME,5,4.1,4,3.57,67.77,1.0,6,1,1.51,7,0,0.0,FREQUENT,0
EMP-SYNTH-3996,Enterprise Sales,OFFICE,CONTRACT,3,1.3,5,4.6,95.78,-1.0,2,1,1.62,7,5,0.71,NONE,0
EMP-SYNTH-3997,Engineering,OFFICE,FULL_TIME,9,3.8,3,2.8,54.47,0.0,5,3,2.82,8,6,0.75,NONE,0
EMP-SYNTH-3998,Product & Design,REMOTE,CONTRACT,2,5.8,1,1.46,28.03,-0.5,4,1,1.86,6,6,1.0,FREQUENT,1
EMP-SYNTH-3999,Engineering,REMOTE,FULL_TIME,7,3.4,3,2.99,61.95,0.0,6,1,2.84,5,0,0.0,OCCASIONAL,1
EMP-SYNTH-4000,Engineering,REMOTE,CONTRACT,8,0.8,3,2.7,49.07,0.0,3,1,1.39,3,1,0.33,OCCASIONAL,0
EMP-SYNTH-4001,Product & Design,OFFICE,PART_TIME,3,5.8,4,3.72,71.74,1.0,6,3,2.29,2,0,0.0,OCCASIONAL,1
EMP-SYNTH-4002,Human Resources,REMOTE,PART_TIME,4,5.7,5,5.0,96.37,-0.5,6,0,0.21,6,2,0.33,OCCASIONAL,0
EMP-SYNTH-4003,Enterprise Sales,REMOTE,FULL_TIME,4,6.6,4,4.48,92.0,-1.0,4,2,2.09,0,0,0.0,FREQUENT,0
EMP-SYNTH-4004,Engineering,HYBRID,FULL_TIME,5,9.2,3,2.54,53.44,0.5,4,0,2.45,3,2,0.67,NONE,0
EMP-SYNTH-4005,Growth & Marketing,REMOTE,PART_TIME,1,1.1,3,2.98,64.17,0.5,2,2,1.58,5,2,0.4,FREQUENT,0
EMP-SYNTH-4006,Product & Design,OFFICE,CONTRACT,8,5.0,3,2.84,58.73,0.0,2,0,1.74,7,7,1.0,OCCASIONAL,0
EMP-SYNTH-4007,Engineering,OFFICE,PART_TIME,4,2.2,3,3.21,67.45,0.0,4,2,0.41,2,0,0.0,NONE,0
EMP-SYNTH-4008,Product & Design,OFFICE,FULL_TIME,9,9.6,5,5.0,99.5,1.0,2,0,2.24,3,2,0.67,OCCASIONAL,0
EMP-SYNTH-4009,Enterprise Sales,REMOTE,PART_TIME,4,1.9,3,2.79,53.25,0.0,5,1,1.13,3,0,0.0,OCCASIONAL,0
EMP-SYNTH-4010,Human Resources,HYBRID,CONTRACT,4,7.8,5,5.0,101.5,-0.5,0,0,0.0,5,4,0.8,OCCASIONAL,0
EMP-SYNTH-4011,Growth & Marketing,OFFICE,CONTRACT,7,11.9,3,3.31,69.15,0.5,4,0,1.04,8,7,0.88,NONE,0
EMP-SYNTH-4012,Enterprise Sales,HYBRID,CONTRACT,9,11.2,5,5.0,101.76,1.0,2,2,2.59,8,3,0.38,OCCASIONAL,0
EMP-SYNTH-4013,Growth & Marketing,REMOTE,CONTRACT,2,7.7,3,2.52,49.36,-1.0,5,2,2.84,5,2,0.4,NONE,1
EMP-SYNTH-4014,Growth & Marketing,HYBRID,PART_TIME,2,7.0,3,3.26,68.93,-1.0,0,0,0.0,8,8,1.0,FREQUENT,0
EMP-SYNTH-4015,Engineering,OFFICE,CONTRACT,2,8.9,3,2.63,52.16,-1.0,6,0,2.19,6,4,0.67,NONE,0
EMP-SYNTH-4016,Enterprise Sales,OFFICE,PART_TIME,5,2.6,3,2.87,61.16,-1.0,6,0,1.21,7,6,0.86,FREQUENT,0
EMP-SYNTH-4017,Engineering,REMOTE,CONTRACT,4,4.3,2,1.91,38.72,-0.5,5,0,1.81,4,3,0.75,NONE,1
EMP-SYNTH-4018,Human Resources,HYBRID,FULL_TIME,3,6.2,2,2.44,50.77,-0.5,1,1,2.85,5,4,0.8,NONE,0
EMP-SYNTH-4019,Engineering,OFFICE,FULL_TIME,1,9.8,3,2.8,57.13,1.0,0,0,0.0,6,5,0.83,OCCASIONAL,0
EMP-SYNTH-4020,Engineering,REMOTE,FULL_TIME,2,9.0,4,3.78,80.46,-0.5,6,0,2.37,8,6,0.75,FREQUENT,1
EMP-SYNTH-4021,Enterprise Sales,OFFICE,PART_TIME,2,7.0,3,3.44,65.89,-1.0,5,2,0.9,4,2,0.5,FREQUENT,1
EMP-SYNTH-4022,Human Resources,OFFICE,FULL_TIME,6,3.9,3,3.46,69.97,0.0,1,1,2.47,3,2,0.67,FREQUENT,0
EMP-SYNTH-4023,Engineering,REMOTE,CONTRACT,1,5.7,4,3.75,78.85,-1.0,5,3,2.08,4,1,0.25,OCCASIONAL,0
EMP-SYNTH-4024,Engineering,REMOTE,CONTRACT,4,9.2,3,3.15,65.79,-0.5,6,0,2.46,7,4,0.57,FREQUENT,1
EMP-SYNTH-4025,Product & Design,HYBRID,PART_TIME,5,4.3,3,2.68,50.22,1.0,3,3,2.06,2,0,0.0,FREQUENT,1
EMP-SYNTH-4026,Enterprise Sales,REMOTE,FULL_TIME,6,2.5,3,3.25,67.3,0.0,2,1,1.05,1,0,0.0,OCCASIONAL,0
EMP-SYNTH-4027,Enterprise Sales,REMOTE,CONTRACT,3,1.3,4,4.35,91.66,-0.5,0,0,0.0,3,2,0.67,OCCASIONAL,0
EMP-SYNTH-4028,Engineering,OFFICE,PART_TIME,9,3.4,3,3.38,72.57,0.0,1,0,1.38,3,2,0.67,NONE,0
EMP-SYNTH-4029,Product & Design,HYBRID,CONTRACT,3,11.7,5,4.92,99.59,0.5,6,1,0.5,5,1,0.2,OCCASIONAL,1
EMP-SYNTH-4030,Human Resources,REMOTE,CONTRACT,5,8.0,4,3.51,67.5,0.0,3,0,0.66,7,0,0.0,OCCASIONAL,0
EMP-SYNTH-4031,Growth & Marketing,REMOTE,PART_TIME,8,8.9,2,1.68,29.43,1.0,5,1,2.94,0,0,0.0,FREQUENT,1
EMP-SYNTH-4032,Human Resources,HYBRID,CONTRACT,3,11.6,5,4.69,95.58,0.5,3,1,1.66,5,1,0.2,OCCASIONAL,0
EMP-SYNTH-4033,Engineering,OFFICE,FULL_TIME,2,4.1,4,3.74,71.78,0.0,3,2,1.92,3,3,1.0,OCCASIONAL,0
EMP-SYNTH-4034,Product & Design,HYBRID,FULL_TIME,10,7.1,3,3.38,71.12,-1.0,6,1,2.13,4,2,0.5,OCCASIONAL,0
EMP-SYNTH-4035,Product & Design,OFFICE,PART_TIME,3,7.4,3,2.69,57.33,0.5,2,0,1.62,1,1,1.0,NONE,0
EMP-SYNTH-4036,Human Resources,OFFICE,CONTRACT,3,9.6,4,4.1,77.97,0.0,5,0,1.14,2,1,0.5,FREQUENT,0
EMP-SYNTH-4037,Enterprise Sales,REMOTE,FULL_TIME,6,8.3,3,3.07,57.11,1.0,5,2,2.65,6,2,0.33,FREQUENT,0
EMP-SYNTH-4038,Product & Design,OFFICE,FULL_TIME,7,6.0,4,4.15,80.74,0.5,0,0,0.0,5,1,0.2,OCCASIONAL,0
EMP-SYNTH-4039,Engineering,OFFICE,PART_TIME,4,3.5,3,2.66,53.85,-0.5,2,2,1.8,6,6,1.0,OCCASIONAL,0
EMP-SYNTH-4040,Human Resources,OFFICE,PART_TIME,4,10.2,3,3.49,69.67,-1.0,2,2,1.28,6,5,0.83,OCCASIONAL,1
EMP-SYNTH-4041,Enterprise Sales,OFFICE,FULL_TIME,5,7.0,3,2.72,57.14,0.0,2,0,0.94,7,6,0.86,FREQUENT,0
EMP-SYNTH-4042,Growth & Marketing,HYBRID,FULL_TIME,6,8.2,4,3.6,69.86,0.5,1,1,2.87,5,5,1.0,FREQUENT,0
EMP-SYNTH-4043,Human Resources,HYBRID,FULL_TIME,9,11.2,2,2.23,46.62,1.0,5,3,1.34,4,2,0.5,OCCASIONAL,0
EMP-SYNTH-4044,Growth & Marketing,REMOTE,FULL_TIME,3,0.5,2,1.59,27.77,0.5,2,1,2.51,8,2,0.25,OCCASIONAL,1
EMP-SYNTH-4045,Growth & Marketing,REMOTE,PART_TIME,2,6.3,4,4.19,85.94,0.0,1,1,0.8,0,0,0.0,OCCASIONAL,0
EMP-SYNTH-4046,Growth & Marketing,HYBRID,CONTRACT,10,6.6,3,3.29,69.27,0.0,2,0,1.17,4,1,0.25,NONE,0
EMP-SYNTH-4047,Enterprise Sales,REMOTE,FULL_TIME,5,4.6,5,5.0,100.24,0.0,6,1,1.95,0,0,0.0,NONE,0
EMP-SYNTH-4048,Product & Design,OFFICE,FULL_TIME,9,7.0,2,1.53,32.06,0.5,1,1,1.21,1,0,0.0,FREQUENT,1
EMP-SYNTH-4049,Product & Design,REMOTE,PART_TIME,10,7.1,4,4.14,86.81,0.0,6,1,0.3,5,0,0.0,FREQUENT,1
EMP-SYNTH-4050,Enterprise Sales,REMOTE,FULL_TIME,5,11.2,4,4.24,83.39,1.0,3,0,2.92,5,2,0.4,FREQUENT,0
EMP-SYNTH-4051,Engineering,REMOTE,CONTRACT,3,9.1,3,2.72,53.0,0.5,2,2,1.51,7,6,0.86,FREQUENT,0
EMP-SYNTH-4052,Enterprise Sales,REMOTE,PART_TIME,5,1.4,2,1.65,30.82,0.0,0,0,0.0,3,3,1.0,NONE,0
EMP-SYNTH-4053,Enterprise Sales,OFFICE,CONTRACT,3,3.1,2,1.77,40.04,-0.5,3,0,0.33,8,8,1.0,OCCASIONAL,0
EMP-SYNTH-4054,Engineering,REMOTE,FULL_TIME,10,6.3,3,2.87,55.42,0.0,0,0,0.0,6,2,0.33,OCCASIONAL,0
EMP-SYNTH-4055,Engineering,REMOTE,CONTRACT,10,7.5,3,3.48,72.52,1.0,2,1,2.17,1,1,1.0,OCCASIONAL,0
EMP-SYNTH-4056,Enterprise Sales,REMOTE,CONTRACT,9,7.4,3,2.64,53.98,0.0,6,1,1.84,0,0,0.0,FREQUENT,1
EMP-SYNTH-4057,Enterprise Sales,OFFICE,PART_TIME,10,7.0,2,2.23,42.08,0.5,5,3,2.95,5,5,1.0,OCCASIONAL,1
EMP-SYNTH-4058,Product & Design,OFFICE,PART_TIME,4,10.4,3,2.95,59.24,1.0,1,1,0.24,1,1,1.0,OCCASIONAL,0
EMP-SYNTH-4059,Growth & Marketing,HYBRID,FULL_TIME,8,3.8,3,2.62,48.87,0.0,6,3,1.01,5,3,0.6,OCCASIONAL,0
EMP-SYNTH-4060,Enterprise Sales,HYBRID,FULL_TIME,7,2.7,4,4.17,79.53,0.5,1,0,2.65,3,0,0.0,OCCASIONAL,0
EMP-SYNTH-4061,Human Resources,OFFICE,FULL_TIME,4,6.2,4,4.47,89.89,-0.5,0,0,0.0,8,7,0.88,FREQUENT,0
EMP-SYNTH-4062,Enterprise Sales,HYBRID,FULL_TIME,2,2.5,3,3.27,68.74,0.5,6,1,2.22,7,5,0.71,FREQUENT,0
EMP-SYNTH-4063,Engineering,OFFICE,FULL_TIME,10,2.0,4,4.12,83.59,-1.0,0,0,0.0,3,3,1.0,NONE,0
EMP-SYNTH-4064,Enterprise Sales,REMOTE,PART_TIME,1,8.1,4,3.55,73.24,0.0,5,2,1.81,1,0,0.0,NONE,0
EMP-SYNTH-4065,Growth & Marketing,OFFICE,PART_TIME,3,2.8,5,5.0,102.49,0.5,1,0,2.32,8,3,0.38,NONE,0
EMP-SYNTH-4066,Engineering,HYBRID,PART_TIME,4,11.3,3,3.33,70.78,1.0,3,1,2.83,6,0,0.0,OCCASIONAL,0
EMP-SYNTH-4067,Engineering,REMOTE,CONTRACT,7,1.4,3,2.86,61.22,-1.0,5,2,1.61,8,1,0.12,FREQUENT,1
EMP-SYNTH-4068,Growth & Marketing,HYBRID,CONTRACT,3,9.7,4,4.08,78.24,-0.5,0,0,0.0,8,5,0.62,FREQUENT,1
EMP-SYNTH-4069,Growth & Marketing,HYBRID,FULL_TIME,3,1.0,5,4.54,92.6,0.5,6,0,2.76,7,2,0.29,NONE,0
EMP-SYNTH-4070,Enterprise Sales,REMOTE,PART_TIME,8,6.5,4,3.59,75.7,0.0,2,0,0.02,8,3,0.38,OCCASIONAL,0
EMP-SYNTH-4071,Product & Design,REMOTE,FULL_TIME,6,3.4,3,2.77,57.98,-1.0,6,3,1.5,8,4,0.5,OCCASIONAL,0
EMP-SYNTH-4072,Human Resources,HYBRID,FULL_TIME,9,8.2,2,1.56,26.86,0.0,0,0,0.0,0,0,0.0,FREQUENT,1
EMP-SYNTH-4073,Human Resources,HYBRID,PART_TIME,8,9.3,4,3.67,77.96,0.0,0,0,0.0,2,1,0.5,NONE,0
EMP-SYNTH-4074,Enterprise Sales,OFFICE,FULL_TIME,1,11.0,4,3.92,79.0,0.0,0,0,0.0,7,6,0.86,FREQUENT,0
EMP-SYNTH-4075,Growth & Marketing,HYBRID,CONTRACT,2,8.4,5,5.0,99.38,-0.5,4,3,0.38,0,0,0.0,NONE,1
EMP-SYNTH-4076,Growth & Marketing,HYBRID,FULL_TIME,1,11.4,4,4.39,83.43,1.0,0,0,0.0,5,4,0.8,FREQUENT,0
EMP-SYNTH-4077,Human Resources,OFFICE,FULL_TIME,7,4.5,2,1.91,34.81,0.0,0,0,0.0,2,2,1.0,FREQUENT,1
EMP-SYNTH-4078,Growth & Marketing,REMOTE,FULL_TIME,6,3.7,3,2.87,52.83,0.0,5,2,1.97,1,1,1.0,FREQUENT,0
EMP-SYNTH-4079,Engineering,REMOTE,FULL_TIME,1,9.2,3,3.34,70.7,0.0,4,3,0.99,2,1,0.5,NONE,0
EMP-SYNTH-4080,Growth & Marketing,REMOTE,CONTRACT,2,3.2,4,3.82,77.92,-0.5,5,0,0.18,7,7,1.0,NONE,0
EMP-SYNTH-4081,Engineering,OFFICE,FULL_TIME,4,4.2,2,1.83,40.19,-1.0,3,1,1.41,1,1,1.0,OCCASIONAL,1
EMP-SYNTH-4082,Growth & Marketing,OFFICE,FULL_TIME,9,11.9,4,3.76,74.01,0.0,1,1,2.52,3,2,0.67,FREQUENT,0
EMP-SYNTH-4083,Engineering,HYBRID,PART_TIME,9,7.1,4,4.32,88.04,0.0,5,2,1.95,4,1,0.25,NONE,0
EMP-SYNTH-4084,Engineering,OFFICE,FULL_TIME,6,6.8,2,1.62,34.03,0.0,1,1,0.01,6,1,0.17,FREQUENT,1
EMP-SYNTH-4085,Human Resources,REMOTE,PART_TIME,1,8.9,3,3.1,63.12,0.5,5,2,2.32,7,3,0.43,NONE,0
EMP-SYNTH-4086,Growth & Marketing,OFFICE,PART_TIME,9,4.9,4,3.85,76.03,0.5,2,2,0.18,2,0,0.0,NONE,0
EMP-SYNTH-4087,Growth & Marketing,OFFICE,CONTRACT,4,6.8,3,3.0,63.17,1.0,4,1,1.35,5,0,0.0,NONE,1
EMP-SYNTH-4088,Product & Design,REMOTE,CONTRACT,2,6.8,4,4.38,88.54,0.0,3,0,1.89,0,0,0.0,FREQUENT,0
EMP-SYNTH-4089,Product & Design,OFFICE,PART_TIME,8,7.3,3,2.73,49.78,0.0,6,3,2.36,6,5,0.83,NONE,0
EMP-SYNTH-4090,Human Resources,OFFICE,CONTRACT,4,4.1,4,4.06,78.23,-1.0,2,1,0.66,3,3,1.0,OCCASIONAL,0
EMP-SYNTH-4091,Human Resources,OFFICE,CONTRACT,6,2.0,5,5.0,98.76,-0.5,5,1,0.77,0,0,0.0,NONE,1
EMP-SYNTH-4092,Enterprise Sales,HYBRID,CONTRACT,9,1.5,3,2.54,46.25,-0.5,4,3,2.86,4,0,0.0,FREQUENT,1
EMP-SYNTH-4093,Growth & Marketing,HYBRID,CONTRACT,6,11.8,3,3.2,66.23,-0.5,1,1,0.24,8,0,0.0,FREQUENT,1
EMP-SYNTH-4094,Product & Design,OFFICE,FULL_TIME,5,7.2,4,4.21,82.17,0.0,5,1,2.82,4,2,0.5,OCCASIONAL,0
EMP-SYNTH-4095,Enterprise Sales,HYBRID,PART_TIME,3,6.1,4,4.11,85.59,1.0,6,1,1.85,2,0,0.0,OCCASIONAL,0
EMP-SYNTH-4096,Product & Design,HYBRID,PART_TIME,8,0.6,3,2.86,59.36,1.0,5,1,0.03,3,2,0.67,FREQUENT,0
EMP-SYNTH-4097,Product & Design,HYBRID,FULL_TIME,6,10.9,3,3.01,56.63,0.0,4,3,0.88,3,1,0.33,FREQUENT,0
EMP-SYNTH-4098,Engineering,REMOTE,PART_TIME,1,2.1,1,1.48,25.11,-1.0,6,0,0.67,1,0,0.0,NONE,1
EMP-SYNTH-4099,Product & Design,OFFICE,CONTRACT,6,4.8,3,3.04,60.17,-1.0,6,3,2.72,4,4,1.0,OCCASIONAL,0
EMP-SYNTH-4100,Human Resources,OFFICE,CONTRACT,4,4.0,3,3.25,69.03,0.0,2,0,2.38,2,0,0.0,FREQUENT,0
EMP-SYNTH-4101,Human Resources,HYBRID,PART_TIME,9,6.9,5,4.58,96.08,1.0,0,0,0.0,8,8,1.0,NONE,0
EMP-SYNTH-4102,Human Resources,REMOTE,FULL_TIME,5,4.9,3,2.79,56.14,0.0,6,3,0.64,8,7,0.88,NONE,0
EMP-SYNTH-4103,Engineering,OFFICE,FULL_TIME,4,6.5,4,4.25,84.81,0.0,4,2,0.72,2,1,0.5,FREQUENT,0
EMP-SYNTH-4104,Product & Design,REMOTE,PART_TIME,6,7.6,3,3.06,56.7,-0.5,5,1,0.36,8,1,0.12,FREQUENT,1
EMP-SYNTH-4105,Product & Design,HYBRID,CONTRACT,9,8.9,4,4.25,87.87,0.0,1,0,1.42,7,4,0.57,FREQUENT,0
EMP-SYNTH-4106,Product & Design,REMOTE,FULL_TIME,9,10.5,5,5.0,104.47,-1.0,5,1,2.48,2,1,0.5,NONE,1
EMP-SYNTH-4107,Enterprise Sales,OFFICE,FULL_TIME,5,11.7,2,1.72,32.01,-0.5,6,1,1.42,2,1,0.5,OCCASIONAL,1
EMP-SYNTH-4108,Enterprise Sales,OFFICE,CONTRACT,9,1.9,3,3.35,68.47,0.0,3,0,2.98,0,0,0.0,OCCASIONAL,0
EMP-SYNTH-4109,Growth & Marketing,OFFICE,FULL_TIME,4,7.6,3,2.86,57.52,0.0,5,0,1.92,1,0,0.0,FREQUENT,0
EMP-SYNTH-4110,Enterprise Sales,REMOTE,CONTRACT,8,3.7,3,3.36,68.02,0.5,1,1,0.05,6,6,1.0,NONE,0
EMP-SYNTH-4111,Human Resources,REMOTE,PART_TIME,4,5.3,4,3.7,76.56,-0.5,3,0,0.54,4,3,0.75,NONE,0
EMP-SYNTH-4112,Engineering,HYBRID,CONTRACT,9,2.9,1,1.0,22.51,0.5,3,1,0.45,1,0,0.0,NONE,1
EMP-SYNTH-4113,Enterprise Sales,REMOTE,PART_TIME,6,11.3,3,2.98,61.43,0.5,1,1,1.18,3,2,0.67,NONE,0
EMP-SYNTH-4114,Human Resources,REMOTE,FULL_TIME,3,11.0,3,2.96,56.99,-1.0,4,1,2.29,3,2,0.67,FREQUENT,1
EMP-SYNTH-4115,Enterprise Sales,REMOTE,CONTRACT,10,11.3,3,3.12,65.49,0.0,6,3,0.49,1,1,1.0,OCCASIONAL,0
EMP-SYNTH-4116,Human Resources,REMOTE,CONTRACT,2,11.5,3,3.33,70.52,0.0,5,3,0.18,3,3,1.0,NONE,0
EMP-SYNTH-4117,Growth & Marketing,OFFICE,CONTRACT,7,5.6,2,1.64,34.82,1.0,3,3,2.96,4,0,0.0,OCCASIONAL,1
EMP-SYNTH-4118,Human Resources,OFFICE,CONTRACT,6,3.1,3,3.46,71.51,0.0,4,3,1.79,6,1,0.17,OCCASIONAL,1
EMP-SYNTH-4119,Enterprise Sales,OFFICE,CONTRACT,4,7.1,4,3.55,70.01,-1.0,0,0,0.0,8,2,0.25,NONE,0
EMP-SYNTH-4120,Growth & Marketing,HYBRID,FULL_TIME,8,6.3,4,4.16,81.85,0.0,1,0,0.22,8,7,0.88,FREQUENT,0
EMP-SYNTH-4121,Engineering,HYBRID,CONTRACT,3,4.9,5,5.0,99.77,-0.5,2,2,2.02,0,0,0.0,FREQUENT,1
EMP-SYNTH-4122,Enterprise Sales,OFFICE,CONTRACT,5,9.5,3,2.84,61.73,-1.0,4,2,1.35,4,3,0.75,FREQUENT,1
EMP-SYNTH-4123,Growth & Marketing,OFFICE,PART_TIME,4,10.3,3,3.49,73.29,-1.0,3,3,2.59,0,0,0.0,FREQUENT,1
EMP-SYNTH-4124,Enterprise Sales,HYBRID,CONTRACT,4,7.9,4,4.23,84.5,0.0,1,1,1.16,5,1,0.2,OCCASIONAL,0
EMP-SYNTH-4125,Human Resources,REMOTE,FULL_TIME,1,9.6,3,2.87,54.97,1.0,4,2,0.34,3,1,0.33,FREQUENT,0
EMP-SYNTH-4126,Enterprise Sales,REMOTE,FULL_TIME,9,7.9,1,1.49,31.22,0.5,0,0,0.0,7,6,0.86,NONE,0
EMP-SYNTH-4127,Growth & Marketing,OFFICE,CONTRACT,7,8.6,3,2.76,59.08,0.5,5,0,0.39,8,0,0.0,NONE,0
EMP-SYNTH-4128,Product & Design,REMOTE,CONTRACT,7,1.5,4,3.83,76.33,0.0,4,3,1.19,2,1,0.5,OCCASIONAL,1
EMP-SYNTH-4129,Enterprise Sales,OFFICE,CONTRACT,4,6.8,3,2.7,54.71,-0.5,5,2,0.08,1,0,0.0,OCCASIONAL,1
EMP-SYNTH-4130,Enterprise Sales,REMOTE,PART_TIME,9,4.7,3,3.38,64.27,-0.5,6,2,1.7,4,0,0.0,FREQUENT,1
EMP-SYNTH-4131,Enterprise Sales,OFFICE,PART_TIME,6,3.9,2,2.25,41.33,0.0,6,3,2.06,2,2,1.0,OCCASIONAL,0
EMP-SYNTH-4132,Product & Design,REMOTE,FULL_TIME,9,7.4,5,5.0,99.1,-1.0,3,1,2.64,1,0,0.0,NONE,0
EMP-SYNTH-4133,Engineering,REMOTE,PART_TIME,8,5.9,3,3.17,58.92,-0.5,0,0,0.0,3,3,1.0,OCCASIONAL,0
EMP-SYNTH-4134,Human Resources,OFFICE,FULL_TIME,6,4.2,2,2.1,38.01,0.0,2,2,2.11,2,2,1.0,FREQUENT,1
EMP-SYNTH-4135,Engineering,OFFICE,PART_TIME,1,2.4,3,3.31,69.4,0.5,2,0,0.24,3,3,1.0,OCCASIONAL,0
EMP-SYNTH-4136,Product & Design,OFFICE,CONTRACT,7,4.2,4,4.06,80.42,0.5,2,0,2.49,2,1,0.5,NONE,0
EMP-SYNTH-4137,Growth & Marketing,HYBRID,CONTRACT,6,8.3,3,2.56,53.49,1.0,1,0,0.86,3,0,0.0,OCCASIONAL,0
EMP-SYNTH-4138,Human Resources,HYBRID,PART_TIME,6,11.3,3,2.79,51.19,1.0,4,0,1.24,8,1,0.12,FREQUENT,0
EMP-SYNTH-4139,Growth & Marketing,OFFICE,FULL_TIME,8,1.3,3,3.08,61.55,1.0,0,0,0.0,6,2,0.33,OCCASIONAL,0
EMP-SYNTH-4140,Enterprise Sales,HYBRID,PART_TIME,9,5.9,3,3.43,65.49,-1.0,1,1,2.39,7,0,0.0,OCCASIONAL,0
EMP-SYNTH-4141,Human Resources,HYBRID,PART_TIME,8,4.3,4,4.01,83.52,0.0,1,1,2.88,7,0,0.0,NONE,0
EMP-SYNTH-4142,Enterprise Sales,OFFICE,FULL_TIME,9,0.5,1,1.4,25.56,-0.5,1,1,2.19,4,2,0.5,NONE,0
EMP-SYNTH-4143,Engineering,REMOTE,FULL_TIME,4,9.9,5,4.53,95.29,1.0,4,3,1.09,6,1,0.17,FREQUENT,1
EMP-SYNTH-4144,Human Resources,REMOTE,PART_TIME,8,6.5,4,3.8,72.67,-1.0,0,0,0.0,7,4,0.57,OCCASIONAL,0
EMP-SYNTH-4145,Enterprise Sales,REMOTE,CONTRACT,4,2.4,3,3.21,61.7,0.0,3,0,1.37,3,0,0.0,NONE,0
EMP-SYNTH-4146,Growth & Marketing,REMOTE,PART_TIME,3,3.4,3,3.2,62.99,-1.0,3,2,0.15,5,5,1.0,FREQUENT,1
EMP-SYNTH-4147,Human Resources,HYBRID,FULL_TIME,1,9.3,5,5.0,97.71,0.0,1,1,0.63,0,0,0.0,FREQUENT,0
EMP-SYNTH-4148,Product & Design,REMOTE,FULL_TIME,4,11.9,2,1.69,35.9,1.0,0,0,0.0,0,0,0.0,NONE,0
EMP-SYNTH-4149,Growth & Marketing,HYBRID,FULL_TIME,1,7.3,2,2.26,42.27,0.0,0,0,0.0,5,5,1.0,NONE,0
EMP-SYNTH-4150,Enterprise Sales,OFFICE,CONTRACT,3,7.6,2,1.91,38.24,-0.5,6,2,1.0,2,2,1.0,OCCASIONAL,1
EMP-SYNTH-4151,Engineering,HYBRID,CONTRACT,3,6.7,3,3.04,60.79,1.0,1,0,1.14,0,0,0.0,OCCASIONAL,0
EMP-SYNTH-4152,Product & Design,HYBRID,CONTRACT,7,9.4,3,2.89,61.95,-1.0,1,0,2.98,6,4,0.67,OCCASIONAL,0
EMP-SYNTH-4153,Product & Design,OFFICE,FULL_TIME,2,0.9,4,4.26,82.32,0.0,6,0,1.0,6,3,0.5,FREQUENT,0
EMP-SYNTH-4154,Enterprise Sales,OFFICE,FULL_TIME,5,1.3,5,5.0,101.08,1.0,4,0,0.03,2,0,0.0,FREQUENT,0
EMP-SYNTH-4155,Product & Design,HYBRID,FULL_TIME,5,5.7,3,3.19,62.38,0.0,0,0,0.0,5,2,0.4,FREQUENT,0
EMP-SYNTH-4156,Growth & Marketing,HYBRID,PART_TIME,1,5.0,2,1.74,37.64,0.0,4,2,1.86,8,4,0.5,OCCASIONAL,0
EMP-SYNTH-4157,Engineering,REMOTE,FULL_TIME,3,9.6,3,3.43,69.31,0.0,4,2,0.15,2,0,0.0,FREQUENT,0
EMP-SYNTH-4158,Human Resources,OFFICE,CONTRACT,8,6.2,2,2.46,49.23,-1.0,2,0,0.06,3,1,0.33,NONE,0
EMP-SYNTH-4159,Enterprise Sales,REMOTE,CONTRACT,1,4.5,3,3.08,60.13,0.5,2,0,2.12,2,2,1.0,OCCASIONAL,0
EMP-SYNTH-4160,Human Resources,OFFICE,CONTRACT,4,11.1,2,1.86,39.77,0.5,6,2,2.31,0,0,0.0,NONE,1
EMP-SYNTH-4161,Enterprise Sales,OFFICE,CONTRACT,5,2.5,2,2.17,39.52,1.0,6,2,0.9,4,2,0.5,FREQUENT,1
EMP-SYNTH-4162,Engineering,OFFICE,PART_TIME,5,9.2,4,3.52,72.31,0.0,6,0,2.64,7,1,0.14,NONE,0
EMP-SYNTH-4163,Enterprise Sales,REMOTE,PART_TIME,10,10.2,3,2.51,51.4,1.0,2,0,2.12,6,0,0.0,OCCASIONAL,0
EMP-SYNTH-4164,Engineering,REMOTE,FULL_TIME,4,7.8,5,5.0,95.09,0.0,0,0,0.0,2,0,0.0,OCCASIONAL,0
EMP-SYNTH-4165,Growth & Marketing,REMOTE,CONTRACT,4,10.9,4,3.7,69.69,0.0,2,0,0.25,0,0,0.0,NONE,0
EMP-SYNTH-4166,Enterprise Sales,HYBRID,CONTRACT,7,5.8,3,2.79,59.75,0.5,6,1,1.15,3,1,0.33,NONE,0
EMP-SYNTH-4167,Growth & Marketing,REMOTE,PART_TIME,2,5.2,4,3.69,77.64,0.5,5,0,2.06,7,0,0.0,NONE,0
EMP-SYNTH-4168,Growth & Marketing,REMOTE,FULL_TIME,3,6.0,4,4.39,84.09,0.0,3,1,0.27,6,2,0.33,NONE,0
EMP-SYNTH-4169,Product & Design,OFFICE,PART_TIME,9,8.9,3,3.27,66.72,0.5,3,3,2.55,4,3,0.75,FREQUENT,0
EMP-SYNTH-4170,Human Resources,OFFICE,CONTRACT,3,3.4,4,4.21,80.85,-0.5,5,0,0.74,2,1,0.5,NONE,0
EMP-SYNTH-4171,Enterprise Sales,OFFICE,PART_TIME,7,8.4,4,3.9,76.58,0.5,6,1,2.73,4,2,0.5,NONE,0
EMP-SYNTH-4172,Enterprise Sales,HYBRID,CONTRACT,9,2.4,2,2.36,46.49,0.5,0,0,0.0,4,1,0.25,FREQUENT,0
EMP-SYNTH-4173,Growth & Marketing,HYBRID,FULL_TIME,3,9.3,3,2.55,49.2,0.0,1,0,1.8,4,3,0.75,OCCASIONAL,0
EMP-SYNTH-4174,Engineering,REMOTE,FULL_TIME,5,1.7,2,2.18,41.75,-0.5,3,0,2.61,0,0,0.0,OCCASIONAL,1
EMP-SYNTH-4175,Product & Design,OFFICE,FULL_TIME,1,5.5,3,3.4,71.93,1.0,0,0,0.0,3,0,0.0,NONE,0
EMP-SYNTH-4176,Growth & Marketing,OFFICE,CONTRACT,5,6.0,3,3.22,67.22,0.0,3,3,2.73,2,1,0.5,FREQUENT,0
EMP-SYNTH-4177,Human Resources,REMOTE,FULL_TIME,8,6.4,4,3.57,74.87,1.0,3,3,2.31,1,0,0.0,FREQUENT,0
EMP-SYNTH-4178,Engineering,OFFICE,CONTRACT,10,7.5,4,3.96,80.29,0.5,6,2,1.98,8,1,0.12,FREQUENT,0
EMP-SYNTH-4179,Product & Design,HYBRID,FULL_TIME,7,8.6,2,2.35,45.47,-1.0,5,0,0.88,0,0,0.0,OCCASIONAL,1
EMP-SYNTH-4180,Product & Design,HYBRID,CONTRACT,9,11.6,3,2.53,54.11,0.0,3,0,2.83,6,2,0.33,OCCASIONAL,0
EMP-SYNTH-4181,Growth & Marketing,OFFICE,PART_TIME,9,9.0,4,3.57,68.22,0.0,2,0,1.06,2,2,1.0,NONE,0
EMP-SYNTH-4182,Product & Design,REMOTE,CONTRACT,1,1.8,5,4.88,93.99,-1.0,5,1,1.99,3,3,1.0,NONE,0
EMP-SYNTH-4183,Enterprise Sales,OFFICE,CONTRACT,6,9.3,4,3.57,74.52,0.5,4,2,2.84,2,0,0.0,OCCASIONAL,0
EMP-SYNTH-4184,Engineering,OFFICE,PART_TIME,1,4.1,3,3.07,60.56,1.0,4,2,2.52,5,1,0.2,OCCASIONAL,1
EMP-SYNTH-4185,Engineering,REMOTE,FULL_TIME,1,3.7,3,2.59,54.75,-1.0,5,3,1.93,6,0,0.0,OCCASIONAL,1
EMP-SYNTH-4186,Product & Design,HYBRID,FULL_TIME,5,2.9,4,4.15,78.85,0.5,5,1,0.49,5,3,0.6,NONE,0
EMP-SYNTH-4187,Human Resources,OFFICE,FULL_TIME,7,6.7,3,3.47,72.58,-0.5,6,1,1.57,1,1,1.0,FREQUENT,0
EMP-SYNTH-4188,Product & Design,REMOTE,PART_TIME,10,8.1,2,2.21,44.72,0.0,2,2,2.25,3,3,1.0,NONE,0
EMP-SYNTH-4189,Engineering,REMOTE,FULL_TIME,9,3.0,5,4.89,99.19,0.0,2,2,0.59,7,4,0.57,NONE,0
EMP-SYNTH-4190,Human Resources,REMOTE,CONTRACT,9,9.1,3,2.84,55.76,1.0,6,0,0.33,5,2,0.4,OCCASIONAL,0
EMP-SYNTH-4191,Growth & Marketing,HYBRID,FULL_TIME,7,11.1,3,2.88,59.32,0.0,3,3,2.55,6,0,0.0,FREQUENT,1
EMP-SYNTH-4192,Growth & Marketing,OFFICE,PART_TIME,10,4.9,2,2.36,49.69,0.0,1,0,1.36,8,0,0.0,NONE,0
EMP-SYNTH-4193,Enterprise Sales,HYBRID,CONTRACT,3,11.4,5,4.7,90.12,0.5,4,3,1.87,4,3,0.75,OCCASIONAL,0
EMP-SYNTH-4194,Engineering,REMOTE,CONTRACT,6,8.0,3,3.08,63.53,0.5,2,0,2.41,6,4,0.67,OCCASIONAL,0
EMP-SYNTH-4195,Product & Design,OFFICE,PART_TIME,9,0.8,3,3.02,56.46,0.0,2,1,2.67,5,2,0.4,FREQUENT,0
EMP-SYNTH-4196,Enterprise Sales,OFFICE,PART_TIME,2,4.4,3,2.95,63.39,0.0,5,1,1.59,5,3,0.6,NONE,0
EMP-SYNTH-4197,Human Resources,HYBRID,FULL_TIME,3,11.9,4,4.36,90.03,0.0,1,0,1.18,4,4,1.0,OCCASIONAL,0
EMP-SYNTH-4198,Growth & Marketing,REMOTE,CONTRACT,9,5.8,4,3.87,81.47,0.0,6,3,0.33,1,1,1.0,OCCASIONAL,0
EMP-SYNTH-4199,Human Resources,REMOTE,FULL_TIME,10,5.5,5,5.0,101.39,0.0,6,2,0.34,7,5,0.71,OCCASIONAL,0
EMP-SYNTH-4200,Product & Design,REMOTE,FULL_TIME,7,1.1,2,2.09,45.66,-0.5,3,3,1.86,6,3,0.5,NONE,1
EMP-SYNTH-4201,Enterprise Sales,HYBRID,PART_TIME,4,3.0,4,3.68,77.82,0.0,1,0,1.69,8,2,0.25,OCCASIONAL,0
EMP-SYNTH-4202,Engineering,OFFICE,FULL_TIME,1,5.5,3,3.12,58.98,0.0,0,0,0.0,6,4,0.67,NONE,0
EMP-SYNTH-4203,Product & Design,HYBRID,PART_TIME,8,9.8,1,1.0,23.27,0.5,1,1,2.06,4,0,0.0,OCCASIONAL,0
EMP-SYNTH-4204,Engineering,REMOTE,FULL_TIME,1,5.5,4,3.89,81.94,0.5,2,0,0.15,4,2,0.5,OCCASIONAL,0
EMP-SYNTH-4205,Enterprise Sales,HYBRID,PART_TIME,9,10.7,3,3.3,67.19,-0.5,1,0,2.6,0,0,0.0,OCCASIONAL,1
EMP-SYNTH-4206,Growth & Marketing,REMOTE,PART_TIME,8,4.0,2,1.77,36.79,-1.0,4,0,0.63,4,1,0.25,NONE,1
EMP-SYNTH-4207,Enterprise Sales,HYBRID,PART_TIME,8,10.3,2,2.42,43.67,1.0,3,3,1.57,7,0,0.0,FREQUENT,1
EMP-SYNTH-4208,Growth & Marketing,OFFICE,CONTRACT,10,5.0,2,2.46,49.03,-0.5,1,0,0.8,5,4,0.8,NONE,0
EMP-SYNTH-4209,Enterprise Sales,REMOTE,PART_TIME,10,6.7,4,4.17,85.62,0.0,5,3,1.07,1,0,0.0,OCCASIONAL,0
EMP-SYNTH-4210,Human Resources,OFFICE,FULL_TIME,9,4.8,2,1.53,26.6,-1.0,5,2,0.07,6,6,1.0,NONE,0
EMP-SYNTH-4211,Growth & Marketing,HYBRID,CONTRACT,8,6.8,4,4.03,76.32,0.0,3,0,2.27,8,2,0.25,OCCASIONAL,0
EMP-SYNTH-4212,Enterprise Sales,HYBRID,PART_TIME,5,11.1,3,2.79,51.93,0.0,6,2,1.13,6,0,0.0,FREQUENT,0
EMP-SYNTH-4213,Enterprise Sales,OFFICE,FULL_TIME,4,2.5,5,5.0,96.81,0.0,0,0,0.0,7,6,0.86,NONE,0
EMP-SYNTH-4214,Engineering,REMOTE,CONTRACT,9,8.6,5,4.96,97.98,0.0,5,0,2.62,5,5,1.0,NONE,0
EMP-SYNTH-4215,Engineering,HYBRID,FULL_TIME,9,6.7,5,4.56,86.39,0.0,5,0,1.18,7,2,0.29,FREQUENT,0
EMP-SYNTH-4216,Human Resources,OFFICE,CONTRACT,3,9.5,1,1.46,27.86,-1.0,6,2,0.48,3,0,0.0,NONE,1
EMP-SYNTH-4217,Growth & Marketing,REMOTE,CONTRACT,6,10.5,3,2.69,51.55,-0.5,4,3,2.77,0,0,0.0,FREQUENT,1
EMP-SYNTH-4218,Growth & Marketing,REMOTE,PART_TIME,10,7.7,2,1.68,34.45,1.0,2,1,2.37,4,0,0.0,FREQUENT,1
EMP-SYNTH-4219,Enterprise Sales,REMOTE,FULL_TIME,6,7.1,2,1.63,28.13,0.5,3,3,2.1,4,4,1.0,OCCASIONAL,0
EMP-SYNTH-4220,Growth & Marketing,OFFICE,CONTRACT,6,8.4,2,1.72,37.45,-1.0,5,3,0.51,5,3,0.6,FREQUENT,1
EMP-SYNTH-4221,Engineering,REMOTE,FULL_TIME,9,2.5,3,2.54,49.94,0.0,4,0,1.58,1,0,0.0,OCCASIONAL,0
EMP-SYNTH-4222,Product & Design,REMOTE,FULL_TIME,3,11.8,2,1.56,35.11,0.0,3,0,2.24,6,2,0.33,FREQUENT,1
EMP-SYNTH-4223,Product & Design,HYBRID,FULL_TIME,6,6.0,3,2.69,57.65,1.0,5,1,1.8,4,3,0.75,FREQUENT,0
EMP-SYNTH-4224,Growth & Marketing,OFFICE,FULL_TIME,8,2.1,2,2.49,49.6,-0.5,5,3,2.17,6,3,0.5,NONE,1
EMP-SYNTH-4225,Enterprise Sales,HYBRID,CONTRACT,3,9.9,2,1.64,30.72,-1.0,6,1,1.25,1,0,0.0,FREQUENT,1
EMP-SYNTH-4226,Human Resources,OFFICE,PART_TIME,2,4.0,3,2.62,53.17,0.5,6,2,2.53,5,1,0.2,NONE,1
EMP-SYNTH-4227,Engineering,HYBRID,PART_TIME,10,2.4,2,2.32,42.2,0.5,3,1,1.7,8,7,0.88,NONE,0
EMP-SYNTH-4228,Engineering,OFFICE,PART_TIME,1,4.0,4,4.01,81.91,0.5,0,0,0.0,0,0,0.0,FREQUENT,0
EMP-SYNTH-4229,Enterprise Sales,HYBRID,CONTRACT,5,2.3,3,2.96,54.54,0.0,4,2,0.45,3,0,0.0,NONE,1
EMP-SYNTH-4230,Product & Design,OFFICE,FULL_TIME,2,10.4,3,3.15,60.5,1.0,5,2,2.43,1,1,1.0,OCCASIONAL,0
EMP-SYNTH-4231,Product & Design,OFFICE,PART_TIME,4,2.9,3,2.68,55.78,1.0,4,2,2.38,1,0,0.0,FREQUENT,0
EMP-SYNTH-4232,Engineering,REMOTE,FULL_TIME,1,10.8,4,3.77,73.65,-1.0,2,2,2.51,6,2,0.33,FREQUENT,1
EMP-SYNTH-4233,Enterprise Sales,HYBRID,FULL_TIME,9,9.1,4,4.32,84.79,0.0,6,3,2.92,5,1,0.2,FREQUENT,1
EMP-SYNTH-4234,Enterprise Sales,REMOTE,PART_TIME,4,4.7,2,1.97,35.2,1.0,0,0,0.0,1,1,1.0,NONE,0
EMP-SYNTH-4235,Engineering,HYBRID,PART_TIME,10,10.5,3,3.28,63.45,0.5,6,1,0.27,8,1,0.12,FREQUENT,0
EMP-SYNTH-4236,Enterprise Sales,REMOTE,PART_TIME,2,8.7,1,1.0,17.71,0.0,2,0,1.8,6,2,0.33,FREQUENT,1
EMP-SYNTH-4237,Human Resources,OFFICE,PART_TIME,1,4.9,5,4.57,94.43,0.5,0,0,0.0,7,4,0.57,FREQUENT,0
EMP-SYNTH-4238,Product & Design,OFFICE,CONTRACT,3,3.6,3,3.42,68.04,0.5,1,0,1.15,4,3,0.75,NONE,0
EMP-SYNTH-4239,Growth & Marketing,OFFICE,PART_TIME,8,4.6,3,3.15,63.6,-0.5,5,2,2.89,5,5,1.0,FREQUENT,1
EMP-SYNTH-4240,Product & Design,OFFICE,FULL_TIME,4,3.1,5,5.0,102.43,0.0,2,0,0.4,2,1,0.5,OCCASIONAL,0
EMP-SYNTH-4241,Growth & Marketing,OFFICE,CONTRACT,6,1.9,4,4.05,83.92,1.0,3,3,1.45,2,0,0.0,OCCASIONAL,0
EMP-SYNTH-4242,Enterprise Sales,OFFICE,PART_TIME,9,6.8,3,2.97,55.51,0.0,5,3,0.95,4,2,0.5,OCCASIONAL,0
EMP-SYNTH-4243,Human Resources,HYBRID,FULL_TIME,9,3.5,4,4.44,88.67,0.5,3,2,2.22,4,2,0.5,NONE,0
EMP-SYNTH-4244,Growth & Marketing,HYBRID,PART_TIME,5,2.2,3,3.02,59.37,-0.5,0,0,0.0,1,0,0.0,FREQUENT,1
EMP-SYNTH-4245,Growth & Marketing,REMOTE,FULL_TIME,2,8.0,3,3.23,66.89,-0.5,0,0,0.0,5,3,0.6,FREQUENT,0
EMP-SYNTH-4246,Human Resources,HYBRID,FULL_TIME,9,5.4,2,2.23,40.36,0.0,0,0,0.0,3,3,1.0,FREQUENT,0
EMP-SYNTH-4247,Product & Design,OFFICE,PART_TIME,7,7.3,5,4.53,95.25,1.0,0,0,0.0,0,0,0.0,FREQUENT,0
EMP-SYNTH-4248,Product & Design,OFFICE,FULL_TIME,2,6.4,3,3.09,65.11,-1.0,3,1,0.55,8,5,0.62,OCCASIONAL,0
EMP-SYNTH-4249,Enterprise Sales,OFFICE,FULL_TIME,7,5.2,4,4.16,87.74,-0.5,1,1,0.44,1,1,1.0,FREQUENT,0
EMP-SYNTH-4250,Engineering,OFFICE,PART_TIME,3,11.5,3,2.75,58.13,0.0,0,0,0.0,2,1,0.5,NONE,0
EMP-SYNTH-4251,Growth & Marketing,OFFICE,CONTRACT,9,1.5,3,3.37,68.15,1.0,0,0,0.0,6,1,0.17,NONE,0
EMP-SYNTH-4252,Growth & Marketing,REMOTE,CONTRACT,10,9.0,4,3.95,83.49,0.5,2,2,0.8,4,3,0.75,OCCASIONAL,0
EMP-SYNTH-4253,Product & Design,HYBRID,FULL_TIME,10,4.2,3,2.71,57.85,0.0,1,0,0.66,0,0,0.0,NONE,0
EMP-SYNTH-4254,Engineering,REMOTE,PART_TIME,7,9.8,2,1.78,37.12,0.0,1,0,2.95,2,2,1.0,FREQUENT,0
EMP-SYNTH-4255,Engineering,HYBRID,CONTRACT,1,9.1,2,1.64,31.24,-1.0,3,0,1.61,4,0,0.0,OCCASIONAL,1
EMP-SYNTH-4256,Enterprise Sales,HYBRID,FULL_TIME,8,1.0,1,1.0,21.9,1.0,5,3,0.59,7,5,0.71,NONE,1
EMP-SYNTH-4257,Product & Design,OFFICE,CONTRACT,4,10.4,3,2.76,57.6,-0.5,1,1,1.37,6,3,0.5,NONE,1
EMP-SYNTH-4258,Growth & Marketing,OFFICE,PART_TIME,2,7.9,3,3.11,60.94,-1.0,2,0,0.89,8,5,0.62,FREQUENT,1
EMP-SYNTH-4259,Product & Design,OFFICE,FULL_TIME,5,11.5,5,5.0,98.35,-1.0,4,2,1.16,5,2,0.4,FREQUENT,1
EMP-SYNTH-4260,Enterprise Sales,HYBRID,PART_TIME,10,10.0,5,4.86,96.48,-1.0,1,0,0.88,0,0,0.0,FREQUENT,1
EMP-SYNTH-4261,Product & Design,OFFICE,FULL_TIME,10,0.8,3,3.13,61.17,0.0,3,1,1.78,4,1,0.25,NONE,1
EMP-SYNTH-4262,Enterprise Sales,OFFICE,FULL_TIME,1,7.3,3,2.67,48.64,-0.5,2,0,2.02,8,5,0.62,OCCASIONAL,0
EMP-SYNTH-4263,Enterprise Sales,HYBRID,PART_TIME,8,2.9,2,2.22,49.0,-0.5,1,0,2.15,7,3,0.43,OCCASIONAL,0
EMP-SYNTH-4264,Enterprise Sales,HYBRID,FULL_TIME,9,5.6,3,3.0,64.1,0.5,2,0,2.23,5,1,0.2,OCCASIONAL,0
EMP-SYNTH-4265,Growth & Marketing,REMOTE,FULL_TIME,6,4.2,4,4.07,77.6,0.0,0,0,0.0,3,3,1.0,NONE,0
EMP-SYNTH-4266,Human Resources,REMOTE,FULL_TIME,1,11.8,3,3.06,60.24,-1.0,3,2,1.95,4,2,0.5,FREQUENT,1
EMP-SYNTH-4267,Human Resources,REMOTE,PART_TIME,1,7.0,4,4.08,79.08,0.0,2,2,1.46,0,0,0.0,OCCASIONAL,1
EMP-SYNTH-4268,Growth & Marketing,HYBRID,FULL_TIME,7,2.8,3,2.79,53.52,-1.0,5,2,2.69,2,2,1.0,OCCASIONAL,0
EMP-SYNTH-4269,Product & Design,OFFICE,CONTRACT,1,10.2,5,4.97,101.65,-1.0,4,2,2.84,6,4,0.67,NONE,1
EMP-SYNTH-4270,Engineering,HYBRID,FULL_TIME,5,4.0,1,1.0,18.63,1.0,3,0,0.37,4,1,0.25,FREQUENT,0
EMP-SYNTH-4271,Product & Design,OFFICE,FULL_TIME,4,5.4,3,3.04,58.79,-0.5,0,0,0.0,0,0,0.0,OCCASIONAL,0
EMP-SYNTH-4272,Engineering,HYBRID,PART_TIME,5,5.0,3,2.69,51.86,0.5,1,0,1.86,6,6,1.0,OCCASIONAL,0
EMP-SYNTH-4273,Human Resources,REMOTE,PART_TIME,2,5.3,4,3.87,75.63,0.0,1,0,0.78,5,5,1.0,OCCASIONAL,0
EMP-SYNTH-4274,Human Resources,OFFICE,FULL_TIME,10,11.9,5,4.71,96.18,1.0,0,0,0.0,8,1,0.12,NONE,1
EMP-SYNTH-4275,Engineering,OFFICE,PART_TIME,8,5.9,5,5.0,104.15,-1.0,0,0,0.0,7,1,0.14,FREQUENT,0
EMP-SYNTH-4276,Enterprise Sales,OFFICE,PART_TIME,7,10.4,5,5.0,100.07,-0.5,6,1,2.81,6,2,0.33,NONE,0
EMP-SYNTH-4277,Growth & Marketing,HYBRID,FULL_TIME,4,10.8,2,1.68,30.0,0.0,4,0,0.32,4,0,0.0,OCCASIONAL,0
EMP-SYNTH-4278,Human Resources,REMOTE,CONTRACT,10,6.4,3,2.98,57.05,0.0,1,1,2.45,7,2,0.29,OCCASIONAL,1
EMP-SYNTH-4279,Growth & Marketing,OFFICE,FULL_TIME,6,9.4,4,3.87,75.21,0.0,1,0,0.11,2,0,0.0,NONE,0
EMP-SYNTH-4280,Growth & Marketing,OFFICE,CONTRACT,9,11.5,4,3.56,67.3,-0.5,4,2,0.97,5,2,0.4,OCCASIONAL,1
EMP-SYNTH-4281,Engineering,REMOTE,FULL_TIME,9,1.6,4,4.4,91.48,0.0,6,0,0.9,6,6,1.0,OCCASIONAL,0
EMP-SYNTH-4282,Enterprise Sales,REMOTE,CONTRACT,1,10.0,4,4.2,79.87,0.5,0,0,0.0,2,2,1.0,OCCASIONAL,0
EMP-SYNTH-4283,Product & Design,HYBRID,FULL_TIME,4,11.2,4,3.98,83.05,0.5,4,2,2.83,4,1,0.25,OCCASIONAL,0
EMP-SYNTH-4284,Human Resources,OFFICE,CONTRACT,8,9.2,5,4.51,92.96,0.0,1,1,1.23,6,1,0.17,NONE,0
EMP-SYNTH-4285,Enterprise Sales,OFFICE,CONTRACT,4,10.3,3,3.11,63.38,-1.0,6,0,2.77,2,1,0.5,NONE,1
EMP-SYNTH-4286,Human Resources,REMOTE,CONTRACT,7,9.6,3,2.9,61.8,0.0,5,2,2.93,7,7,1.0,OCCASIONAL,0
EMP-SYNTH-4287,Product & Design,OFFICE,FULL_TIME,3,8.9,3,2.79,51.73,1.0,1,1,0.76,2,0,0.0,FREQUENT,0
EMP-SYNTH-4288,Product & Design,REMOTE,PART_TIME,10,10.3,4,3.7,73.8,0.0,0,0,0.0,8,4,0.5,FREQUENT,0
EMP-SYNTH-4289,Growth & Marketing,HYBRID,PART_TIME,10,7.4,2,1.65,36.73,1.0,4,1,1.35,4,0,0.0,OCCASIONAL,0
EMP-SYNTH-4290,Product & Design,OFFICE,PART_TIME,8,3.3,4,3.7,69.46,0.5,3,0,0.67,8,2,0.25,FREQUENT,0
EMP-SYNTH-4291,Product & Design,OFFICE,PART_TIME,9,4.6,2,1.56,32.35,1.0,5,1,0.83,4,3,0.75,NONE,0
EMP-SYNTH-4292,Product & Design,REMOTE,CONTRACT,10,5.5,3,2.62,48.39,-1.0,0,0,0.0,2,0,0.0,FREQUENT,0
EMP-SYNTH-4293,Engineering,HYBRID,PART_TIME,2,4.5,4,3.86,77.61,-1.0,1,0,1.28,8,8,1.0,OCCASIONAL,0
EMP-SYNTH-4294,Growth & Marketing,OFFICE,FULL_TIME,3,3.2,3,2.57,52.97,0.0,5,1,0.52,4,4,1.0,FREQUENT,0
EMP-SYNTH-4295,Product & Design,REMOTE,CONTRACT,1,2.9,3,3.05,57.03,-1.0,6,1,2.49,4,3,0.75,NONE,0
EMP-SYNTH-4296,Growth & Marketing,OFFICE,CONTRACT,2,3.7,5,4.94,98.18,0.0,5,2,2.04,5,5,1.0,NONE,0
EMP-SYNTH-4297,Enterprise Sales,OFFICE,PART_TIME,4,0.6,3,3.2,61.62,0.5,3,3,1.11,8,1,0.12,OCCASIONAL,0
EMP-SYNTH-4298,Enterprise Sales,REMOTE,CONTRACT,2,9.6,2,2.06,38.71,-1.0,6,1,1.3,1,1,1.0,NONE,1
EMP-SYNTH-4299,Product & Design,REMOTE,FULL_TIME,3,9.9,2,2.46,52.15,0.0,2,0,2.84,6,5,0.83,OCCASIONAL,0
EMP-SYNTH-4300,Product & Design,OFFICE,PART_TIME,1,9.5,3,2.51,50.39,1.0,1,0,1.99,4,1,0.25,NONE,0
EMP-SYNTH-4301,Enterprise Sales,HYBRID,CONTRACT,2,8.5,3,3.36,68.36,0.5,4,3,0.99,1,0,0.0,NONE,1
EMP-SYNTH-4302,Engineering,HYBRID,PART_TIME,8,6.5,2,1.95,36.61,0.5,5,0,1.27,7,1,0.14,OCCASIONAL,1
EMP-SYNTH-4303,Product & Design,REMOTE,CONTRACT,1,8.3,3,2.93,58.52,0.5,4,2,0.35,6,4,0.67,NONE,1
EMP-SYNTH-4304,Product & Design,OFFICE,PART_TIME,9,4.7,4,4.31,81.86,0.0,2,2,0.25,5,0,0.0,OCCASIONAL,0
EMP-SYNTH-4305,Growth & Marketing,HYBRID,PART_TIME,6,1.5,3,3.14,58.6,1.0,6,3,2.95,8,7,0.88,NONE,0
EMP-SYNTH-4306,Growth & Marketing,REMOTE,FULL_TIME,5,7.6,3,2.91,56.95,1.0,0,0,0.0,5,2,0.4,NONE,1
EMP-SYNTH-4307,Human Resources,OFFICE,FULL_TIME,4,9.2,3,2.68,52.45,-0.5,4,3,1.76,5,3,0.6,NONE,1
EMP-SYNTH-4308,Growth & Marketing,REMOTE,CONTRACT,1,1.0,3,3.48,68.08,1.0,1,0,2.2,0,0,0.0,NONE,0
EMP-SYNTH-4309,Growth & Marketing,REMOTE,PART_TIME,10,8.3,2,1.7,30.15,0.0,5,3,1.18,0,0,0.0,NONE,0
EMP-SYNTH-4310,Human Resources,HYBRID,CONTRACT,3,10.9,5,4.65,95.81,0.5,6,2,0.61,6,1,0.17,NONE,0
EMP-SYNTH-4311,Engineering,HYBRID,PART_TIME,9,10.3,2,2.22,40.69,-0.5,6,0,1.3,7,5,0.71,OCCASIONAL,1
EMP-SYNTH-4312,Product & Design,HYBRID,CONTRACT,4,11.6,3,2.82,53.82,0.0,2,2,2.69,8,8,1.0,NONE,0
EMP-SYNTH-4313,Engineering,HYBRID,CONTRACT,9,9.9,3,3.02,63.95,-1.0,2,2,2.07,7,2,0.29,FREQUENT,1
EMP-SYNTH-4314,Growth & Marketing,OFFICE,PART_TIME,2,5.4,5,5.0,99.52,0.5,4,0,0.11,7,2,0.29,NONE,0
EMP-SYNTH-4315,Human Resources,HYBRID,PART_TIME,9,11.3,3,2.67,50.54,0.0,4,3,0.01,8,7,0.88,OCCASIONAL,0
EMP-SYNTH-4316,Human Resources,HYBRID,CONTRACT,3,11.8,3,2.59,56.03,-0.5,4,1,2.43,1,0,0.0,NONE,1
EMP-SYNTH-4317,Enterprise Sales,REMOTE,PART_TIME,5,9.9,1,1.0,22.3,1.0,5,2,0.44,0,0,0.0,NONE,1
EMP-SYNTH-4318,Engineering,HYBRID,FULL_TIME,4,9.4,2,2.41,44.25,0.5,6,1,2.64,5,5,1.0,OCCASIONAL,0
EMP-SYNTH-4319,Product & Design,OFFICE,PART_TIME,3,11.1,4,4.19,84.79,1.0,3,2,3.0,1,1,1.0,OCCASIONAL,0
EMP-SYNTH-4320,Product & Design,REMOTE,PART_TIME,8,3.5,4,3.67,70.11,0.5,3,2,0.5,5,0,0.0,OCCASIONAL,0
EMP-SYNTH-4321,Enterprise Sales,REMOTE,CONTRACT,2,11.2,5,5.0,102.82,0.0,1,1,1.09,8,8,1.0,OCCASIONAL,0
EMP-SYNTH-4322,Enterprise Sales,REMOTE,FULL_TIME,3,3.6,1,1.0,21.68,-1.0,1,1,2.11,1,0,0.0,NONE,0
EMP-SYNTH-4323,Enterprise Sales,OFFICE,CONTRACT,7,2.6,2,2.08,44.76,0.5,5,1,1.23,2,0,0.0,OCCASIONAL,0
EMP-SYNTH-4324,Engineering,OFFICE,FULL_TIME,7,2.7,4,3.57,66.75,0.5,1,1,0.77,2,2,1.0,OCCASIONAL,0
EMP-SYNTH-4325,Product & Design,OFFICE,PART_TIME,6,9.7,4,4.2,81.85,0.5,6,3,2.24,7,2,0.29,OCCASIONAL,0
EMP-SYNTH-4326,Human Resources,REMOTE,PART_TIME,4,1.3,4,4.07,76.77,-1.0,2,1,1.17,0,0,0.0,OCCASIONAL,0
EMP-SYNTH-4327,Product & Design,REMOTE,PART_TIME,6,6.0,3,2.58,50.96,0.0,1,1,2.09,1,1,1.0,NONE,0
EMP-SYNTH-4328,Engineering,REMOTE,PART_TIME,9,9.4,4,4.47,91.04,0.0,4,1,2.48,0,0,0.0,NONE,0
EMP-SYNTH-4329,Human Resources,HYBRID,FULL_TIME,10,3.9,3,3.35,64.2,0.0,1,1,1.47,6,5,0.83,OCCASIONAL,0
EMP-SYNTH-4330,Human Resources,OFFICE,CONTRACT,8,9.7,4,3.92,82.24,-1.0,6,0,0.84,8,5,0.62,NONE,0
EMP-SYNTH-4331,Product & Design,OFFICE,CONTRACT,4,7.8,4,4.4,90.14,0.0,3,2,1.22,6,1,0.17,FREQUENT,0
EMP-SYNTH-4332,Engineering,OFFICE,FULL_TIME,1,4.9,3,3.43,68.54,1.0,4,3,1.86,7,5,0.71,OCCASIONAL,0
EMP-SYNTH-4333,Enterprise Sales,REMOTE,CONTRACT,5,4.9,3,2.88,61.96,0.0,4,0,0.66,8,1,0.12,OCCASIONAL,0
EMP-SYNTH-4334,Product & Design,OFFICE,FULL_TIME,3,4.0,2,1.61,37.14,0.0,5,2,0.6,2,2,1.0,OCCASIONAL,0
EMP-SYNTH-4335,Product & Design,HYBRID,PART_TIME,3,1.9,3,2.51,48.04,0.5,1,1,2.83,0,0,0.0,OCCASIONAL,0
EMP-SYNTH-4336,Growth & Marketing,HYBRID,FULL_TIME,7,4.7,4,3.9,73.57,0.5,5,0,1.61,3,3,1.0,OCCASIONAL,0
EMP-SYNTH-4337,Product & Design,OFFICE,PART_TIME,8,7.1,1,1.0,24.9,-0.5,6,2,0.27,8,0,0.0,OCCASIONAL,1
EMP-SYNTH-4338,Growth & Marketing,REMOTE,FULL_TIME,4,12.0,3,3.46,65.32,0.0,2,0,0.38,4,1,0.25,FREQUENT,1
EMP-SYNTH-4339,Human Resources,HYBRID,FULL_TIME,9,4.3,3,3.44,73.71,-1.0,1,0,1.08,5,4,0.8,FREQUENT,1
EMP-SYNTH-4340,Growth & Marketing,OFFICE,CONTRACT,2,7.5,3,2.93,56.98,-0.5,3,0,0.35,1,0,0.0,FREQUENT,0
EMP-SYNTH-4341,Enterprise Sales,OFFICE,FULL_TIME,3,6.8,4,3.65,71.55,0.5,1,1,0.21,4,2,0.5,FREQUENT,0
EMP-SYNTH-4342,Growth & Marketing,OFFICE,FULL_TIME,7,4.4,3,3.36,67.65,-1.0,0,0,0.0,6,4,0.67,OCCASIONAL,0
EMP-SYNTH-4343,Human Resources,REMOTE,FULL_TIME,2,6.2,3,2.67,52.15,0.5,6,2,1.05,3,2,0.67,OCCASIONAL,0
EMP-SYNTH-4344,Enterprise Sales,OFFICE,FULL_TIME,4,8.1,2,1.7,37.62,-1.0,5,1,0.93,4,3,0.75,OCCASIONAL,1
EMP-SYNTH-4345,Enterprise Sales,OFFICE,PART_TIME,2,11.5,5,5.0,104.73,-1.0,2,0,1.78,4,0,0.0,OCCASIONAL,1
EMP-SYNTH-4346,Product & Design,REMOTE,PART_TIME,2,8.5,1,1.22,24.93,0.5,4,2,0.77,7,5,0.71,NONE,0
EMP-SYNTH-4347,Growth & Marketing,OFFICE,CONTRACT,1,0.8,3,2.61,49.22,1.0,1,1,0.71,3,3,1.0,FREQUENT,0
EMP-SYNTH-4348,Product & Design,OFFICE,PART_TIME,1,8.2,3,2.85,55.68,-0.5,2,1,0.78,3,3,1.0,FREQUENT,1
EMP-SYNTH-4349,Enterprise Sales,OFFICE,FULL_TIME,4,10.8,4,4.27,85.26,-1.0,2,0,1.44,3,0,0.0,FREQUENT,1
EMP-SYNTH-4350,Human Resources,HYBRID,CONTRACT,9,4.1,5,4.75,94.26,0.0,1,0,2.74,3,3,1.0,FREQUENT,0
EMP-SYNTH-4351,Human Resources,HYBRID,PART_TIME,7,3.3,3,2.96,57.28,-1.0,0,0,0.0,2,0,0.0,OCCASIONAL,0
EMP-SYNTH-4352,Growth & Marketing,HYBRID,FULL_TIME,10,3.1,3,3.4,72.86,0.5,6,1,2.73,8,8,1.0,NONE,0
EMP-SYNTH-4353,Product & Design,REMOTE,CONTRACT,10,9.2,3,2.79,52.56,1.0,3,2,0.92,7,0,0.0,OCCASIONAL,0
EMP-SYNTH-4354,Human Resources,REMOTE,CONTRACT,9,11.7,2,2.35,49.94,0.0,6,2,2.79,3,2,0.67,NONE,1
EMP-SYNTH-4355,Enterprise Sales,HYBRID,PART_TIME,5,3.0,3,3.09,59.03,0.5,3,0,1.18,2,1,0.5,NONE,0
EMP-SYNTH-4356,Growth & Marketing,OFFICE,PART_TIME,3,7.2,3,3.2,64.02,1.0,3,2,1.06,4,2,0.5,OCCASIONAL,0
EMP-SYNTH-4357,Engineering,OFFICE,PART_TIME,2,8.0,4,4.04,80.84,0.0,2,2,0.55,4,4,1.0,NONE,0
EMP-SYNTH-4358,Enterprise Sales,REMOTE,CONTRACT,5,6.5,5,4.63,92.55,0.5,5,2,1.81,1,1,1.0,NONE,0
EMP-SYNTH-4359,Human Resources,REMOTE,CONTRACT,5,8.3,3,3.08,57.79,0.5,2,1,0.13,1,1,1.0,OCCASIONAL,0
EMP-SYNTH-4360,Human Resources,OFFICE,FULL_TIME,10,9.5,2,2.15,41.53,0.5,1,1,2.06,2,1,0.5,NONE,0
EMP-SYNTH-4361,Growth & Marketing,OFFICE,CONTRACT,6,4.2,5,5.0,104.26,0.5,4,2,0.35,1,1,1.0,OCCASIONAL,0
EMP-SYNTH-4362,Product & Design,REMOTE,CONTRACT,7,9.1,4,3.89,74.04,0.5,1,1,0.07,7,0,0.0,FREQUENT,0
EMP-SYNTH-4363,Human Resources,OFFICE,CONTRACT,2,8.0,2,1.52,33.26,-0.5,0,0,0.0,0,0,0.0,OCCASIONAL,0
EMP-SYNTH-4364,Growth & Marketing,HYBRID,PART_TIME,8,11.8,4,3.83,77.82,1.0,3,1,2.11,5,1,0.2,OCCASIONAL,0
EMP-SYNTH-4365,Engineering,REMOTE,CONTRACT,9,7.0,2,2.32,45.03,-1.0,6,2,2.33,5,1,0.2,NONE,1
EMP-SYNTH-4366,Enterprise Sales,OFFICE,FULL_TIME,6,7.8,4,3.78,76.2,0.0,2,1,0.41,0,0,0.0,OCCASIONAL,0
EMP-SYNTH-4367,Growth & Marketing,HYBRID,CONTRACT,3,10.2,4,4.08,78.46,0.5,5,3,1.34,3,2,0.67,FREQUENT,0
EMP-SYNTH-4368,Engineering,HYBRID,CONTRACT,4,2.2,2,2.13,42.0,0.5,6,2,2.9,5,3,0.6,OCCASIONAL,0
EMP-SYNTH-4369,Human Resources,OFFICE,PART_TIME,6,8.0,2,2.35,43.26,0.0,5,3,1.91,7,4,0.57,FREQUENT,1
EMP-SYNTH-4370,Product & Design,REMOTE,FULL_TIME,4,7.9,3,2.89,62.36,0.5,3,0,0.38,8,7,0.88,NONE,0
EMP-SYNTH-4371,Enterprise Sales,REMOTE,PART_TIME,5,10.9,1,1.0,22.65,0.5,5,3,1.0,5,1,0.2,NONE,0
EMP-SYNTH-4372,Enterprise Sales,HYBRID,FULL_TIME,8,2.3,3,2.92,53.5,0.0,0,0,0.0,5,4,0.8,FREQUENT,0
EMP-SYNTH-4373,Human Resources,HYBRID,CONTRACT,1,10.2,3,2.98,60.49,0.0,5,3,0.77,0,0,0.0,FREQUENT,0
EMP-SYNTH-4374,Product & Design,OFFICE,PART_TIME,8,8.1,2,1.67,31.6,0.0,3,0,0.29,5,5,1.0,OCCASIONAL,0
EMP-SYNTH-4375,Human Resources,REMOTE,PART_TIME,1,9.6,5,5.0,101.8,-0.5,0,0,0.0,5,4,0.8,NONE,1
EMP-SYNTH-4376,Growth & Marketing,HYBRID,FULL_TIME,10,4.5,2,2.27,46.78,0.0,5,0,1.06,2,0,0.0,NONE,1
EMP-SYNTH-4377,Product & Design,REMOTE,FULL_TIME,9,7.0,1,1.3,25.8,-1.0,5,1,1.46,6,3,0.5,OCCASIONAL,1
EMP-SYNTH-4378,Engineering,REMOTE,FULL_TIME,7,1.1,3,3.38,69.72,0.0,0,0,0.0,1,0,0.0,FREQUENT,0
EMP-SYNTH-4379,Human Resources,OFFICE,PART_TIME,5,0.8,4,3.6,69.94,0.0,0,0,0.0,0,0,0.0,NONE,0
EMP-SYNTH-4380,Human Resources,REMOTE,FULL_TIME,2,5.7,4,4.36,86.53,0.0,5,2,0.47,4,0,0.0,NONE,0
EMP-SYNTH-4381,Human Resources,REMOTE,FULL_TIME,5,10.6,4,3.6,71.15,0.5,4,1,2.62,6,2,0.33,FREQUENT,0
EMP-SYNTH-4382,Human Resources,REMOTE,FULL_TIME,9,2.9,5,5.0,101.16,0.5,4,2,1.22,6,4,0.67,OCCASIONAL,0
EMP-SYNTH-4383,Product & Design,REMOTE,PART_TIME,5,5.5,5,5.0,103.78,0.5,2,1,1.7,6,2,0.33,FREQUENT,0
EMP-SYNTH-4384,Human Resources,HYBRID,PART_TIME,5,10.5,4,4.48,92.34,0.5,2,2,0.65,7,4,0.57,OCCASIONAL,0
EMP-SYNTH-4385,Enterprise Sales,HYBRID,CONTRACT,5,7.4,4,4.24,81.49,-0.5,0,0,0.0,7,1,0.14,OCCASIONAL,0
EMP-SYNTH-4386,Engineering,HYBRID,PART_TIME,3,6.9,1,1.0,15.76,-0.5,3,3,2.51,1,0,0.0,FREQUENT,1
EMP-SYNTH-4387,Engineering,HYBRID,PART_TIME,10,6.7,4,4.26,84.93,-1.0,0,0,0.0,0,0,0.0,OCCASIONAL,0
EMP-SYNTH-4388,Product & Design,REMOTE,PART_TIME,5,3.4,4,3.73,79.51,1.0,1,1,1.22,2,0,0.0,FREQUENT,0
EMP-SYNTH-4389,Engineering,HYBRID,PART_TIME,6,1.4,4,3.51,67.93,1.0,5,1,1.21,8,2,0.25,NONE,0
EMP-SYNTH-4390,Product & Design,REMOTE,FULL_TIME,1,10.3,1,1.5,30.42,0.5,5,3,1.93,4,0,0.0,OCCASIONAL,1
EMP-SYNTH-4391,Human Resources,REMOTE,CONTRACT,3,2.3,3,2.83,61.11,0.5,5,1,0.23,4,4,1.0,NONE,0
EMP-SYNTH-4392,Engineering,HYBRID,FULL_TIME,8,2.8,3,3.36,71.62,-1.0,4,0,0.71,7,7,1.0,NONE,0
EMP-SYNTH-4393,Engineering,OFFICE,FULL_TIME,3,9.9,3,3.31,69.03,1.0,2,2,0.66,5,4,0.8,OCCASIONAL,0
EMP-SYNTH-4394,Engineering,HYBRID,CONTRACT,10,3.7,4,3.99,84.03,0.0,6,3,0.4,7,1,0.14,NONE,1
EMP-SYNTH-4395,Growth & Marketing,HYBRID,FULL_TIME,2,9.2,4,3.55,69.78,1.0,0,0,0.0,5,2,0.4,FREQUENT,0
EMP-SYNTH-4396,Enterprise Sales,OFFICE,CONTRACT,3,4.7,4,4.41,87.26,1.0,3,3,2.15,2,1,0.5,OCCASIONAL,0
EMP-SYNTH-4397,Growth & Marketing,REMOTE,CONTRACT,1,10.8,5,5.0,96.76,1.0,3,1,2.86,7,2,0.29,NONE,0
EMP-SYNTH-4398,Engineering,OFFICE,FULL_TIME,7,10.3,4,4.32,89.56,-0.5,4,3,2.02,6,4,0.67,FREQUENT,1
EMP-SYNTH-4399,Human Resources,REMOTE,FULL_TIME,5,2.4,3,2.56,54.28,-0.5,3,2,2.21,4,2,0.5,OCCASIONAL,1
EMP-SYNTH-4400,Enterprise Sales,HYBRID,PART_TIME,10,4.3,3,3.11,65.03,-0.5,1,0,1.87,3,1,0.33,FREQUENT,0
EMP-SYNTH-4401,Engineering,REMOTE,CONTRACT,3,1.6,4,4.5,88.0,1.0,4,2,1.25,5,5,1.0,NONE,0
EMP-SYNTH-4402,Product & Design,OFFICE,CONTRACT,5,12.0,2,2.43,44.52,1.0,5,3,2.3,4,0,0.0,OCCASIONAL,1
EMP-SYNTH-4403,Engineering,OFFICE,FULL_TIME,4,3.0,3,2.76,58.56,0.0,2,0,0.35,0,0,0.0,FREQUENT,0
EMP-SYNTH-4404,Growth & Marketing,OFFICE,PART_TIME,9,9.3,3,3.42,70.93,1.0,4,0,1.88,0,0,0.0,OCCASIONAL,0
EMP-SYNTH-4405,Human Resources,REMOTE,FULL_TIME,1,6.0,3,3.46,69.81,1.0,3,3,0.44,6,6,1.0,FREQUENT,0
EMP-SYNTH-4406,Enterprise Sales,REMOTE,FULL_TIME,5,7.6,4,4.02,85.01,0.0,0,0,0.0,5,5,1.0,NONE,0
EMP-SYNTH-4407,Engineering,HYBRID,CONTRACT,9,4.2,3,2.57,49.31,0.0,2,0,1.31,7,2,0.29,NONE,0
EMP-SYNTH-4408,Growth & Marketing,REMOTE,FULL_TIME,7,1.6,2,1.92,34.0,0.5,3,1,2.57,7,2,0.29,NONE,1
EMP-SYNTH-4409,Engineering,REMOTE,CONTRACT,9,8.0,3,2.76,50.98,-0.5,1,1,1.66,6,1,0.17,OCCASIONAL,0
EMP-SYNTH-4410,Engineering,OFFICE,CONTRACT,4,10.7,4,4.48,91.02,0.0,4,0,2.0,3,1,0.33,NONE,0
EMP-SYNTH-4411,Product & Design,HYBRID,FULL_TIME,9,6.2,3,3.42,63.43,0.0,3,0,0.08,1,0,0.0,OCCASIONAL,0
EMP-SYNTH-4412,Engineering,HYBRID,CONTRACT,9,10.4,4,3.59,72.92,1.0,1,1,0.97,6,3,0.5,NONE,0
EMP-SYNTH-4413,Product & Design,REMOTE,FULL_TIME,2,6.9,3,3.06,64.95,-0.5,6,3,0.9,3,3,1.0,FREQUENT,1
EMP-SYNTH-4414,Product & Design,OFFICE,PART_TIME,7,10.6,5,5.0,104.64,1.0,0,0,0.0,4,0,0.0,OCCASIONAL,0
EMP-SYNTH-4415,Human Resources,OFFICE,FULL_TIME,2,9.6,4,4.12,85.3,-0.5,4,3,0.62,0,0,0.0,NONE,1
EMP-SYNTH-4416,Growth & Marketing,HYBRID,CONTRACT,10,9.5,4,4.45,86.27,1.0,3,2,1.31,4,0,0.0,NONE,0
EMP-SYNTH-4417,Growth & Marketing,HYBRID,CONTRACT,6,2.1,3,3.47,67.78,0.0,5,0,0.58,6,2,0.33,FREQUENT,0
EMP-SYNTH-4418,Human Resources,OFFICE,PART_TIME,9,10.4,5,5.0,98.61,1.0,1,1,0.97,4,1,0.25,NONE,0
EMP-SYNTH-4419,Growth & Marketing,REMOTE,FULL_TIME,5,1.5,3,2.89,54.83,0.0,2,2,2.32,1,0,0.0,NONE,0
EMP-SYNTH-4420,Human Resources,OFFICE,CONTRACT,7,1.6,4,4.4,84.08,-1.0,5,1,1.48,3,3,1.0,OCCASIONAL,0
EMP-SYNTH-4421,Growth & Marketing,OFFICE,PART_TIME,3,9.0,2,1.71,37.89,1.0,5,1,2.22,2,0,0.0,NONE,1
EMP-SYNTH-4422,Engineering,HYBRID,PART_TIME,4,8.1,1,1.0,20.7,-0.5,1,0,1.8,1,0,0.0,FREQUENT,1
EMP-SYNTH-4423,Growth & Marketing,OFFICE,PART_TIME,10,7.0,5,4.92,102.69,-0.5,0,0,0.0,8,6,0.75,FREQUENT,1
EMP-SYNTH-4424,Engineering,HYBRID,FULL_TIME,5,3.2,4,4.42,89.84,0.5,3,1,2.95,3,2,0.67,FREQUENT,0
EMP-SYNTH-4425,Growth & Marketing,OFFICE,CONTRACT,9,6.5,4,3.99,84.31,0.5,3,0,1.37,8,7,0.88,FREQUENT,0
EMP-SYNTH-4426,Enterprise Sales,REMOTE,CONTRACT,3,11.2,4,4.44,89.1,1.0,5,3,0.82,4,0,0.0,FREQUENT,0
EMP-SYNTH-4427,Growth & Marketing,OFFICE,PART_TIME,8,0.8,2,1.54,30.65,0.0,2,0,2.39,2,2,1.0,OCCASIONAL,0
EMP-SYNTH-4428,Engineering,REMOTE,CONTRACT,7,6.7,3,3.35,64.07,0.0,1,0,1.01,6,2,0.33,FREQUENT,0
EMP-SYNTH-4429,Enterprise Sales,REMOTE,PART_TIME,9,8.8,2,1.55,28.46,0.0,4,2,2.66,4,2,0.5,NONE,0
EMP-SYNTH-4430,Human Resources,HYBRID,FULL_TIME,7,2.7,3,3.18,59.18,1.0,0,0,0.0,7,5,0.71,FREQUENT,0
EMP-SYNTH-4431,Enterprise Sales,REMOTE,FULL_TIME,5,4.0,3,2.87,59.07,0.5,0,0,0.0,7,1,0.14,NONE,0
EMP-SYNTH-4432,Engineering,REMOTE,FULL_TIME,3,2.4,3,3.14,66.74,0.5,3,0,1.13,5,4,0.8,OCCASIONAL,0
EMP-SYNTH-4433,Product & Design,OFFICE,FULL_TIME,10,9.5,5,4.52,92.12,0.0,1,1,0.06,4,4,1.0,FREQUENT,0
EMP-SYNTH-4434,Enterprise Sales,HYBRID,FULL_TIME,9,1.8,3,2.94,56.96,0.0,4,1,1.3,3,3,1.0,FREQUENT,0
EMP-SYNTH-4435,Engineering,HYBRID,FULL_TIME,9,7.2,3,3.44,66.14,-1.0,1,1,1.07,0,0,0.0,OCCASIONAL,0
EMP-SYNTH-4436,Product & Design,OFFICE,FULL_TIME,5,11.2,3,3.18,59.14,0.0,2,0,0.33,3,1,0.33,NONE,0
EMP-SYNTH-4437,Product & Design,OFFICE,PART_TIME,2,11.8,3,2.63,54.44,1.0,2,2,2.82,3,0,0.0,FREQUENT,1
EMP-SYNTH-4438,Product & Design,OFFICE,FULL_TIME,7,10.8,4,3.55,69.32,0.5,6,2,2.9,2,1,0.5,NONE,0
EMP-SYNTH-4439,Human Resources,OFFICE,FULL_TIME,1,5.6,5,5.0,102.06,0.0,3,3,1.54,8,4,0.5,OCCASIONAL,0
EMP-SYNTH-4440,Product & Design,OFFICE,FULL_TIME,2,1.5,3,3.37,64.13,-0.5,3,1,2.23,0,0,0.0,FREQUENT,1
EMP-SYNTH-4441,Growth & Marketing,OFFICE,CONTRACT,10,5.5,4,4.22,80.48,-1.0,6,1,1.39,5,5,1.0,NONE,0
EMP-SYNTH-4442,Growth & Marketing,REMOTE,PART_TIME,3,9.0,3,2.64,51.95,-0.5,2,0,2.39,4,3,0.75,NONE,0
EMP-SYNTH-4443,Product & Design,REMOTE,PART_TIME,2,6.6,4,4.03,81.97,-0.5,2,1,1.42,3,3,1.0,OCCASIONAL,0
EMP-SYNTH-4444,Enterprise Sales,OFFICE,CONTRACT,5,11.3,4,4.1,79.02,1.0,5,0,1.33,2,0,0.0,NONE,0
EMP-SYNTH-4445,Enterprise Sales,REMOTE,PART_TIME,2,8.4,4,3.83,74.3,-0.5,6,1,1.32,7,7,1.0,FREQUENT,1
EMP-SYNTH-4446,Engineering,REMOTE,PART_TIME,6,11.0,3,3.4,63.84,0.0,2,0,0.45,5,4,0.8,NONE,0
EMP-SYNTH-4447,Enterprise Sales,OFFICE,FULL_TIME,9,5.8,3,2.84,54.4,0.5,2,0,2.53,4,1,0.25,NONE,0
EMP-SYNTH-4448,Growth & Marketing,HYBRID,CONTRACT,10,8.5,3,2.96,61.3,-1.0,5,3,2.15,6,5,0.83,OCCASIONAL,0
EMP-SYNTH-4449,Growth & Marketing,OFFICE,PART_TIME,10,9.0,3,3.04,65.17,0.0,5,0,2.6,7,0,0.0,FREQUENT,0
EMP-SYNTH-4450,Growth & Marketing,HYBRID,PART_TIME,3,9.9,3,3.4,68.76,-0.5,5,1,1.56,0,0,0.0,NONE,1
EMP-SYNTH-4451,Enterprise Sales,OFFICE,CONTRACT,1,6.3,2,2.11,45.1,-0.5,5,3,0.78,6,3,0.5,OCCASIONAL,1
EMP-SYNTH-4452,Enterprise Sales,HYBRID,FULL_TIME,3,2.2,4,4.24,80.02,0.0,5,3,1.4,8,8,1.0,FREQUENT,0
EMP-SYNTH-4453,Product & Design,HYBRID,PART_TIME,1,9.1,4,4.08,79.22,0.0,1,0,0.09,8,2,0.25,NONE,0
EMP-SYNTH-4454,Enterprise Sales,OFFICE,CONTRACT,3,10.3,3,3.18,65.19,-1.0,6,0,0.74,7,2,0.29,FREQUENT,1
EMP-SYNTH-4455,Product & Design,HYBRID,FULL_TIME,9,6.8,3,2.53,52.98,0.5,3,3,0.95,3,2,0.67,NONE,0
EMP-SYNTH-4456,Engineering,OFFICE,FULL_TIME,1,6.1,2,2.36,50.17,1.0,4,0,0.99,0,0,0.0,NONE,0
EMP-SYNTH-4457,Human Resources,REMOTE,CONTRACT,1,3.2,4,4.5,85.84,1.0,6,1,1.39,0,0,0.0,OCCASIONAL,0
EMP-SYNTH-4458,Enterprise Sales,REMOTE,FULL_TIME,10,9.9,3,3.35,65.27,-1.0,3,1,0.53,0,0,0.0,FREQUENT,1
EMP-SYNTH-4459,Growth & Marketing,OFFICE,PART_TIME,3,9.7,3,3.18,65.79,-1.0,1,0,1.88,1,0,0.0,FREQUENT,0
EMP-SYNTH-4460,Enterprise Sales,OFFICE,CONTRACT,2,7.2,3,2.5,52.53,0.0,2,0,1.12,1,0,0.0,FREQUENT,0
EMP-SYNTH-4461,Human Resources,OFFICE,FULL_TIME,5,1.8,4,4.37,89.85,0.5,2,0,0.23,2,0,0.0,NONE,0
EMP-SYNTH-4462,Engineering,OFFICE,PART_TIME,10,7.8,2,2.22,42.55,0.5,0,0,0.0,2,1,0.5,NONE,1
EMP-SYNTH-4463,Product & Design,OFFICE,FULL_TIME,3,1.6,3,3.44,69.98,0.0,6,0,0.16,1,1,1.0,NONE,0
EMP-SYNTH-4464,Engineering,REMOTE,PART_TIME,8,6.3,3,3.16,59.99,1.0,4,0,2.4,3,2,0.67,NONE,0
EMP-SYNTH-4465,Growth & Marketing,HYBRID,CONTRACT,2,7.7,3,3.44,71.68,-1.0,3,3,0.72,1,0,0.0,NONE,0
EMP-SYNTH-4466,Human Resources,HYBRID,FULL_TIME,7,8.4,5,4.58,89.52,-1.0,2,2,2.93,8,8,1.0,NONE,1
EMP-SYNTH-4467,Engineering,REMOTE,CONTRACT,6,4.9,2,2.13,43.9,0.5,4,1,1.9,7,3,0.43,OCCASIONAL,0
EMP-SYNTH-4468,Growth & Marketing,OFFICE,PART_TIME,8,2.0,5,5.0,96.26,1.0,5,2,1.14,6,5,0.83,FREQUENT,0
EMP-SYNTH-4469,Enterprise Sales,HYBRID,PART_TIME,2,10.6,3,3.45,64.72,-0.5,3,2,2.41,0,0,0.0,NONE,1
EMP-SYNTH-4470,Enterprise Sales,OFFICE,CONTRACT,4,3.4,4,3.81,77.5,0.0,6,0,1.37,3,0,0.0,OCCASIONAL,0
EMP-SYNTH-4471,Growth & Marketing,REMOTE,PART_TIME,9,5.9,3,2.94,54.96,-0.5,6,0,2.13,2,2,1.0,NONE,0
EMP-SYNTH-4472,Engineering,REMOTE,FULL_TIME,3,5.1,2,2.36,50.06,0.5,5,2,0.96,0,0,0.0,OCCASIONAL,1
EMP-SYNTH-4473,Enterprise Sales,HYBRID,PART_TIME,3,2.4,4,3.76,71.35,-1.0,3,0,0.87,8,2,0.25,FREQUENT,0
EMP-SYNTH-4474,Enterprise Sales,OFFICE,CONTRACT,7,4.0,4,4.18,87.03,-0.5,4,0,0.51,8,1,0.12,OCCASIONAL,0
EMP-SYNTH-4475,Human Resources,OFFICE,CONTRACT,6,3.1,3,3.32,61.61,1.0,1,1,1.8,8,8,1.0,FREQUENT,0
EMP-SYNTH-4476,Human Resources,OFFICE,PART_TIME,6,8.4,1,1.0,17.59,0.5,4,0,2.95,4,2,0.5,NONE,0
EMP-SYNTH-4477,Product & Design,HYBRID,CONTRACT,7,4.6,4,3.86,78.04,0.0,5,2,2.1,5,0,0.0,OCCASIONAL,1
EMP-SYNTH-4478,Product & Design,HYBRID,PART_TIME,10,8.9,4,4.25,80.17,0.0,2,1,1.1,1,0,0.0,FREQUENT,0
EMP-SYNTH-4479,Human Resources,OFFICE,FULL_TIME,8,10.7,3,2.78,59.51,0.0,2,0,0.55,8,3,0.38,NONE,0
EMP-SYNTH-4480,Growth & Marketing,REMOTE,CONTRACT,3,5.5,5,5.0,101.0,0.0,5,1,0.01,4,4,1.0,OCCASIONAL,0
EMP-SYNTH-4481,Product & Design,OFFICE,PART_TIME,5,11.7,3,3.17,65.5,-1.0,3,1,1.64,2,2,1.0,FREQUENT,1
EMP-SYNTH-4482,Product & Design,HYBRID,PART_TIME,3,4.5,2,1.62,36.5,0.5,5,2,1.14,3,0,0.0,NONE,1
EMP-SYNTH-4483,Enterprise Sales,REMOTE,CONTRACT,6,5.0,4,3.93,75.83,-1.0,5,2,2.46,3,1,0.33,OCCASIONAL,0
EMP-SYNTH-4484,Engineering,REMOTE,CONTRACT,5,0.6,4,4.13,85.97,0.0,5,3,1.7,1,1,1.0,OCCASIONAL,0
EMP-SYNTH-4485,Enterprise Sales,OFFICE,CONTRACT,10,11.5,2,2.0,42.22,0.5,3,1,1.11,7,7,1.0,OCCASIONAL,0
EMP-SYNTH-4486,Engineering,REMOTE,CONTRACT,7,8.4,4,4.4,87.02,-1.0,3,1,0.73,5,2,0.4,FREQUENT,0
EMP-SYNTH-4487,Enterprise Sales,OFFICE,CONTRACT,2,1.5,3,3.32,66.0,0.0,4,1,1.85,2,1,0.5,FREQUENT,0
EMP-SYNTH-4488,Human Resources,REMOTE,CONTRACT,4,5.4,5,5.0,98.16,0.0,3,1,2.14,3,3,1.0,FREQUENT,0
EMP-SYNTH-4489,Product & Design,REMOTE,CONTRACT,5,1.3,4,3.72,71.87,1.0,0,0,0.0,0,0,0.0,FREQUENT,0
EMP-SYNTH-4490,Engineering,REMOTE,FULL_TIME,5,9.1,3,2.7,58.31,1.0,6,0,1.28,5,2,0.4,FREQUENT,0
EMP-SYNTH-4491,Growth & Marketing,HYBRID,PART_TIME,1,7.7,3,3.01,58.32,0.0,4,3,1.13,8,5,0.62,OCCASIONAL,0
EMP-SYNTH-4492,Engineering,OFFICE,CONTRACT,4,8.1,4,3.63,75.4,0.0,1,0,1.5,2,0,0.0,OCCASIONAL,0
EMP-SYNTH-4493,Human Resources,REMOTE,CONTRACT,6,11.8,3,2.73,55.67,0.0,5,0,2.79,2,1,0.5,FREQUENT,0
EMP-SYNTH-4494,Human Resources,REMOTE,CONTRACT,8,5.2,5,4.96,98.52,0.0,5,3,1.89,6,2,0.33,NONE,0
EMP-SYNTH-4495,Human Resources,OFFICE,CONTRACT,2,11.4,4,4.47,92.58,0.0,6,2,2.44,5,5,1.0,OCCASIONAL,0
EMP-SYNTH-4496,Growth & Marketing,OFFICE,CONTRACT,7,3.6,4,3.68,69.56,0.5,5,0,0.08,5,5,1.0,OCCASIONAL,0
EMP-SYNTH-4497,Growth & Marketing,OFFICE,PART_TIME,4,2.8,4,3.52,75.35,-0.5,5,1,2.25,5,3,0.6,OCCASIONAL,0
EMP-SYNTH-4498,Human Resources,OFFICE,PART_TIME,1,6.6,3,3.1,58.99,1.0,3,0,1.19,6,5,0.83,NONE,0
EMP-SYNTH-4499,Product & Design,HYBRID,PART_TIME,10,4.7,4,3.59,67.23,-0.5,0,0,0.0,5,4,0.8,OCCASIONAL,0
EMP-SYNTH-4500,Engineering,REMOTE,FULL_TIME,5,9.4,2,1.89,36.76,1.0,5,0,0.6,0,0,0.0,NONE,1
EMP-SYNTH-4501,Product & Design,REMOTE,PART_TIME,6,2.7,5,4.59,94.89,-1.0,2,2,2.36,8,8,1.0,NONE,0
EMP-SYNTH-4502,Product & Design,HYBRID,PART_TIME,9,8.7,3,3.03,65.55,1.0,6,0,0.51,3,3,1.0,NONE,0
EMP-SYNTH-4503,Human Resources,HYBRID,PART_TIME,10,9.2,3,3.19,62.18,0.0,6,2,2.06,5,4,0.8,FREQUENT,0
EMP-SYNTH-4504,Product & Design,HYBRID,CONTRACT,4,8.0,5,5.0,101.0,-0.5,3,0,2.3,5,5,1.0,OCCASIONAL,0
EMP-SYNTH-4505,Growth & Marketing,OFFICE,CONTRACT,6,8.9,3,2.73,51.74,0.0,0,0,0.0,8,1,0.12,OCCASIONAL,0
EMP-SYNTH-4506,Growth & Marketing,REMOTE,FULL_TIME,2,11.7,3,3.25,61.99,0.5,6,2,1.19,3,3,1.0,FREQUENT,0
EMP-SYNTH-4507,Product & Design,REMOTE,FULL_TIME,1,9.6,3,2.53,52.66,0.0,1,0,2.99,6,1,0.17,FREQUENT,0
EMP-SYNTH-4508,Enterprise Sales,OFFICE,FULL_TIME,4,3.5,2,1.87,36.87,-0.5,0,0,0.0,7,4,0.57,FREQUENT,1
EMP-SYNTH-4509,Human Resources,OFFICE,FULL_TIME,9,5.4,3,2.69,54.91,-0.5,6,3,0.1,4,2,0.5,OCCASIONAL,0
EMP-SYNTH-4510,Human Resources,OFFICE,PART_TIME,1,5.9,4,4.2,83.78,-1.0,6,3,0.12,6,3,0.5,OCCASIONAL,1
EMP-SYNTH-4511,Product & Design,OFFICE,PART_TIME,6,11.8,3,2.73,53.24,1.0,3,0,1.22,1,1,1.0,FREQUENT,0
EMP-SYNTH-4512,Human Resources,REMOTE,FULL_TIME,7,8.3,2,2.25,46.73,-0.5,5,1,0.64,2,0,0.0,NONE,1
EMP-SYNTH-4513,Human Resources,REMOTE,CONTRACT,3,5.4,3,2.73,59.45,0.5,0,0,0.0,0,0,0.0,OCCASIONAL,0
EMP-SYNTH-4514,Product & Design,OFFICE,FULL_TIME,7,2.2,4,3.84,77.07,-1.0,2,0,0.88,8,5,0.62,NONE,0
EMP-SYNTH-4515,Engineering,HYBRID,CONTRACT,9,8.8,4,4.08,77.33,-1.0,2,0,1.9,7,5,0.71,FREQUENT,0
EMP-SYNTH-4516,Product & Design,REMOTE,CONTRACT,8,5.4,4,4.03,81.76,-1.0,0,0,0.0,3,3,1.0,NONE,0
EMP-SYNTH-4517,Human Resources,HYBRID,CONTRACT,8,3.8,3,3.47,66.72,1.0,2,0,1.57,2,1,0.5,FREQUENT,0
EMP-SYNTH-4518,Product & Design,REMOTE,CONTRACT,3,6.9,3,3.01,64.7,1.0,2,0,0.29,4,1,0.25,FREQUENT,0
EMP-SYNTH-4519,Engineering,REMOTE,CONTRACT,8,10.2,3,3.23,67.05,0.5,4,1,0.02,1,1,1.0,NONE,0
EMP-SYNTH-4520,Enterprise Sales,REMOTE,PART_TIME,4,12.0,3,3.2,64.9,0.0,6,3,1.35,6,6,1.0,NONE,0
EMP-SYNTH-4521,Engineering,HYBRID,CONTRACT,3,6.0,3,2.74,59.6,0.0,2,2,2.48,8,4,0.5,FREQUENT,0
EMP-SYNTH-4522,Growth & Marketing,HYBRID,FULL_TIME,6,3.0,4,3.73,74.04,1.0,0,0,0.0,7,0,0.0,OCCASIONAL,0
EMP-SYNTH-4523,Enterprise Sales,HYBRID,PART_TIME,9,1.2,4,4.3,84.1,0.0,6,1,1.76,5,4,0.8,NONE,0
EMP-SYNTH-4524,Product & Design,HYBRID,FULL_TIME,9,5.7,3,2.67,54.91,0.5,1,0,2.32,0,0,0.0,FREQUENT,0
EMP-SYNTH-4525,Enterprise Sales,REMOTE,PART_TIME,7,9.8,4,4.3,81.66,0.0,6,0,1.15,7,1,0.14,OCCASIONAL,0
EMP-SYNTH-4526,Growth & Marketing,HYBRID,CONTRACT,5,11.6,4,4.22,79.7,0.0,3,1,2.64,6,1,0.17,OCCASIONAL,0
EMP-SYNTH-4527,Enterprise Sales,OFFICE,FULL_TIME,3,11.3,3,3.25,66.83,0.0,4,3,1.01,3,2,0.67,OCCASIONAL,0
EMP-SYNTH-4528,Enterprise Sales,OFFICE,CONTRACT,1,3.0,2,1.6,33.38,1.0,1,1,0.96,6,0,0.0,OCCASIONAL,0
EMP-SYNTH-4529,Product & Design,REMOTE,PART_TIME,10,11.5,4,3.8,73.66,1.0,0,0,0.0,1,1,1.0,FREQUENT,0
EMP-SYNTH-4530,Enterprise Sales,OFFICE,PART_TIME,10,7.8,3,3.42,68.25,-1.0,2,2,1.26,2,0,0.0,NONE,1
EMP-SYNTH-4531,Growth & Marketing,HYBRID,FULL_TIME,5,5.6,5,4.65,92.91,-0.5,1,1,0.57,7,5,0.71,FREQUENT,0
EMP-SYNTH-4532,Engineering,REMOTE,FULL_TIME,6,7.1,5,5.0,102.45,0.0,0,0,0.0,1,0,0.0,OCCASIONAL,0
EMP-SYNTH-4533,Enterprise Sales,REMOTE,CONTRACT,2,4.9,2,1.82,41.11,0.5,0,0,0.0,2,2,1.0,FREQUENT,1
EMP-SYNTH-4534,Enterprise Sales,OFFICE,FULL_TIME,9,9.1,2,1.66,30.51,1.0,2,2,2.05,0,0,0.0,OCCASIONAL,1
EMP-SYNTH-4535,Engineering,HYBRID,PART_TIME,4,4.3,3,3.23,67.07,0.0,2,2,1.92,5,5,1.0,OCCASIONAL,0
EMP-SYNTH-4536,Growth & Marketing,REMOTE,PART_TIME,5,2.3,1,1.11,20.82,0.0,4,1,1.51,6,3,0.5,FREQUENT,1
EMP-SYNTH-4537,Product & Design,REMOTE,CONTRACT,6,3.1,3,2.91,58.37,0.0,2,2,0.64,2,2,1.0,OCCASIONAL,0
EMP-SYNTH-4538,Human Resources,HYBRID,FULL_TIME,8,2.8,4,4.46,90.79,-1.0,4,0,1.8,4,2,0.5,OCCASIONAL,0
EMP-SYNTH-4539,Growth & Marketing,HYBRID,FULL_TIME,3,0.8,3,3.3,63.34,0.5,4,0,1.72,2,0,0.0,OCCASIONAL,0
EMP-SYNTH-4540,Enterprise Sales,REMOTE,PART_TIME,5,8.7,4,3.66,77.65,-1.0,6,1,0.04,5,1,0.2,FREQUENT,1
EMP-SYNTH-4541,Growth & Marketing,REMOTE,FULL_TIME,1,1.9,1,1.0,17.86,0.0,1,0,1.88,2,0,0.0,OCCASIONAL,0
EMP-SYNTH-4542,Human Resources,REMOTE,CONTRACT,3,10.1,5,5.0,104.18,0.0,3,2,0.78,6,5,0.83,FREQUENT,0
EMP-SYNTH-4543,Enterprise Sales,REMOTE,FULL_TIME,4,5.6,1,1.0,23.25,0.5,2,2,2.64,7,5,0.71,NONE,1
EMP-SYNTH-4544,Human Resources,REMOTE,PART_TIME,8,6.9,4,3.96,83.95,0.0,5,0,2.53,8,5,0.62,FREQUENT,0
EMP-SYNTH-4545,Enterprise Sales,HYBRID,FULL_TIME,2,8.8,3,3.32,62.21,0.5,3,2,2.75,8,1,0.12,OCCASIONAL,0
EMP-SYNTH-4546,Growth & Marketing,HYBRID,CONTRACT,3,3.2,3,3.02,55.97,1.0,3,0,1.73,7,1,0.14,OCCASIONAL,0
EMP-SYNTH-4547,Enterprise Sales,OFFICE,FULL_TIME,1,11.5,4,3.76,75.07,-1.0,6,2,0.13,5,3,0.6,FREQUENT,1
EMP-SYNTH-4548,Engineering,OFFICE,CONTRACT,1,10.7,5,5.0,103.76,0.0,3,1,1.77,0,0,0.0,OCCASIONAL,0
EMP-SYNTH-4549,Product & Design,OFFICE,FULL_TIME,8,9.7,3,2.95,60.49,-0.5,1,0,2.17,4,3,0.75,NONE,1
EMP-SYNTH-4550,Enterprise Sales,HYBRID,FULL_TIME,6,10.7,5,5.0,104.82,0.5,1,1,1.16,2,0,0.0,OCCASIONAL,0
EMP-SYNTH-4551,Human Resources,OFFICE,FULL_TIME,4,3.8,4,3.75,75.09,0.0,3,1,0.09,8,6,0.75,NONE,0
EMP-SYNTH-4552,Growth & Marketing,OFFICE,FULL_TIME,2,7.3,4,4.04,77.72,0.5,0,0,0.0,5,4,0.8,NONE,0
EMP-SYNTH-4553,Enterprise Sales,OFFICE,CONTRACT,5,5.6,5,5.0,100.29,-0.5,2,1,2.06,1,1,1.0,FREQUENT,0
EMP-SYNTH-4554,Growth & Marketing,OFFICE,CONTRACT,3,2.8,2,2.02,41.83,-0.5,4,1,2.11,7,5,0.71,OCCASIONAL,1
EMP-SYNTH-4555,Engineering,OFFICE,PART_TIME,8,1.1,5,4.79,93.61,0.0,5,2,1.46,5,1,0.2,NONE,0
EMP-SYNTH-4556,Human Resources,REMOTE,PART_TIME,1,9.8,1,1.35,29.25,0.0,4,0,0.83,1,0,0.0,FREQUENT,1
EMP-SYNTH-4557,Enterprise Sales,OFFICE,CONTRACT,9,5.8,3,3.0,58.56,-0.5,5,3,2.75,0,0,0.0,OCCASIONAL,1
EMP-SYNTH-4558,Enterprise Sales,HYBRID,CONTRACT,3,6.2,3,2.97,58.95,-0.5,3,2,0.6,2,1,0.5,OCCASIONAL,0
EMP-SYNTH-4559,Product & Design,HYBRID,CONTRACT,2,2.4,2,2.41,46.34,-1.0,2,2,2.66,3,3,1.0,FREQUENT,1
EMP-SYNTH-4560,Engineering,HYBRID,FULL_TIME,3,11.9,4,4.01,77.56,0.0,5,0,0.4,7,0,0.0,FREQUENT,0
EMP-SYNTH-4561,Growth & Marketing,REMOTE,FULL_TIME,9,11.9,4,3.97,83.79,1.0,2,0,0.23,7,4,0.57,FREQUENT,0
EMP-SYNTH-4562,Growth & Marketing,OFFICE,CONTRACT,4,10.9,3,2.63,51.58,-1.0,2,2,2.75,3,0,0.0,FREQUENT,1
EMP-SYNTH-4563,Engineering,REMOTE,PART_TIME,5,9.4,4,4.49,88.08,1.0,5,2,2.35,5,4,0.8,OCCASIONAL,0
EMP-SYNTH-4564,Engineering,OFFICE,CONTRACT,7,7.8,5,4.96,94.31,0.0,0,0,0.0,5,0,0.0,NONE,0
EMP-SYNTH-4565,Growth & Marketing,OFFICE,CONTRACT,2,11.7,4,3.86,76.61,0.5,0,0,0.0,7,4,0.57,NONE,0
EMP-SYNTH-4566,Product & Design,REMOTE,PART_TIME,8,4.7,3,3.28,67.79,0.0,5,2,0.97,1,1,1.0,OCCASIONAL,0
EMP-SYNTH-4567,Human Resources,HYBRID,FULL_TIME,10,6.6,3,2.73,58.04,0.0,0,0,0.0,7,4,0.57,NONE,0
EMP-SYNTH-4568,Enterprise Sales,HYBRID,FULL_TIME,9,8.4,4,4.43,90.9,0.0,0,0,0.0,2,2,1.0,FREQUENT,0
EMP-SYNTH-4569,Human Resources,OFFICE,PART_TIME,8,4.4,5,5.0,103.29,0.0,6,0,1.14,8,4,0.5,NONE,0
EMP-SYNTH-4570,Engineering,OFFICE,PART_TIME,10,2.8,2,1.52,28.32,-0.5,0,0,0.0,6,3,0.5,NONE,0
EMP-SYNTH-4571,Growth & Marketing,HYBRID,FULL_TIME,7,9.5,3,2.81,52.02,-1.0,1,0,1.79,3,0,0.0,NONE,0
EMP-SYNTH-4572,Human Resources,HYBRID,FULL_TIME,4,1.4,2,2.39,44.5,0.0,2,2,2.35,1,1,1.0,OCCASIONAL,1
EMP-SYNTH-4573,Human Resources,HYBRID,PART_TIME,3,4.5,3,2.92,63.19,0.5,0,0,0.0,3,0,0.0,OCCASIONAL,0
EMP-SYNTH-4574,Product & Design,OFFICE,CONTRACT,1,1.0,4,4.04,76.87,-0.5,1,0,1.44,8,8,1.0,FREQUENT,0
EMP-SYNTH-4575,Engineering,OFFICE,PART_TIME,3,2.4,2,2.13,45.06,1.0,6,3,1.05,2,0,0.0,NONE,1
EMP-SYNTH-4576,Product & Design,REMOTE,FULL_TIME,1,8.8,4,3.53,74.78,-1.0,0,0,0.0,1,1,1.0,FREQUENT,1
EMP-SYNTH-4577,Engineering,HYBRID,CONTRACT,2,1.5,4,4.34,90.32,0.0,0,0,0.0,1,0,0.0,NONE,0
EMP-SYNTH-4578,Engineering,OFFICE,FULL_TIME,9,5.7,4,3.83,81.49,-0.5,3,3,2.41,3,0,0.0,FREQUENT,1
EMP-SYNTH-4579,Enterprise Sales,OFFICE,PART_TIME,1,5.5,3,2.78,60.14,0.0,0,0,0.0,0,0,0.0,OCCASIONAL,0
EMP-SYNTH-4580,Enterprise Sales,HYBRID,PART_TIME,9,9.6,2,1.99,42.32,-1.0,0,0,0.0,8,3,0.38,OCCASIONAL,1
EMP-SYNTH-4581,Growth & Marketing,HYBRID,FULL_TIME,6,11.2,2,1.66,31.56,-0.5,3,1,0.9,7,0,0.0,OCCASIONAL,1
EMP-SYNTH-4582,Human Resources,HYBRID,PART_TIME,5,6.0,1,1.27,28.54,-1.0,3,1,1.07,6,1,0.17,FREQUENT,1
EMP-SYNTH-4583,Enterprise Sales,REMOTE,FULL_TIME,6,6.6,3,3.05,57.0,0.0,2,1,1.43,7,0,0.0,OCCASIONAL,0
EMP-SYNTH-4584,Enterprise Sales,REMOTE,FULL_TIME,8,1.3,4,4.21,80.23,-1.0,2,0,2.33,0,0,0.0,NONE,0
EMP-SYNTH-4585,Enterprise Sales,OFFICE,PART_TIME,6,3.2,3,2.64,52.81,0.0,4,3,1.61,0,0,0.0,FREQUENT,1
EMP-SYNTH-4586,Engineering,REMOTE,PART_TIME,1,1.2,3,2.75,57.14,0.0,2,0,2.24,4,4,1.0,NONE,0
EMP-SYNTH-4587,Product & Design,REMOTE,CONTRACT,4,9.3,3,2.91,59.22,0.0,3,1,1.24,3,2,0.67,NONE,0
EMP-SYNTH-4588,Engineering,HYBRID,FULL_TIME,9,10.6,3,2.78,57.61,0.5,5,2,2.85,5,2,0.4,NONE,0
EMP-SYNTH-4589,Growth & Marketing,HYBRID,PART_TIME,3,5.8,3,3.18,59.49,0.0,4,3,0.35,6,0,0.0,NONE,1
EMP-SYNTH-4590,Human Resources,HYBRID,PART_TIME,8,6.3,2,2.44,48.52,0.5,6,3,2.0,8,2,0.25,FREQUENT,1
EMP-SYNTH-4591,Human Resources,OFFICE,PART_TIME,1,11.1,3,2.97,62.59,0.5,2,0,2.45,0,0,0.0,OCCASIONAL,0
EMP-SYNTH-4592,Engineering,HYBRID,CONTRACT,7,8.6,4,3.5,73.84,-1.0,3,0,2.81,2,1,0.5,FREQUENT,0
EMP-SYNTH-4593,Product & Design,HYBRID,FULL_TIME,9,6.5,4,3.96,78.8,0.5,2,0,1.33,0,0,0.0,NONE,0
EMP-SYNTH-4594,Product & Design,OFFICE,CONTRACT,2,6.2,5,4.69,93.78,1.0,3,1,0.1,0,0,0.0,NONE,0
EMP-SYNTH-4595,Human Resources,OFFICE,FULL_TIME,10,2.3,2,2.34,51.63,0.0,3,0,0.78,5,5,1.0,OCCASIONAL,0
EMP-SYNTH-4596,Human Resources,REMOTE,PART_TIME,5,8.7,4,3.62,70.85,0.0,2,0,0.65,7,1,0.14,OCCASIONAL,0
EMP-SYNTH-4597,Engineering,OFFICE,CONTRACT,5,6.9,3,3.01,59.56,-0.5,6,0,0.25,0,0,0.0,FREQUENT,1
EMP-SYNTH-4598,Product & Design,OFFICE,CONTRACT,3,1.1,4,4.18,82.86,0.0,4,2,2.14,7,5,0.71,FREQUENT,0
EMP-SYNTH-4599,Enterprise Sales,OFFICE,PART_TIME,9,5.5,3,3.49,66.21,-1.0,6,0,1.31,7,3,0.43,OCCASIONAL,0
EMP-SYNTH-4600,Enterprise Sales,HYBRID,PART_TIME,10,3.5,4,4.35,88.59,-1.0,5,2,0.33,0,0,0.0,OCCASIONAL,1
EMP-SYNTH-4601,Growth & Marketing,OFFICE,FULL_TIME,4,4.3,3,3.41,63.79,1.0,1,1,1.28,1,1,1.0,OCCASIONAL,0
EMP-SYNTH-4602,Engineering,HYBRID,PART_TIME,4,9.7,4,4.48,88.81,1.0,5,3,0.23,5,2,0.4,FREQUENT,1
EMP-SYNTH-4603,Engineering,REMOTE,CONTRACT,9,3.6,2,1.62,34.1,0.5,1,1,0.8,0,0,0.0,OCCASIONAL,1
EMP-SYNTH-4604,Human Resources,REMOTE,FULL_TIME,3,10.7,3,3.19,67.31,0.5,4,0,0.17,7,7,1.0,NONE,0
EMP-SYNTH-4605,Enterprise Sales,REMOTE,CONTRACT,7,8.9,3,2.99,54.81,-0.5,6,0,1.62,8,3,0.38,NONE,1
EMP-SYNTH-4606,Human Resources,HYBRID,PART_TIME,7,4.3,3,2.94,54.86,-0.5,3,1,1.58,7,2,0.29,NONE,1
EMP-SYNTH-4607,Product & Design,HYBRID,CONTRACT,7,1.5,4,4.18,81.7,0.5,3,3,1.93,6,0,0.0,NONE,0
EMP-SYNTH-4608,Growth & Marketing,HYBRID,CONTRACT,3,3.5,2,2.42,52.54,0.0,0,0,0.0,6,2,0.33,NONE,0
EMP-SYNTH-4609,Human Resources,REMOTE,FULL_TIME,1,5.1,3,2.92,62.06,0.0,2,1,1.1,4,0,0.0,OCCASIONAL,0
EMP-SYNTH-4610,Growth & Marketing,OFFICE,PART_TIME,1,3.0,3,3.08,61.11,0.0,2,1,1.25,1,0,0.0,NONE,1
EMP-SYNTH-4611,Human Resources,REMOTE,PART_TIME,9,8.9,3,3.14,60.81,0.0,2,1,2.49,2,0,0.0,FREQUENT,0
EMP-SYNTH-4612,Engineering,HYBRID,PART_TIME,2,3.3,5,5.0,97.42,0.5,6,0,0.51,8,2,0.25,FREQUENT,1
EMP-SYNTH-4613,Enterprise Sales,REMOTE,CONTRACT,3,2.6,1,1.31,22.04,1.0,0,0,0.0,5,0,0.0,FREQUENT,0
EMP-SYNTH-4614,Enterprise Sales,HYBRID,PART_TIME,5,9.9,3,2.64,53.41,0.0,3,3,0.84,7,3,0.43,NONE,0
EMP-SYNTH-4615,Product & Design,REMOTE,CONTRACT,2,11.4,3,2.83,60.19,0.0,4,3,1.62,7,2,0.29,OCCASIONAL,0
EMP-SYNTH-4616,Engineering,HYBRID,FULL_TIME,9,1.6,3,2.99,58.65,0.5,4,2,0.82,2,2,1.0,FREQUENT,0
EMP-SYNTH-4617,Human Resources,HYBRID,CONTRACT,4,11.3,2,1.99,43.83,0.0,1,1,2.91,4,3,0.75,NONE,0
EMP-SYNTH-4618,Human Resources,OFFICE,CONTRACT,9,1.0,1,1.29,22.61,-0.5,1,1,1.92,6,5,0.83,OCCASIONAL,1
EMP-SYNTH-4619,Product & Design,OFFICE,FULL_TIME,10,7.0,3,3.08,62.11,1.0,2,2,1.72,5,4,0.8,FREQUENT,0
EMP-SYNTH-4620,Product & Design,HYBRID,FULL_TIME,5,5.3,3,3.41,70.91,-1.0,6,0,2.52,4,3,0.75,OCCASIONAL,0
EMP-SYNTH-4621,Engineering,HYBRID,FULL_TIME,7,1.7,3,2.71,57.14,0.0,1,0,0.09,6,1,0.17,OCCASIONAL,0
EMP-SYNTH-4622,Enterprise Sales,OFFICE,FULL_TIME,9,4.8,3,2.64,48.45,-0.5,2,0,1.03,6,2,0.33,FREQUENT,0
EMP-SYNTH-4623,Growth & Marketing,REMOTE,PART_TIME,1,9.2,3,3.47,72.61,-1.0,5,0,0.22,5,2,0.4,NONE,0
EMP-SYNTH-4624,Product & Design,REMOTE,PART_TIME,2,3.8,2,1.97,39.26,-1.0,6,2,0.72,8,7,0.88,FREQUENT,1
EMP-SYNTH-4625,Human Resources,HYBRID,PART_TIME,4,10.2,2,1.62,28.94,-0.5,4,0,2.2,1,1,1.0,OCCASIONAL,1
EMP-SYNTH-4626,Engineering,REMOTE,CONTRACT,4,9.2,3,3.04,63.07,0.0,1,0,2.88,7,6,0.86,NONE,0
EMP-SYNTH-4627,Human Resources,REMOTE,CONTRACT,8,11.6,3,2.77,51.86,0.0,1,0,0.47,6,2,0.33,OCCASIONAL,0
EMP-SYNTH-4628,Human Resources,OFFICE,CONTRACT,4,2.3,3,3.27,69.64,1.0,1,0,0.41,7,5,0.71,OCCASIONAL,0
EMP-SYNTH-4629,Engineering,REMOTE,PART_TIME,6,6.6,3,2.77,59.47,0.0,1,0,1.87,8,1,0.12,FREQUENT,0
EMP-SYNTH-4630,Growth & Marketing,HYBRID,FULL_TIME,5,8.9,4,3.64,68.89,-0.5,4,3,2.94,5,4,0.8,OCCASIONAL,0
EMP-SYNTH-4631,Product & Design,OFFICE,FULL_TIME,9,8.5,3,2.53,51.8,0.5,3,2,1.85,0,0,0.0,FREQUENT,1
EMP-SYNTH-4632,Enterprise Sales,REMOTE,PART_TIME,6,10.0,3,2.85,54.7,1.0,4,2,0.85,4,1,0.25,FREQUENT,1
EMP-SYNTH-4633,Enterprise Sales,OFFICE,CONTRACT,3,5.4,2,2.29,42.84,0.0,4,1,0.61,5,2,0.4,FREQUENT,0
EMP-SYNTH-4634,Human Resources,REMOTE,PART_TIME,6,1.6,5,4.7,98.01,-1.0,6,3,0.99,1,0,0.0,OCCASIONAL,1
EMP-SYNTH-4635,Product & Design,REMOTE,CONTRACT,10,4.8,5,5.0,95.35,0.0,0,0,0.0,1,1,1.0,FREQUENT,0
EMP-SYNTH-4636,Human Resources,OFFICE,FULL_TIME,4,4.7,2,2.13,45.57,0.0,0,0,0.0,3,2,0.67,FREQUENT,0
EMP-SYNTH-4637,Product & Design,OFFICE,FULL_TIME,4,8.9,2,2.4,47.41,1.0,1,0,2.8,2,0,0.0,NONE,1
EMP-SYNTH-4638,Human Resources,HYBRID,FULL_TIME,3,7.8,4,3.54,73.79,0.5,3,3,1.26,0,0,0.0,NONE,1
EMP-SYNTH-4639,Growth & Marketing,HYBRID,CONTRACT,5,6.8,3,3.3,70.22,1.0,4,3,0.94,6,4,0.67,NONE,0
EMP-SYNTH-4640,Product & Design,HYBRID,FULL_TIME,2,11.7,2,2.44,46.85,1.0,1,0,0.96,3,1,0.33,OCCASIONAL,0
EMP-SYNTH-4641,Product & Design,OFFICE,FULL_TIME,10,8.8,4,4.35,89.44,-0.5,6,1,0.17,1,0,0.0,FREQUENT,1
EMP-SYNTH-4642,Enterprise Sales,REMOTE,FULL_TIME,4,2.5,4,4.45,93.14,0.5,0,0,0.0,8,6,0.75,OCCASIONAL,0
EMP-SYNTH-4643,Product & Design,HYBRID,FULL_TIME,2,4.4,5,4.89,101.09,1.0,6,2,2.77,5,4,0.8,NONE,0
EMP-SYNTH-4644,Product & Design,HYBRID,CONTRACT,9,2.2,3,2.55,46.15,0.0,3,0,0.6,2,1,0.5,NONE,0
EMP-SYNTH-4645,Engineering,HYBRID,PART_TIME,9,4.0,5,4.69,94.43,-0.5,5,2,1.86,3,0,0.0,NONE,1
EMP-SYNTH-4646,Growth & Marketing,HYBRID,PART_TIME,10,3.0,4,4.12,77.48,1.0,2,0,1.51,2,0,0.0,FREQUENT,0
EMP-SYNTH-4647,Enterprise Sales,OFFICE,CONTRACT,1,9.3,1,1.47,33.47,-0.5,5,1,2.14,2,0,0.0,NONE,1
EMP-SYNTH-4648,Engineering,OFFICE,FULL_TIME,6,9.2,1,1.0,15.47,1.0,4,3,2.42,4,4,1.0,OCCASIONAL,0
EMP-SYNTH-4649,Engineering,REMOTE,PART_TIME,3,8.5,3,3.17,67.91,1.0,3,3,2.01,3,0,0.0,NONE,1
EMP-SYNTH-4650,Product & Design,OFFICE,FULL_TIME,10,8.9,4,4.21,81.98,-0.5,1,1,0.98,3,1,0.33,OCCASIONAL,0
EMP-SYNTH-4651,Engineering,REMOTE,CONTRACT,3,7.9,3,2.98,58.38,-0.5,1,0,2.46,7,5,0.71,NONE,0
EMP-SYNTH-4652,Product & Design,REMOTE,PART_TIME,4,1.5,5,5.0,104.46,0.0,5,1,2.98,0,0,0.0,OCCASIONAL,0
EMP-SYNTH-4653,Engineering,REMOTE,PART_TIME,9,6.0,4,4.33,85.43,1.0,0,0,0.0,3,3,1.0,NONE,0
EMP-SYNTH-4654,Product & Design,REMOTE,CONTRACT,9,3.5,3,2.71,50.39,-1.0,0,0,0.0,8,8,1.0,FREQUENT,1
EMP-SYNTH-4655,Engineering,OFFICE,FULL_TIME,10,4.2,3,3.02,57.13,1.0,1,0,2.03,5,4,0.8,OCCASIONAL,0
EMP-SYNTH-4656,Human Resources,HYBRID,FULL_TIME,4,10.0,5,4.63,91.78,-1.0,0,0,0.0,4,2,0.5,NONE,0
EMP-SYNTH-4657,Human Resources,OFFICE,CONTRACT,7,10.0,4,4.25,84.52,-1.0,5,3,0.32,2,1,0.5,NONE,0
EMP-SYNTH-4658,Human Resources,OFFICE,FULL_TIME,9,4.1,5,5.0,100.12,0.5,1,0,0.75,1,1,1.0,FREQUENT,0
EMP-SYNTH-4659,Enterprise Sales,REMOTE,CONTRACT,7,11.4,1,1.45,32.26,0.0,5,3,0.88,8,5,0.62,NONE,0
EMP-SYNTH-4660,Enterprise Sales,HYBRID,PART_TIME,7,1.8,3,3.46,72.18,0.0,5,2,2.36,7,6,0.86,OCCASIONAL,0
EMP-SYNTH-4661,Product & Design,REMOTE,PART_TIME,3,11.1,3,3.18,64.99,-1.0,1,0,1.42,7,4,0.57,OCCASIONAL,0
EMP-SYNTH-4662,Growth & Marketing,OFFICE,CONTRACT,5,9.7,3,2.74,52.75,0.0,5,1,0.12,1,0,0.0,OCCASIONAL,0
EMP-SYNTH-4663,Enterprise Sales,HYBRID,FULL_TIME,6,11.1,4,4.47,91.81,0.5,0,0,0.0,7,2,0.29,FREQUENT,0
EMP-SYNTH-4664,Engineering,REMOTE,CONTRACT,6,3.1,4,3.66,74.75,1.0,0,0,0.0,7,2,0.29,OCCASIONAL,0
EMP-SYNTH-4665,Enterprise Sales,REMOTE,PART_TIME,9,2.7,1,1.35,23.45,1.0,0,0,0.0,0,0,0.0,NONE,0
EMP-SYNTH-4666,Enterprise Sales,REMOTE,PART_TIME,1,8.8,4,3.63,68.49,0.0,1,0,0.74,8,4,0.5,NONE,0
EMP-SYNTH-4667,Growth & Marketing,HYBRID,CONTRACT,6,4.4,5,4.93,95.21,-1.0,4,0,0.15,3,0,0.0,FREQUENT,0
EMP-SYNTH-4668,Growth & Marketing,OFFICE,CONTRACT,7,5.7,4,3.77,80.08,-0.5,5,0,2.0,6,2,0.33,NONE,0
EMP-SYNTH-4669,Enterprise Sales,REMOTE,FULL_TIME,3,12.0,3,3.37,71.54,-0.5,3,0,0.82,1,1,1.0,NONE,0
EMP-SYNTH-4670,Enterprise Sales,REMOTE,PART_TIME,8,9.7,4,3.51,70.5,0.0,2,0,1.22,3,2,0.67,FREQUENT,0
EMP-SYNTH-4671,Enterprise Sales,REMOTE,FULL_TIME,4,6.4,4,3.69,77.67,0.0,5,1,2.91,3,3,1.0,NONE,0
EMP-SYNTH-4672,Human Resources,REMOTE,CONTRACT,1,2.0,4,4.13,77.92,-0.5,3,1,2.7,6,6,1.0,FREQUENT,0
EMP-SYNTH-4673,Engineering,OFFICE,FULL_TIME,7,10.1,4,3.94,78.29,0.5,0,0,0.0,6,5,0.83,OCCASIONAL,0
EMP-SYNTH-4674,Growth & Marketing,OFFICE,PART_TIME,2,7.2,3,3.48,74.39,0.0,4,0,1.96,6,0,0.0,OCCASIONAL,0
EMP-SYNTH-4675,Growth & Marketing,OFFICE,FULL_TIME,9,5.5,4,4.38,86.77,-0.5,1,1,1.01,5,3,0.6,OCCASIONAL,0
EMP-SYNTH-4676,Product & Design,HYBRID,CONTRACT,1,6.5,5,4.54,89.64,-0.5,3,1,0.8,1,1,1.0,NONE,0
EMP-SYNTH-4677,Enterprise Sales,HYBRID,FULL_TIME,2,3.3,4,3.7,72.78,0.0,2,0,1.6,4,1,0.25,NONE,0
EMP-SYNTH-4678,Product & Design,REMOTE,CONTRACT,6,9.5,2,1.8,40.74,0.0,0,0,0.0,2,2,1.0,FREQUENT,1
EMP-SYNTH-4679,Enterprise Sales,HYBRID,FULL_TIME,6,11.7,4,3.86,76.86,1.0,6,0,1.89,4,4,1.0,NONE,0
EMP-SYNTH-4680,Growth & Marketing,HYBRID,FULL_TIME,7,0.7,4,4.04,85.6,-0.5,2,1,2.57,6,0,0.0,NONE,0
EMP-SYNTH-4681,Growth & Marketing,HYBRID,PART_TIME,3,11.4,3,3.05,64.92,0.0,0,0,0.0,7,0,0.0,OCCASIONAL,0
EMP-SYNTH-4682,Product & Design,OFFICE,FULL_TIME,1,2.6,2,2.07,40.91,0.0,6,3,0.91,7,0,0.0,FREQUENT,1
EMP-SYNTH-4683,Product & Design,HYBRID,PART_TIME,7,8.1,2,1.84,32.49,0.0,3,3,0.4,6,4,0.67,OCCASIONAL,1
EMP-SYNTH-4684,Engineering,REMOTE,FULL_TIME,9,8.8,1,1.0,16.09,0.0,1,0,2.44,4,3,0.75,OCCASIONAL,0
EMP-SYNTH-4685,Enterprise Sales,HYBRID,CONTRACT,9,4.5,2,1.92,38.68,0.5,2,2,0.07,4,2,0.5,FREQUENT,0
EMP-SYNTH-4686,Growth & Marketing,OFFICE,FULL_TIME,3,11.2,3,3.31,67.3,0.0,0,0,0.0,1,0,0.0,NONE,0
EMP-SYNTH-4687,Engineering,OFFICE,PART_TIME,1,11.7,3,3.0,62.29,0.0,0,0,0.0,6,5,0.83,FREQUENT,0
EMP-SYNTH-4688,Human Resources,OFFICE,FULL_TIME,5,7.2,3,2.97,55.09,0.5,1,1,2.83,2,0,0.0,FREQUENT,0
EMP-SYNTH-4689,Human Resources,HYBRID,CONTRACT,3,2.0,5,4.72,98.92,0.0,1,0,0.24,5,2,0.4,OCCASIONAL,0
EMP-SYNTH-4690,Enterprise Sales,HYBRID,PART_TIME,1,3.5,4,4.13,83.31,0.5,5,1,0.23,2,0,0.0,OCCASIONAL,0
EMP-SYNTH-4691,Engineering,REMOTE,FULL_TIME,10,4.4,4,3.74,76.89,0.5,2,1,2.53,1,0,0.0,FREQUENT,0
EMP-SYNTH-4692,Growth & Marketing,REMOTE,PART_TIME,9,11.1,3,2.58,50.98,0.5,0,0,0.0,8,7,0.88,OCCASIONAL,0
EMP-SYNTH-4693,Product & Design,OFFICE,CONTRACT,4,0.6,1,1.0,23.33,-1.0,4,3,0.18,6,5,0.83,FREQUENT,1
EMP-SYNTH-4694,Human Resources,HYBRID,FULL_TIME,5,1.1,2,1.67,33.5,-1.0,0,0,0.0,8,0,0.0,OCCASIONAL,0
EMP-SYNTH-4695,Human Resources,OFFICE,PART_TIME,2,9.9,3,2.87,58.86,1.0,0,0,0.0,7,2,0.29,NONE,0
EMP-SYNTH-4696,Growth & Marketing,OFFICE,CONTRACT,7,10.9,3,2.56,49.54,0.0,2,0,0.84,0,0,0.0,NONE,0
EMP-SYNTH-4697,Enterprise Sales,HYBRID,CONTRACT,2,5.2,3,3.3,65.45,-0.5,5,2,0.78,3,0,0.0,FREQUENT,1
EMP-SYNTH-4698,Engineering,OFFICE,PART_TIME,7,7.3,2,1.78,37.75,-0.5,5,0,1.52,2,2,1.0,NONE,0
EMP-SYNTH-4699,Engineering,OFFICE,CONTRACT,5,7.5,2,2.08,40.73,0.5,4,3,1.2,1,1,1.0,OCCASIONAL,0
EMP-SYNTH-4700,Product & Design,REMOTE,FULL_TIME,1,1.6,1,1.07,17.0,0.0,1,1,1.65,6,3,0.5,OCCASIONAL,0
EMP-SYNTH-4701,Product & Design,HYBRID,CONTRACT,2,7.5,5,4.83,93.25,-1.0,1,1,0.21,3,3,1.0,OCCASIONAL,0
EMP-SYNTH-4702,Enterprise Sales,HYBRID,PART_TIME,4,8.0,2,1.99,38.25,0.5,6,0,1.19,3,2,0.67,FREQUENT,1
EMP-SYNTH-4703,Human Resources,OFFICE,FULL_TIME,2,8.5,2,2.43,43.9,0.5,4,0,0.52,8,2,0.25,FREQUENT,1
EMP-SYNTH-4704,Enterprise Sales,OFFICE,FULL_TIME,2,1.6,2,1.83,36.8,0.0,3,0,0.17,1,0,0.0,NONE,0
EMP-SYNTH-4705,Product & Design,HYBRID,CONTRACT,10,3.1,3,2.86,61.32,0.0,1,1,0.97,5,5,1.0,OCCASIONAL,0
EMP-SYNTH-4706,Engineering,HYBRID,CONTRACT,7,2.5,2,2.32,48.19,-1.0,1,1,0.7,3,3,1.0,FREQUENT,0
EMP-SYNTH-4707,Product & Design,REMOTE,FULL_TIME,9,1.3,2,2.04,45.56,-1.0,5,3,1.49,8,3,0.38,NONE,1
EMP-SYNTH-4708,Enterprise Sales,OFFICE,CONTRACT,5,5.1,5,5.0,104.63,0.0,2,0,0.2,0,0,0.0,OCCASIONAL,0
EMP-SYNTH-4709,Enterprise Sales,HYBRID,PART_TIME,8,4.1,5,4.97,98.84,-1.0,2,2,1.79,1,0,0.0,OCCASIONAL,0
EMP-SYNTH-4710,Enterprise Sales,REMOTE,FULL_TIME,10,9.9,3,2.78,53.12,-1.0,5,2,1.65,6,6,1.0,OCCASIONAL,1
EMP-SYNTH-4711,Growth & Marketing,REMOTE,PART_TIME,3,5.6,2,1.76,38.68,-0.5,6,1,2.52,2,1,0.5,NONE,1
EMP-SYNTH-4712,Engineering,HYBRID,PART_TIME,10,10.9,4,3.64,76.61,1.0,4,2,0.58,7,1,0.14,FREQUENT,0
EMP-SYNTH-4713,Product & Design,OFFICE,FULL_TIME,1,2.2,4,3.75,72.98,0.0,5,1,2.02,0,0,0.0,FREQUENT,0
EMP-SYNTH-4714,Enterprise Sales,HYBRID,CONTRACT,10,7.8,2,1.67,33.49,-0.5,2,2,1.11,1,0,0.0,NONE,1
EMP-SYNTH-4715,Growth & Marketing,HYBRID,CONTRACT,8,0.9,4,4.39,89.03,-1.0,6,3,1.73,3,2,0.67,FREQUENT,0
EMP-SYNTH-4716,Enterprise Sales,REMOTE,CONTRACT,3,7.5,3,3.25,63.89,0.5,1,0,2.08,7,2,0.29,NONE,0
EMP-SYNTH-4717,Enterprise Sales,HYBRID,FULL_TIME,2,8.0,4,4.44,88.64,-1.0,5,0,1.21,8,4,0.5,OCCASIONAL,0
EMP-SYNTH-4718,Human Resources,REMOTE,CONTRACT,8,11.2,2,2.48,49.73,1.0,3,1,0.29,1,0,0.0,OCCASIONAL,1
EMP-SYNTH-4719,Product & Design,HYBRID,PART_TIME,3,4.1,3,2.77,54.48,0.0,2,0,0.36,2,2,1.0,NONE,0
EMP-SYNTH-4720,Enterprise Sales,OFFICE,FULL_TIME,7,6.3,3,2.74,56.42,-0.5,4,0,2.13,6,0,0.0,FREQUENT,0
EMP-SYNTH-4721,Product & Design,REMOTE,PART_TIME,8,11.7,1,1.0,23.13,0.5,6,0,2.27,1,1,1.0,FREQUENT,0
EMP-SYNTH-4722,Enterprise Sales,HYBRID,FULL_TIME,9,9.7,3,2.82,58.39,-0.5,3,3,2.09,1,1,1.0,FREQUENT,1
EMP-SYNTH-4723,Human Resources,REMOTE,CONTRACT,1,5.9,4,3.7,76.58,-1.0,6,1,0.56,4,0,0.0,OCCASIONAL,1
EMP-SYNTH-4724,Human Resources,OFFICE,CONTRACT,3,7.9,5,5.0,102.12,0.5,6,3,1.69,1,0,0.0,NONE,0
EMP-SYNTH-4725,Human Resources,OFFICE,CONTRACT,4,11.9,3,3.3,68.75,1.0,3,3,2.69,7,6,0.86,FREQUENT,0
EMP-SYNTH-4726,Human Resources,REMOTE,CONTRACT,8,1.6,3,2.93,59.06,0.0,5,2,1.74,0,0,0.0,OCCASIONAL,1
EMP-SYNTH-4727,Human Resources,OFFICE,FULL_TIME,3,5.7,4,4.42,84.25,0.0,0,0,0.0,0,0,0.0,NONE,0
EMP-SYNTH-4728,Enterprise Sales,REMOTE,FULL_TIME,5,11.6,4,4.05,78.59,0.0,3,3,2.2,7,4,0.57,NONE,0
EMP-SYNTH-4729,Product & Design,REMOTE,PART_TIME,6,11.1,4,3.63,71.68,-0.5,5,3,1.54,7,3,0.43,OCCASIONAL,1
EMP-SYNTH-4730,Growth & Marketing,HYBRID,PART_TIME,8,6.1,5,5.0,100.26,0.5,5,1,2.28,7,1,0.14,FREQUENT,0
EMP-SYNTH-4731,Human Resources,HYBRID,CONTRACT,10,6.3,3,3.48,71.45,-1.0,4,3,2.66,3,3,1.0,FREQUENT,0
EMP-SYNTH-4732,Human Resources,OFFICE,CONTRACT,2,1.4,4,4.21,83.11,-1.0,4,0,2.17,8,2,0.25,OCCASIONAL,0
EMP-SYNTH-4733,Enterprise Sales,REMOTE,CONTRACT,6,2.7,3,3.06,58.33,0.0,3,3,0.68,2,1,0.5,OCCASIONAL,0
EMP-SYNTH-4734,Enterprise Sales,REMOTE,CONTRACT,4,0.8,3,2.63,49.62,1.0,1,1,2.03,4,1,0.25,OCCASIONAL,0
EMP-SYNTH-4735,Engineering,REMOTE,FULL_TIME,7,2.1,4,3.9,75.59,0.5,5,2,1.57,0,0,0.0,OCCASIONAL,0
EMP-SYNTH-4736,Human Resources,OFFICE,PART_TIME,1,5.1,3,3.28,67.84,0.5,5,3,0.43,4,2,0.5,NONE,1
EMP-SYNTH-4737,Human Resources,HYBRID,CONTRACT,7,0.6,3,2.58,49.2,0.5,0,0,0.0,8,1,0.12,NONE,0
EMP-SYNTH-4738,Growth & Marketing,HYBRID,CONTRACT,1,11.6,4,4.34,88.62,-0.5,3,1,2.94,7,5,0.71,NONE,0
EMP-SYNTH-4739,Product & Design,HYBRID,PART_TIME,5,2.9,5,5.0,95.1,-0.5,3,2,2.69,2,1,0.5,NONE,0
EMP-SYNTH-4740,Human Resources,REMOTE,CONTRACT,10,9.1,3,2.86,57.03,1.0,0,0,0.0,3,0,0.0,OCCASIONAL,0
EMP-SYNTH-4741,Engineering,OFFICE,PART_TIME,6,4.8,1,1.0,19.5,0.0,0,0,0.0,8,6,0.75,OCCASIONAL,0
EMP-SYNTH-4742,Product & Design,HYBRID,FULL_TIME,9,6.2,3,2.6,54.56,1.0,6,2,2.97,0,0,0.0,OCCASIONAL,0
EMP-SYNTH-4743,Enterprise Sales,REMOTE,CONTRACT,5,7.1,4,4.37,88.12,-1.0,2,2,2.39,6,2,0.33,NONE,0
EMP-SYNTH-4744,Engineering,REMOTE,FULL_TIME,7,4.7,4,3.58,76.59,1.0,6,3,0.15,2,2,1.0,NONE,0
EMP-SYNTH-4745,Human Resources,REMOTE,PART_TIME,6,11.0,3,3.38,68.79,0.0,3,1,0.91,4,0,0.0,OCCASIONAL,0
EMP-SYNTH-4746,Engineering,REMOTE,PART_TIME,1,6.7,4,3.89,82.42,1.0,4,3,0.31,6,4,0.67,NONE,0
EMP-SYNTH-4747,Engineering,HYBRID,FULL_TIME,10,3.1,4,4.04,83.31,0.0,2,0,0.51,2,2,1.0,FREQUENT,0
EMP-SYNTH-4748,Product & Design,REMOTE,CONTRACT,8,9.7,3,3.06,62.79,-0.5,4,0,0.76,8,0,0.0,FREQUENT,1
EMP-SYNTH-4749,Enterprise Sales,OFFICE,PART_TIME,9,9.2,4,3.82,78.41,1.0,3,0,0.85,7,0,0.0,FREQUENT,0
EMP-SYNTH-4750,Engineering,HYBRID,FULL_TIME,2,2.2,4,4.08,79.95,0.0,1,0,2.16,4,0,0.0,NONE,0
EMP-SYNTH-4751,Enterprise Sales,REMOTE,CONTRACT,3,11.5,1,1.06,19.47,0.0,6,0,2.53,0,0,0.0,FREQUENT,0
EMP-SYNTH-4752,Engineering,OFFICE,FULL_TIME,2,7.8,1,1.0,16.55,0.0,0,0,0.0,5,2,0.4,FREQUENT,0
EMP-SYNTH-4753,Human Resources,REMOTE,PART_TIME,8,8.2,2,1.77,39.33,0.0,2,0,2.62,8,7,0.88,OCCASIONAL,0
EMP-SYNTH-4754,Growth & Marketing,OFFICE,PART_TIME,1,8.6,3,3.12,60.6,0.0,0,0,0.0,1,1,1.0,OCCASIONAL,0
EMP-SYNTH-4755,Enterprise Sales,REMOTE,FULL_TIME,4,6.1,4,4.06,77.25,-0.5,1,0,0.91,8,8,1.0,OCCASIONAL,0
EMP-SYNTH-4756,Growth & Marketing,OFFICE,FULL_TIME,10,4.2,3,3.04,63.35,0.5,5,3,0.99,2,1,0.5,OCCASIONAL,0
EMP-SYNTH-4757,Enterprise Sales,OFFICE,FULL_TIME,6,5.2,3,2.79,59.42,-0.5,6,1,1.87,0,0,0.0,FREQUENT,1
EMP-SYNTH-4758,Growth & Marketing,REMOTE,FULL_TIME,10,8.4,3,2.83,59.43,1.0,5,3,0.27,6,0,0.0,OCCASIONAL,0
EMP-SYNTH-4759,Engineering,OFFICE,FULL_TIME,4,6.2,4,4.35,88.86,-1.0,6,1,2.99,6,4,0.67,FREQUENT,0
EMP-SYNTH-4760,Enterprise Sales,REMOTE,PART_TIME,6,5.6,2,1.86,41.13,0.0,1,0,1.73,4,3,0.75,OCCASIONAL,0
EMP-SYNTH-4761,Product & Design,REMOTE,PART_TIME,10,1.2,3,2.84,56.9,0.0,4,0,1.74,1,0,0.0,FREQUENT,0
EMP-SYNTH-4762,Engineering,REMOTE,CONTRACT,1,10.3,4,3.89,81.46,0.0,6,1,2.18,5,5,1.0,NONE,0
EMP-SYNTH-4763,Engineering,OFFICE,FULL_TIME,6,10.3,1,1.0,15.33,-0.5,0,0,0.0,4,3,0.75,OCCASIONAL,1
EMP-SYNTH-4764,Growth & Marketing,HYBRID,CONTRACT,9,8.0,5,4.95,94.05,0.0,0,0,0.0,8,0,0.0,FREQUENT,0
EMP-SYNTH-4765,Engineering,OFFICE,CONTRACT,3,10.8,4,3.93,75.31,0.0,6,2,1.05,5,5,1.0,OCCASIONAL,0
EMP-SYNTH-4766,Human Resources,REMOTE,PART_TIME,2,5.5,4,4.16,78.73,1.0,5,2,2.45,0,0,0.0,FREQUENT,0
EMP-SYNTH-4767,Human Resources,HYBRID,FULL_TIME,5,10.1,5,4.74,94.68,0.0,2,0,1.29,6,4,0.67,OCCASIONAL,0
EMP-SYNTH-4768,Human Resources,HYBRID,CONTRACT,4,4.8,3,3.18,67.86,0.0,5,0,2.91,5,1,0.2,OCCASIONAL,0
EMP-SYNTH-4769,Enterprise Sales,REMOTE,FULL_TIME,7,4.6,1,1.45,26.97,1.0,1,0,1.04,0,0,0.0,FREQUENT,0
EMP-SYNTH-4770,Growth & Marketing,OFFICE,CONTRACT,9,2.5,2,1.91,43.02,-0.5,4,1,0.11,2,2,1.0,NONE,1
EMP-SYNTH-4771,Product & Design,OFFICE,FULL_TIME,8,5.9,3,3.2,63.29,0.0,1,0,2.12,4,1,0.25,NONE,0
EMP-SYNTH-4772,Growth & Marketing,HYBRID,FULL_TIME,7,9.1,4,3.92,79.18,0.0,0,0,0.0,3,2,0.67,OCCASIONAL,0
EMP-SYNTH-4773,Engineering,OFFICE,FULL_TIME,1,9.7,4,4.07,80.68,0.5,4,3,0.58,4,0,0.0,NONE,0
EMP-SYNTH-4774,Enterprise Sales,REMOTE,CONTRACT,8,4.0,3,3.45,68.89,0.5,3,2,2.99,2,1,0.5,OCCASIONAL,0
EMP-SYNTH-4775,Human Resources,HYBRID,CONTRACT,2,5.5,5,4.61,87.84,0.5,0,0,0.0,4,1,0.25,FREQUENT,0
EMP-SYNTH-4776,Product & Design,REMOTE,CONTRACT,1,3.3,3,2.77,53.83,0.0,2,0,0.47,5,4,0.8,NONE,0
EMP-SYNTH-4777,Human Resources,REMOTE,FULL_TIME,10,2.6,4,3.97,77.15,1.0,0,0,0.0,8,6,0.75,NONE,0
EMP-SYNTH-4778,Enterprise Sales,HYBRID,FULL_TIME,3,7.8,4,3.82,76.61,-0.5,6,0,2.72,6,3,0.5,NONE,0
EMP-SYNTH-4779,Product & Design,HYBRID,FULL_TIME,1,9.0,3,3.41,70.55,0.5,5,3,0.13,7,2,0.29,NONE,1
EMP-SYNTH-4780,Growth & Marketing,REMOTE,PART_TIME,8,11.6,3,3.3,61.62,0.0,2,2,2.94,1,0,0.0,NONE,0
EMP-SYNTH-4781,Human Resources,HYBRID,CONTRACT,5,7.2,2,1.66,29.85,1.0,2,2,1.9,5,0,0.0,NONE,0
EMP-SYNTH-4782,Product & Design,REMOTE,CONTRACT,5,11.5,3,2.68,57.59,-0.5,6,2,0.6,7,7,1.0,FREQUENT,1
EMP-SYNTH-4783,Product & Design,OFFICE,FULL_TIME,7,9.2,2,1.79,33.36,0.0,0,0,0.0,5,2,0.4,FREQUENT,1
EMP-SYNTH-4784,Engineering,REMOTE,CONTRACT,4,6.3,3,2.86,57.61,0.0,4,0,2.2,8,0,0.0,NONE,0
EMP-SYNTH-4785,Product & Design,REMOTE,CONTRACT,5,3.6,4,3.85,80.66,0.5,2,0,2.11,1,0,0.0,NONE,0
EMP-SYNTH-4786,Growth & Marketing,OFFICE,FULL_TIME,2,10.8,2,2.34,46.07,1.0,3,3,0.42,1,1,1.0,NONE,0
EMP-SYNTH-4787,Engineering,HYBRID,FULL_TIME,3,9.6,4,4.02,83.55,-0.5,0,0,0.0,6,2,0.33,NONE,0
EMP-SYNTH-4788,Engineering,REMOTE,CONTRACT,10,6.8,4,4.04,76.56,-1.0,2,1,1.57,0,0,0.0,NONE,0
EMP-SYNTH-4789,Growth & Marketing,OFFICE,FULL_TIME,9,11.2,3,2.83,61.15,-1.0,2,0,1.87,6,1,0.17,NONE,1
EMP-SYNTH-4790,Human Resources,HYBRID,FULL_TIME,7,3.7,3,2.85,57.67,0.0,3,2,2.09,2,0,0.0,OCCASIONAL,0
EMP-SYNTH-4791,Product & Design,HYBRID,PART_TIME,9,4.7,3,2.71,52.88,0.5,0,0,0.0,2,2,1.0,FREQUENT,0
EMP-SYNTH-4792,Enterprise Sales,REMOTE,FULL_TIME,7,7.5,3,2.71,50.49,0.5,4,3,1.25,7,2,0.29,OCCASIONAL,0
EMP-SYNTH-4793,Engineering,REMOTE,FULL_TIME,2,2.1,1,1.35,24.84,0.0,2,2,1.54,2,0,0.0,OCCASIONAL,1
EMP-SYNTH-4794,Product & Design,HYBRID,PART_TIME,4,10.6,3,3.38,67.65,0.5,6,3,0.62,0,0,0.0,NONE,1
EMP-SYNTH-4795,Growth & Marketing,REMOTE,CONTRACT,7,5.6,5,5.0,103.75,1.0,6,1,1.33,6,3,0.5,NONE,0
EMP-SYNTH-4796,Enterprise Sales,REMOTE,FULL_TIME,10,11.1,3,3.18,66.01,-1.0,0,0,0.0,3,2,0.67,OCCASIONAL,0
EMP-SYNTH-4797,Growth & Marketing,OFFICE,FULL_TIME,4,7.9,3,3.4,70.4,-1.0,4,1,0.92,6,1,0.17,OCCASIONAL,1
EMP-SYNTH-4798,Human Resources,REMOTE,CONTRACT,5,1.3,3,2.97,59.3,1.0,2,1,1.71,4,0,0.0,FREQUENT,1
EMP-SYNTH-4799,Growth & Marketing,OFFICE,CONTRACT,9,9.2,1,1.08,21.86,0.5,5,0,1.76,3,1,0.33,NONE,0
EMP-SYNTH-4800,Product & Design,HYBRID,PART_TIME,2,6.0,3,3.33,71.21,0.0,6,1,1.8,1,0,0.0,OCCASIONAL,0
EMP-SYNTH-4801,Product & Design,OFFICE,CONTRACT,1,10.9,4,3.69,74.24,1.0,6,3,2.77,7,6,0.86,NONE,0
EMP-SYNTH-4802,Growth & Marketing,REMOTE,FULL_TIME,4,11.6,3,3.38,63.74,1.0,2,2,2.32,6,1,0.17,NONE,0
EMP-SYNTH-4803,Human Resources,HYBRID,PART_TIME,3,6.4,3,3.23,63.89,0.0,1,1,0.07,8,8,1.0,FREQUENT,0
EMP-SYNTH-4804,Growth & Marketing,HYBRID,PART_TIME,2,11.2,3,3.41,63.26,-1.0,5,2,2.14,7,1,0.14,FREQUENT,1
EMP-SYNTH-4805,Growth & Marketing,HYBRID,FULL_TIME,7,8.2,4,3.85,80.46,-0.5,0,0,0.0,4,1,0.25,FREQUENT,0
EMP-SYNTH-4806,Engineering,REMOTE,CONTRACT,7,9.7,3,2.89,54.84,0.0,2,1,2.51,0,0,0.0,FREQUENT,1
EMP-SYNTH-4807,Engineering,OFFICE,CONTRACT,8,10.3,3,2.62,51.65,0.0,4,1,0.66,1,1,1.0,FREQUENT,0
EMP-SYNTH-4808,Growth & Marketing,OFFICE,CONTRACT,2,6.5,4,3.86,80.67,-0.5,1,0,1.6,3,0,0.0,OCCASIONAL,0
EMP-SYNTH-4809,Enterprise Sales,OFFICE,PART_TIME,1,0.9,3,3.42,70.2,1.0,3,0,2.22,4,0,0.0,FREQUENT,0
EMP-SYNTH-4810,Engineering,OFFICE,FULL_TIME,8,3.9,3,3.44,64.15,-1.0,1,1,1.84,2,2,1.0,NONE,0
EMP-SYNTH-4811,Product & Design,REMOTE,PART_TIME,1,10.3,2,2.18,46.86,-0.5,3,1,2.39,0,0,0.0,NONE,1
EMP-SYNTH-4812,Human Resources,HYBRID,CONTRACT,2,10.2,3,2.76,57.47,0.0,6,3,0.3,5,5,1.0,OCCASIONAL,0
EMP-SYNTH-4813,Growth & Marketing,HYBRID,PART_TIME,2,10.2,2,1.69,37.06,1.0,3,0,2.48,0,0,0.0,FREQUENT,1
EMP-SYNTH-4814,Human Resources,HYBRID,FULL_TIME,2,3.9,1,1.0,15.94,-0.5,0,0,0.0,4,0,0.0,NONE,0
EMP-SYNTH-4815,Enterprise Sales,REMOTE,FULL_TIME,8,10.8,3,2.6,55.27,0.5,4,1,0.74,3,2,0.67,OCCASIONAL,0
EMP-SYNTH-4816,Human Resources,HYBRID,PART_TIME,2,9.1,4,4.02,84.66,-0.5,6,0,2.19,2,1,0.5,OCCASIONAL,1
EMP-SYNTH-4817,Product & Design,HYBRID,CONTRACT,6,5.5,1,1.0,15.68,0.0,0,0,0.0,3,2,0.67,NONE,0
EMP-SYNTH-4818,Human Resources,OFFICE,FULL_TIME,7,8.0,2,1.76,30.89,-1.0,5,3,2.87,5,2,0.4,FREQUENT,1
EMP-SYNTH-4819,Human Resources,OFFICE,FULL_TIME,10,3.4,2,1.63,30.3,0.0,0,0,0.0,1,1,1.0,OCCASIONAL,0
EMP-SYNTH-4820,Engineering,HYBRID,FULL_TIME,4,9.1,4,4.11,82.38,-0.5,6,1,1.88,2,2,1.0,NONE,1
EMP-SYNTH-4821,Enterprise Sales,REMOTE,CONTRACT,1,7.4,3,2.87,61.07,-0.5,2,2,2.32,7,0,0.0,NONE,1
EMP-SYNTH-4822,Growth & Marketing,HYBRID,FULL_TIME,3,1.9,3,3.26,63.7,-0.5,2,2,1.73,3,0,0.0,FREQUENT,1
EMP-SYNTH-4823,Enterprise Sales,OFFICE,FULL_TIME,1,9.2,3,3.37,67.63,-1.0,2,0,0.31,2,0,0.0,FREQUENT,1
EMP-SYNTH-4824,Growth & Marketing,HYBRID,PART_TIME,1,5.4,2,2.21,40.57,0.5,6,3,1.41,6,6,1.0,FREQUENT,1
EMP-SYNTH-4825,Growth & Marketing,REMOTE,CONTRACT,9,0.8,3,3.28,61.65,-0.5,5,1,2.09,4,4,1.0,NONE,0
EMP-SYNTH-4826,Growth & Marketing,OFFICE,PART_TIME,6,5.6,5,4.99,99.71,-1.0,2,1,1.23,8,6,0.75,OCCASIONAL,0
EMP-SYNTH-4827,Human Resources,OFFICE,FULL_TIME,5,9.5,3,2.73,57.7,1.0,0,0,0.0,8,6,0.75,NONE,0
EMP-SYNTH-4828,Human Resources,REMOTE,FULL_TIME,5,2.8,3,2.93,53.79,0.0,4,1,0.75,1,1,1.0,NONE,0
EMP-SYNTH-4829,Engineering,REMOTE,FULL_TIME,9,1.8,2,2.02,41.55,0.0,1,0,2.08,2,1,0.5,OCCASIONAL,0
EMP-SYNTH-4830,Product & Design,HYBRID,PART_TIME,10,11.9,4,4.21,86.87,-0.5,4,0,0.57,6,4,0.67,OCCASIONAL,1
EMP-SYNTH-4831,Human Resources,HYBRID,FULL_TIME,9,9.4,3,3.14,63.14,-1.0,3,1,2.38,4,1,0.25,NONE,0
EMP-SYNTH-4832,Growth & Marketing,REMOTE,PART_TIME,8,8.6,3,3.12,66.95,0.5,5,3,2.12,5,5,1.0,FREQUENT,0
EMP-SYNTH-4833,Growth & Marketing,REMOTE,FULL_TIME,2,11.8,4,4.23,88.84,1.0,1,1,0.12,5,2,0.4,OCCASIONAL,0
EMP-SYNTH-4834,Human Resources,OFFICE,FULL_TIME,6,8.5,3,3.05,61.25,0.5,0,0,0.0,4,1,0.25,OCCASIONAL,0
EMP-SYNTH-4835,Human Resources,HYBRID,FULL_TIME,1,1.7,3,2.91,60.16,-0.5,6,2,2.77,4,0,0.0,NONE,0
EMP-SYNTH-4836,Growth & Marketing,OFFICE,FULL_TIME,8,8.8,4,3.69,72.66,-0.5,0,0,0.0,2,1,0.5,NONE,1
EMP-SYNTH-4837,Product & Design,REMOTE,CONTRACT,1,10.0,3,3.26,64.49,0.0,2,0,1.36,6,1,0.17,NONE,0
EMP-SYNTH-4838,Product & Design,OFFICE,CONTRACT,6,8.3,3,3.19,63.24,0.0,3,3,2.67,8,1,0.12,NONE,0
EMP-SYNTH-4839,Human Resources,OFFICE,FULL_TIME,6,5.3,3,2.82,60.76,-1.0,5,2,0.06,4,1,0.25,FREQUENT,1
EMP-SYNTH-4840,Enterprise Sales,OFFICE,PART_TIME,8,10.4,3,3.4,69.06,-0.5,1,1,1.86,2,1,0.5,NONE,0
EMP-SYNTH-4841,Human Resources,HYBRID,CONTRACT,5,6.9,5,4.75,91.5,0.5,0,0,0.0,7,1,0.14,NONE,0
EMP-SYNTH-4842,Engineering,HYBRID,FULL_TIME,9,5.5,4,4.31,86.64,0.5,5,2,2.31,3,2,0.67,FREQUENT,0
EMP-SYNTH-4843,Product & Design,REMOTE,PART_TIME,2,2.0,3,2.56,48.38,0.5,2,0,2.61,8,8,1.0,OCCASIONAL,0
EMP-SYNTH-4844,Growth & Marketing,HYBRID,FULL_TIME,10,2.8,2,2.15,40.19,-0.5,5,1,0.98,5,0,0.0,FREQUENT,1
EMP-SYNTH-4845,Enterprise Sales,OFFICE,FULL_TIME,4,4.0,1,1.0,23.59,1.0,4,1,2.83,8,8,1.0,NONE,0
EMP-SYNTH-4846,Enterprise Sales,HYBRID,PART_TIME,8,2.9,4,3.83,76.84,0.0,6,1,1.84,8,5,0.62,FREQUENT,0
EMP-SYNTH-4847,Growth & Marketing,OFFICE,CONTRACT,9,6.7,3,3.12,58.07,0.0,3,3,0.82,4,1,0.25,NONE,0
EMP-SYNTH-4848,Enterprise Sales,OFFICE,CONTRACT,5,5.8,3,3.02,56.0,-0.5,4,0,2.91,8,1,0.12,FREQUENT,1
EMP-SYNTH-4849,Human Resources,HYBRID,CONTRACT,5,5.6,3,3.14,62.35,0.5,4,1,1.53,4,3,0.75,NONE,0
EMP-SYNTH-4850,Human Resources,REMOTE,CONTRACT,1,11.0,3,3.09,57.78,0.0,4,3,0.06,5,3,0.6,FREQUENT,1
EMP-SYNTH-4851,Enterprise Sales,OFFICE,FULL_TIME,1,6.3,4,3.99,75.5,-0.5,3,1,2.46,2,1,0.5,OCCASIONAL,0
EMP-SYNTH-4852,Growth & Marketing,OFFICE,FULL_TIME,3,2.0,2,1.72,36.38,0.5,3,0,1.66,6,6,1.0,NONE,0
EMP-SYNTH-4853,Enterprise Sales,OFFICE,PART_TIME,5,1.4,4,3.82,81.26,-0.5,6,2,0.27,6,4,0.67,OCCASIONAL,0
EMP-SYNTH-4854,Product & Design,REMOTE,PART_TIME,4,8.8,3,3.01,61.81,1.0,0,0,0.0,3,2,0.67,NONE,0
EMP-SYNTH-4855,Product & Design,OFFICE,CONTRACT,8,10.2,3,3.4,69.4,-0.5,0,0,0.0,0,0,0.0,FREQUENT,0
EMP-SYNTH-4856,Human Resources,REMOTE,CONTRACT,7,4.6,4,4.09,77.06,0.0,5,1,1.16,4,2,0.5,NONE,0
EMP-SYNTH-4857,Human Resources,HYBRID,CONTRACT,3,4.1,3,3.07,60.81,0.5,6,0,1.96,2,1,0.5,NONE,0
EMP-SYNTH-4858,Enterprise Sales,OFFICE,CONTRACT,3,8.9,5,4.7,96.62,0.5,3,0,2.8,7,1,0.14,OCCASIONAL,0
EMP-SYNTH-4859,Growth & Marketing,OFFICE,FULL_TIME,9,10.1,3,2.6,51.92,-1.0,0,0,0.0,2,1,0.5,FREQUENT,1
EMP-SYNTH-4860,Product & Design,REMOTE,PART_TIME,9,2.9,3,2.57,47.56,1.0,6,1,2.64,5,3,0.6,FREQUENT,0
EMP-SYNTH-4861,Enterprise Sales,OFFICE,CONTRACT,5,3.9,2,1.96,39.89,0.5,4,2,0.66,5,1,0.2,NONE,0
EMP-SYNTH-4862,Engineering,OFFICE,FULL_TIME,8,4.0,3,3.44,67.86,-0.5,0,0,0.0,0,0,0.0,OCCASIONAL,0
EMP-SYNTH-4863,Growth & Marketing,HYBRID,CONTRACT,6,8.0,2,1.55,27.36,-1.0,5,2,0.48,4,3,0.75,NONE,1
EMP-SYNTH-4864,Product & Design,HYBRID,CONTRACT,1,11.9,3,2.98,57.56,-1.0,4,1,0.42,0,0,0.0,FREQUENT,1
EMP-SYNTH-4865,Product & Design,HYBRID,PART_TIME,9,8.3,4,3.82,72.05,0.5,1,0,1.15,4,2,0.5,FREQUENT,0
EMP-SYNTH-4866,Engineering,OFFICE,PART_TIME,2,9.0,5,4.53,90.49,1.0,2,2,0.64,5,3,0.6,NONE,0
EMP-SYNTH-4867,Enterprise Sales,HYBRID,CONTRACT,3,0.6,4,3.67,74.19,0.0,4,1,0.75,3,1,0.33,FREQUENT,0
EMP-SYNTH-4868,Product & Design,OFFICE,CONTRACT,9,7.7,2,1.85,32.95,0.0,2,1,1.35,5,0,0.0,NONE,1
EMP-SYNTH-4869,Engineering,REMOTE,PART_TIME,9,1.9,3,2.93,56.71,-1.0,5,3,1.68,1,0,0.0,NONE,1
EMP-SYNTH-4870,Growth & Marketing,HYBRID,FULL_TIME,10,5.8,2,1.81,35.26,0.5,2,1,2.62,4,0,0.0,FREQUENT,1
EMP-SYNTH-4871,Growth & Marketing,HYBRID,PART_TIME,6,10.7,2,1.99,35.47,0.5,1,0,0.92,1,0,0.0,FREQUENT,0
EMP-SYNTH-4872,Growth & Marketing,REMOTE,FULL_TIME,5,5.3,2,2.28,45.59,0.5,2,0,0.42,1,1,1.0,OCCASIONAL,0
EMP-SYNTH-4873,Human Resources,REMOTE,FULL_TIME,10,10.6,3,3.35,63.43,0.0,1,0,1.52,5,2,0.4,OCCASIONAL,0
EMP-SYNTH-4874,Human Resources,HYBRID,PART_TIME,10,4.6,3,2.95,57.13,0.5,1,1,0.09,5,5,1.0,OCCASIONAL,0
EMP-SYNTH-4875,Engineering,OFFICE,PART_TIME,1,12.0,3,3.34,70.52,-0.5,1,1,1.71,0,0,0.0,NONE,1
EMP-SYNTH-4876,Human Resources,OFFICE,PART_TIME,8,10.8,1,1.0,21.35,1.0,5,1,1.58,8,7,0.88,NONE,0
EMP-SYNTH-4877,Human Resources,HYBRID,PART_TIME,7,0.8,4,3.64,72.03,-1.0,0,0,0.0,1,0,0.0,OCCASIONAL,0
EMP-SYNTH-4878,Enterprise Sales,REMOTE,PART_TIME,8,4.4,4,3.74,73.73,1.0,5,3,1.41,6,5,0.83,OCCASIONAL,0
EMP-SYNTH-4879,Human Resources,OFFICE,CONTRACT,9,4.3,5,5.0,99.71,-0.5,4,0,2.44,4,1,0.25,OCCASIONAL,0
EMP-SYNTH-4880,Product & Design,OFFICE,PART_TIME,4,6.9,2,2.45,49.35,0.5,0,0,0.0,8,0,0.0,FREQUENT,0
EMP-SYNTH-4881,Growth & Marketing,OFFICE,CONTRACT,5,4.2,4,4.21,86.92,1.0,1,1,2.58,0,0,0.0,NONE,0
EMP-SYNTH-4882,Human Resources,OFFICE,CONTRACT,3,7.0,3,2.58,50.52,0.5,1,1,1.41,0,0,0.0,FREQUENT,0
EMP-SYNTH-4883,Growth & Marketing,OFFICE,PART_TIME,2,8.2,5,5.0,104.68,1.0,2,2,0.06,3,3,1.0,FREQUENT,0
EMP-SYNTH-4884,Growth & Marketing,HYBRID,PART_TIME,8,2.2,4,3.57,66.7,-1.0,0,0,0.0,5,2,0.4,NONE,0
EMP-SYNTH-4885,Product & Design,REMOTE,CONTRACT,5,6.4,4,4.38,91.56,-1.0,5,3,0.29,4,3,0.75,OCCASIONAL,0
EMP-SYNTH-4886,Enterprise Sales,HYBRID,FULL_TIME,4,2.1,3,2.73,54.44,0.0,1,0,0.07,5,3,0.6,OCCASIONAL,0
EMP-SYNTH-4887,Human Resources,HYBRID,FULL_TIME,8,2.4,5,5.0,101.03,-1.0,4,2,2.4,5,1,0.2,FREQUENT,1
EMP-SYNTH-4888,Enterprise Sales,OFFICE,CONTRACT,4,7.4,5,4.71,91.84,1.0,4,3,0.85,2,1,0.5,NONE,0
EMP-SYNTH-4889,Product & Design,HYBRID,FULL_TIME,10,10.1,4,4.3,82.43,0.5,6,1,1.23,4,2,0.5,OCCASIONAL,0
EMP-SYNTH-4890,Engineering,OFFICE,CONTRACT,5,4.4,4,4.41,89.31,-1.0,0,0,0.0,7,7,1.0,NONE,0
EMP-SYNTH-4891,Growth & Marketing,REMOTE,CONTRACT,6,7.9,3,3.24,69.8,0.0,1,1,1.02,7,1,0.14,NONE,0
EMP-SYNTH-4892,Engineering,REMOTE,CONTRACT,6,10.2,2,1.8,32.34,-0.5,0,0,0.0,6,5,0.83,OCCASIONAL,1
EMP-SYNTH-4893,Human Resources,OFFICE,FULL_TIME,1,11.0,3,3.49,70.54,0.0,6,3,1.05,1,0,0.0,OCCASIONAL,1
EMP-SYNTH-4894,Product & Design,REMOTE,CONTRACT,7,9.1,3,3.21,64.89,0.0,5,1,1.34,6,0,0.0,NONE,1
EMP-SYNTH-4895,Engineering,REMOTE,CONTRACT,10,6.2,4,3.98,81.81,0.0,0,0,0.0,5,0,0.0,OCCASIONAL,0
EMP-SYNTH-4896,Growth & Marketing,OFFICE,CONTRACT,2,9.1,4,4.17,79.64,0.0,5,2,1.29,2,2,1.0,NONE,0
EMP-SYNTH-4897,Enterprise Sales,HYBRID,PART_TIME,2,7.7,3,2.76,55.69,1.0,2,1,1.44,3,1,0.33,FREQUENT,0
EMP-SYNTH-4898,Engineering,OFFICE,PART_TIME,8,6.9,5,5.0,101.75,0.0,1,0,0.79,1,0,0.0,OCCASIONAL,0
EMP-SYNTH-4899,Engineering,OFFICE,PART_TIME,10,5.7,5,4.81,94.2,-1.0,1,0,2.53,1,0,0.0,FREQUENT,1
EMP-SYNTH-4900,Enterprise Sales,OFFICE,CONTRACT,9,4.2,4,3.95,81.69,0.0,3,3,0.37,5,2,0.4,FREQUENT,0
EMP-SYNTH-4901,Product & Design,HYBRID,PART_TIME,8,9.3,3,2.8,51.03,-1.0,0,0,0.0,5,1,0.2,NONE,0
EMP-SYNTH-4902,Enterprise Sales,REMOTE,PART_TIME,7,6.0,3,3.29,66.94,0.0,6,3,0.87,3,1,0.33,FREQUENT,0
EMP-SYNTH-4903,Human Resources,REMOTE,FULL_TIME,4,1.9,4,4.32,89.67,0.0,3,0,2.96,1,0,0.0,OCCASIONAL,0
EMP-SYNTH-4904,Product & Design,OFFICE,FULL_TIME,10,5.2,2,2.4,43.9,0.0,6,2,1.44,8,8,1.0,NONE,0
EMP-SYNTH-4905,Human Resources,REMOTE,FULL_TIME,1,7.6,4,3.7,70.64,0.0,0,0,0.0,0,0,0.0,OCCASIONAL,0
EMP-SYNTH-4906,Enterprise Sales,REMOTE,PART_TIME,1,0.6,3,3.18,63.2,-1.0,1,0,2.95,7,0,0.0,NONE,1
EMP-SYNTH-4907,Product & Design,OFFICE,FULL_TIME,7,2.8,3,2.54,45.89,-0.5,0,0,0.0,5,1,0.2,OCCASIONAL,0
EMP-SYNTH-4908,Human Resources,REMOTE,PART_TIME,1,1.0,4,3.91,73.57,0.5,3,1,2.36,4,0,0.0,FREQUENT,0
EMP-SYNTH-4909,Enterprise Sales,OFFICE,PART_TIME,5,9.8,4,3.76,74.59,0.0,4,0,2.17,7,2,0.29,NONE,0
EMP-SYNTH-4910,Growth & Marketing,OFFICE,PART_TIME,6,6.0,4,4.39,86.24,0.5,4,1,0.57,6,1,0.17,FREQUENT,1
EMP-SYNTH-4911,Product & Design,OFFICE,PART_TIME,6,1.5,5,5.0,97.35,0.5,5,1,1.39,6,4,0.67,FREQUENT,0
EMP-SYNTH-4912,Enterprise Sales,HYBRID,PART_TIME,7,10.7,3,2.7,55.88,1.0,6,2,1.15,8,0,0.0,FREQUENT,0
EMP-SYNTH-4913,Growth & Marketing,REMOTE,PART_TIME,10,8.1,3,2.85,53.18,0.0,6,1,2.96,4,4,1.0,OCCASIONAL,0
EMP-SYNTH-4914,Product & Design,HYBRID,FULL_TIME,2,1.1,5,5.0,100.06,-0.5,5,3,2.77,1,0,0.0,NONE,0
EMP-SYNTH-4915,Human Resources,OFFICE,CONTRACT,9,3.3,3,3.48,70.96,0.5,4,0,2.09,3,2,0.67,NONE,0
EMP-SYNTH-4916,Enterprise Sales,OFFICE,PART_TIME,9,2.6,3,3.33,65.96,1.0,3,0,1.19,5,0,0.0,FREQUENT,0
EMP-SYNTH-4917,Engineering,HYBRID,CONTRACT,10,2.4,3,2.6,53.18,1.0,4,0,1.83,5,3,0.6,FREQUENT,0
EMP-SYNTH-4918,Growth & Marketing,HYBRID,FULL_TIME,3,3.3,4,3.93,80.53,-0.5,3,2,2.06,0,0,0.0,FREQUENT,1
EMP-SYNTH-4919,Enterprise Sales,OFFICE,FULL_TIME,2,1.5,2,2.34,43.22,0.0,1,0,0.34,3,0,0.0,OCCASIONAL,0
EMP-SYNTH-4920,Engineering,HYBRID,PART_TIME,4,12.0,3,3.16,60.63,0.0,6,0,1.82,5,4,0.8,OCCASIONAL,0
EMP-SYNTH-4921,Human Resources,REMOTE,CONTRACT,7,7.2,3,2.64,55.61,0.0,1,1,0.46,6,3,0.5,NONE,0
EMP-SYNTH-4922,Enterprise Sales,REMOTE,FULL_TIME,7,5.4,3,3.43,69.84,-0.5,1,0,0.03,3,3,1.0,NONE,0
EMP-SYNTH-4923,Enterprise Sales,OFFICE,PART_TIME,4,1.3,2,2.17,45.3,-0.5,3,0,0.48,3,1,0.33,FREQUENT,1
EMP-SYNTH-4924,Product & Design,HYBRID,CONTRACT,10,11.2,3,2.58,54.42,0.0,1,0,2.32,5,4,0.8,FREQUENT,0
EMP-SYNTH-4925,Enterprise Sales,OFFICE,CONTRACT,1,11.6,4,3.88,79.71,-0.5,1,0,2.6,3,3,1.0,FREQUENT,0
EMP-SYNTH-4926,Engineering,OFFICE,FULL_TIME,4,4.1,3,2.79,53.07,-1.0,5,0,0.99,3,1,0.33,FREQUENT,1
EMP-SYNTH-4927,Product & Design,HYBRID,FULL_TIME,4,8.5,4,3.92,73.79,0.5,0,0,0.0,2,2,1.0,NONE,0
EMP-SYNTH-4928,Growth & Marketing,HYBRID,FULL_TIME,7,3.9,4,4.31,83.67,1.0,0,0,0.0,6,3,0.5,FREQUENT,0
EMP-SYNTH-4929,Growth & Marketing,OFFICE,PART_TIME,4,3.8,3,2.54,52.08,-1.0,3,2,1.19,2,0,0.0,FREQUENT,1
EMP-SYNTH-4930,Enterprise Sales,OFFICE,CONTRACT,8,2.6,3,2.54,50.14,0.5,5,3,1.49,7,5,0.71,FREQUENT,0
EMP-SYNTH-4931,Human Resources,HYBRID,CONTRACT,7,6.8,4,4.21,89.06,-0.5,6,2,1.94,2,0,0.0,FREQUENT,1
EMP-SYNTH-4932,Growth & Marketing,HYBRID,PART_TIME,4,1.7,5,5.0,96.35,-0.5,5,3,1.73,5,1,0.2,FREQUENT,1
EMP-SYNTH-4933,Product & Design,OFFICE,PART_TIME,1,4.3,3,2.52,49.96,0.0,6,1,1.19,5,3,0.6,OCCASIONAL,0
EMP-SYNTH-4934,Growth & Marketing,OFFICE,CONTRACT,4,8.0,5,5.0,98.97,-1.0,6,0,2.68,6,5,0.83,NONE,0
EMP-SYNTH-4935,Product & Design,OFFICE,FULL_TIME,1,1.6,3,3.12,57.43,0.5,6,3,0.51,4,3,0.75,NONE,0
EMP-SYNTH-4936,Enterprise Sales,REMOTE,FULL_TIME,1,4.7,3,3.26,67.51,0.0,6,2,0.23,7,2,0.29,NONE,1
EMP-SYNTH-4937,Growth & Marketing,REMOTE,CONTRACT,3,3.4,3,2.78,57.1,0.5,4,0,1.87,5,4,0.8,OCCASIONAL,0
EMP-SYNTH-4938,Product & Design,OFFICE,PART_TIME,9,3.9,4,3.87,74.51,1.0,0,0,0.0,0,0,0.0,NONE,0
EMP-SYNTH-4939,Growth & Marketing,HYBRID,PART_TIME,9,7.3,3,3.03,61.32,0.5,6,2,0.32,7,2,0.29,OCCASIONAL,0
EMP-SYNTH-4940,Product & Design,OFFICE,PART_TIME,9,2.1,5,4.51,92.06,-0.5,6,1,0.29,3,0,0.0,FREQUENT,0
EMP-SYNTH-4941,Human Resources,REMOTE,FULL_TIME,1,0.6,2,2.45,51.54,0.5,4,0,0.87,6,4,0.67,FREQUENT,1
EMP-SYNTH-4942,Growth & Marketing,OFFICE,CONTRACT,4,3.5,3,2.5,50.86,0.0,5,2,1.95,6,0,0.0,OCCASIONAL,0
EMP-SYNTH-4943,Engineering,OFFICE,FULL_TIME,3,11.3,3,3.03,62.22,0.5,5,0,1.3,2,1,0.5,OCCASIONAL,0
EMP-SYNTH-4944,Enterprise Sales,REMOTE,FULL_TIME,3,10.6,4,4.36,91.4,0.5,6,2,0.91,4,3,0.75,NONE,0
EMP-SYNTH-4945,Engineering,REMOTE,PART_TIME,6,4.0,4,4.42,87.98,-1.0,5,0,1.32,0,0,0.0,FREQUENT,1
EMP-SYNTH-4946,Product & Design,HYBRID,PART_TIME,2,4.7,2,2.5,47.58,-1.0,5,1,0.22,3,1,0.33,NONE,1
EMP-SYNTH-4947,Growth & Marketing,OFFICE,PART_TIME,7,9.7,4,3.8,76.83,0.0,3,0,0.03,0,0,0.0,NONE,0
EMP-SYNTH-4948,Enterprise Sales,HYBRID,PART_TIME,6,1.3,4,3.79,78.24,-1.0,5,3,0.86,0,0,0.0,FREQUENT,1
EMP-SYNTH-4949,Product & Design,REMOTE,CONTRACT,2,8.8,2,2.38,52.53,-0.5,4,2,2.38,8,8,1.0,NONE,1
EMP-SYNTH-4950,Enterprise Sales,REMOTE,PART_TIME,8,2.4,3,3.25,67.95,0.0,6,2,1.49,8,5,0.62,FREQUENT,0
EMP-SYNTH-4951,Engineering,OFFICE,FULL_TIME,8,4.5,3,2.7,51.56,0.5,1,0,1.64,1,1,1.0,NONE,0
EMP-SYNTH-4952,Enterprise Sales,REMOTE,CONTRACT,9,10.7,4,4.25,87.5,1.0,6,1,0.93,7,6,0.86,FREQUENT,0
EMP-SYNTH-4953,Engineering,REMOTE,FULL_TIME,6,5.9,3,2.86,58.52,-0.5,0,0,0.0,4,3,0.75,NONE,0
EMP-SYNTH-4954,Human Resources,OFFICE,FULL_TIME,7,9.9,3,3.12,65.61,0.5,2,1,1.4,2,1,0.5,NONE,0
EMP-SYNTH-4955,Product & Design,REMOTE,CONTRACT,8,5.0,3,3.03,64.71,0.0,0,0,0.0,4,4,1.0,FREQUENT,0
EMP-SYNTH-4956,Human Resources,REMOTE,FULL_TIME,10,7.0,4,4.5,94.83,0.0,2,1,0.34,7,7,1.0,FREQUENT,0
EMP-SYNTH-4957,Engineering,HYBRID,CONTRACT,5,4.3,3,3.2,62.93,0.0,0,0,0.0,7,4,0.57,NONE,0
EMP-SYNTH-4958,Human Resources,REMOTE,CONTRACT,1,4.2,4,4.46,85.55,0.5,1,0,0.4,7,6,0.86,FREQUENT,0
EMP-SYNTH-4959,Enterprise Sales,OFFICE,PART_TIME,1,4.2,3,2.62,51.71,0.0,6,1,0.39,6,0,0.0,OCCASIONAL,0
EMP-SYNTH-4960,Product & Design,HYBRID,PART_TIME,4,7.9,4,3.85,73.63,0.0,5,0,1.55,0,0,0.0,OCCASIONAL,0
EMP-SYNTH-4961,Product & Design,REMOTE,FULL_TIME,1,8.6,3,3.48,72.16,0.5,3,1,2.41,0,0,0.0,FREQUENT,0
EMP-SYNTH-4962,Product & Design,HYBRID,CONTRACT,4,3.2,3,2.76,57.92,0.0,3,1,2.26,2,1,0.5,NONE,0
EMP-SYNTH-4963,Human Resources,HYBRID,PART_TIME,9,2.5,4,4.28,83.05,-1.0,5,3,2.26,7,2,0.29,OCCASIONAL,1
EMP-SYNTH-4964,Enterprise Sales,REMOTE,PART_TIME,5,6.7,4,4.03,83.14,-1.0,3,1,2.79,4,1,0.25,NONE,0
EMP-SYNTH-4965,Growth & Marketing,OFFICE,FULL_TIME,8,6.1,2,1.96,38.84,1.0,6,1,2.03,8,4,0.5,NONE,0
EMP-SYNTH-4966,Enterprise Sales,OFFICE,CONTRACT,3,5.8,3,2.58,46.85,0.0,2,0,2.17,8,0,0.0,FREQUENT,0
EMP-SYNTH-4967,Growth & Marketing,HYBRID,CONTRACT,4,1.7,4,3.94,77.54,1.0,2,2,2.38,7,5,0.71,NONE,0
EMP-SYNTH-4968,Human Resources,OFFICE,PART_TIME,5,4.5,4,4.01,80.94,-0.5,1,0,1.91,7,1,0.14,NONE,0
EMP-SYNTH-4969,Growth & Marketing,OFFICE,FULL_TIME,9,1.9,3,2.71,51.77,1.0,3,3,1.08,3,1,0.33,OCCASIONAL,0
EMP-SYNTH-4970,Product & Design,HYBRID,PART_TIME,5,4.4,3,3.17,62.5,1.0,6,0,0.63,2,0,0.0,FREQUENT,0
EMP-SYNTH-4971,Engineering,HYBRID,PART_TIME,2,7.5,4,4.0,82.11,1.0,2,1,0.95,8,3,0.38,NONE,0
EMP-SYNTH-4972,Growth & Marketing,HYBRID,PART_TIME,3,10.9,2,1.95,43.94,1.0,5,3,1.5,7,3,0.43,NONE,1
EMP-SYNTH-4973,Growth & Marketing,REMOTE,FULL_TIME,10,9.5,3,2.56,54.51,-1.0,5,1,0.64,8,1,0.12,FREQUENT,1
EMP-SYNTH-4974,Enterprise Sales,OFFICE,CONTRACT,4,2.1,1,1.39,26.24,0.0,3,0,0.39,4,4,1.0,NONE,0
EMP-SYNTH-4975,Human Resources,HYBRID,FULL_TIME,9,12.0,4,4.18,80.49,1.0,4,2,2.19,4,4,1.0,NONE,0
EMP-SYNTH-4976,Product & Design,HYBRID,FULL_TIME,2,6.6,4,4.46,84.76,-0.5,0,0,0.0,3,0,0.0,OCCASIONAL,0
EMP-SYNTH-4977,Human Resources,OFFICE,PART_TIME,9,0.7,5,4.57,89.5,0.5,1,0,2.86,8,4,0.5,FREQUENT,0
EMP-SYNTH-4978,Growth & Marketing,REMOTE,FULL_TIME,1,9.4,3,2.91,57.91,0.0,1,0,0.31,5,4,0.8,OCCASIONAL,0
EMP-SYNTH-4979,Product & Design,REMOTE,FULL_TIME,3,8.4,4,3.79,70.87,0.0,1,1,0.0,5,3,0.6,FREQUENT,0
EMP-SYNTH-4980,Engineering,HYBRID,PART_TIME,6,8.4,2,2.2,40.82,0.5,3,1,2.79,2,0,0.0,FREQUENT,1
EMP-SYNTH-4981,Product & Design,HYBRID,CONTRACT,8,1.7,3,2.92,59.98,-0.5,1,1,0.89,0,0,0.0,OCCASIONAL,0
EMP-SYNTH-4982,Enterprise Sales,REMOTE,PART_TIME,5,7.8,5,4.6,92.19,1.0,2,1,2.4,6,3,0.5,FREQUENT,0
EMP-SYNTH-4983,Growth & Marketing,HYBRID,CONTRACT,4,4.5,3,2.94,54.67,0.0,6,0,1.65,4,3,0.75,OCCASIONAL,0
EMP-SYNTH-4984,Engineering,HYBRID,CONTRACT,7,2.5,4,4.26,81.45,-1.0,1,0,2.42,4,1,0.25,OCCASIONAL,0
EMP-SYNTH-4985,Engineering,OFFICE,CONTRACT,6,7.9,2,1.56,30.22,-1.0,0,0,0.0,5,0,0.0,OCCASIONAL,0
EMP-SYNTH-4986,Product & Design,OFFICE,FULL_TIME,2,5.7,1,1.0,19.44,0.0,6,0,1.53,3,0,0.0,FREQUENT,0
EMP-SYNTH-4987,Engineering,REMOTE,FULL_TIME,7,6.3,5,4.63,96.04,0.0,1,0,1.31,8,1,0.12,NONE,0
EMP-SYNTH-4988,Enterprise Sales,REMOTE,CONTRACT,3,5.9,3,3.33,62.72,1.0,4,2,2.02,4,3,0.75,OCCASIONAL,1
EMP-SYNTH-4989,Human Resources,HYBRID,FULL_TIME,9,0.9,3,3.26,60.78,0.5,2,1,0.21,6,3,0.5,FREQUENT,0
EMP-SYNTH-4990,Enterprise Sales,REMOTE,FULL_TIME,9,1.9,5,4.55,94.84,1.0,4,0,0.45,3,3,1.0,NONE,0
EMP-SYNTH-4991,Human Resources,OFFICE,PART_TIME,1,10.8,4,4.11,83.21,0.5,0,0,0.0,3,2,0.67,OCCASIONAL,0
EMP-SYNTH-4992,Growth & Marketing,REMOTE,CONTRACT,4,6.7,5,4.89,96.25,0.5,3,2,0.63,6,3,0.5,NONE,0
EMP-SYNTH-4993,Human Resources,HYBRID,PART_TIME,3,6.0,4,4.1,79.97,0.5,1,1,2.02,0,0,0.0,NONE,1
EMP-SYNTH-4994,Human Resources,OFFICE,CONTRACT,1,10.9,3,3.48,72.94,-1.0,2,0,0.25,8,8,1.0,FREQUENT,1
EMP-SYNTH-4995,Growth & Marketing,HYBRID,FULL_TIME,8,1.1,2,2.33,44.57,0.5,4,0,0.71,0,0,0.0,NONE,0
EMP-SYNTH-4996,Enterprise Sales,HYBRID,CONTRACT,7,9.4,5,4.75,98.6,-1.0,4,0,1.71,2,1,0.5,OCCASIONAL,0
EMP-SYNTH-4997,Growth & Marketing,REMOTE,PART_TIME,9,11.0,3,2.87,55.43,0.0,4,1,2.55,7,0,0.0,NONE,1
EMP-SYNTH-4998,Enterprise Sales,REMOTE,CONTRACT,10,4.1,4,4.13,79.66,0.0,0,0,0.0,3,2,0.67,NONE,0
EMP-SYNTH-4999,Enterprise Sales,OFFICE,PART_TIME,8,11.0,3,2.55,54.06,-1.0,3,0,0.61,7,6,0.86,NONE,0
EMP-SYNTH-5000,Human Resources,HYBRID,FULL_TIME,7,7.2,3,2.74,56.82,0.5,2,1,1.03,2,2,1.0,FREQUENT,0
